transaction_id,wallet_id,entry_type,amount,balance_after,created_at
1f84082e-668e-499e-b855-edc9b37c7c44,4f64b206-7b74-44ce-b39f-89049ebd4e3f,credit,10000,10000,2025-07-31T16:48:16.146Z
fba6b78f-5ea3-4d3e-841b-7c57c52c28bd,4f64b206-7b74-44ce-b39f-89049ebd4e3f,credit,85000,95000,2025-08-01T16:48:16.146Z
2075ed7f-d2b5-469c-9e4d-7196a9c200b2,4f64b206-7b74-44ce-b39f-89049ebd4e3f,debit,726,94274,2025-08-01T16:48:16.146Z
2075ed7f-d2b5-469c-9e4d-7196a9c200b2,99326bcd-2ed0-4319-b6a7-a9d1ac39f1b2,credit,726,726,2025-08-01T16:48:16.146Z
3ac7ee5a-d288-4a37-9bec-0c8b854048d9,4f64b206-7b74-44ce-b39f-89049ebd4e3f,debit,3314,90960,2025-08-02T16:48:16.146Z
3ac7ee5a-d288-4a37-9bec-0c8b854048d9,8fecc2ac-282e-4044-a1dd-0ef257c60926,credit,3314,3314,2025-08-02T16:48:16.146Z
c73a5252-de1d-445d-b37b-cb00a9b526cc,4f64b206-7b74-44ce-b39f-89049ebd4e3f,debit,25000,65960,2025-08-03T16:48:16.146Z
c73a5252-de1d-445d-b37b-cb00a9b526cc,396aaa88-f522-47e1-a4dd-f2107cc69e7a,credit,25000,25000,2025-08-03T16:48:16.146Z
805aecca-2d12-446a-be56-a707e7accf29,4f64b206-7b74-44ce-b39f-89049ebd4e3f,debit,3546,62414,2025-08-05T16:48:16.146Z
805aecca-2d12-446a-be56-a707e7accf29,0e5d4bb0-d613-443b-beef-163eb4214b67,credit,3546,3546,2025-08-05T16:48:16.146Z
30214287-002f-4ed8-ad29-07fd107bbae3,4f64b206-7b74-44ce-b39f-89049ebd4e3f,debit,415,61999,2025-08-07T16:48:16.146Z
30214287-002f-4ed8-ad29-07fd107bbae3,99326bcd-2ed0-4319-b6a7-a9d1ac39f1b2,credit,415,1141,2025-08-07T16:48:16.146Z
be98a856-d126-46bc-8044-3ab91f184811,4f64b206-7b74-44ce-b39f-89049ebd4e3f,debit,394,61605,2025-08-08T16:48:16.146Z
be98a856-d126-46bc-8044-3ab91f184811,99326bcd-2ed0-4319-b6a7-a9d1ac39f1b2,credit,394,1535,2025-08-08T16:48:16.146Z
88a1e35b-90af-4a5b-a8ea-98fa465b9601,4f64b206-7b74-44ce-b39f-89049ebd4e3f,debit,2689,58916,2025-08-09T16:48:16.146Z
88a1e35b-90af-4a5b-a8ea-98fa465b9601,8fecc2ac-282e-4044-a1dd-0ef257c60926,credit,2689,6003,2025-08-09T16:48:16.146Z
18014e28-ca1a-43b7-87a4-3d96a354f46a,4f64b206-7b74-44ce-b39f-89049ebd4e3f,debit,263,58653,2025-08-09T16:48:16.146Z
18014e28-ca1a-43b7-87a4-3d96a354f46a,77f216ae-66bd-4d6b-9dcf-ac7ac8c779cc,credit,263,263,2025-08-09T16:48:16.146Z
22c98218-94e7-4612-be12-06a426a449d6,2e25c793-17ff-4230-b58d-17dfcc222464,credit,10000,10000,2025-08-10T16:48:16.146Z
4a8efb81-0f93-41e5-ba7c-a5a4a9816f1d,4f64b206-7b74-44ce-b39f-89049ebd4e3f,debit,199,58454,2025-08-10T16:48:16.146Z
4a8efb81-0f93-41e5-ba7c-a5a4a9816f1d,bcf7c323-ee7b-4313-95c0-68f74cfeb2bb,credit,199,199,2025-08-10T16:48:16.146Z
0b2804c1-115d-4fff-b568-17d84422c069,4f64b206-7b74-44ce-b39f-89049ebd4e3f,debit,699,57755,2025-08-10T16:48:16.146Z
0b2804c1-115d-4fff-b568-17d84422c069,8f5bd58f-2868-4aff-b5da-41454b5bb662,credit,699,699,2025-08-10T16:48:16.146Z
e58666fe-faaa-4592-ac49-8802d2e54c22,4f64b206-7b74-44ce-b39f-89049ebd4e3f,debit,737,57018,2025-08-10T16:48:16.146Z
e58666fe-faaa-4592-ac49-8802d2e54c22,99326bcd-2ed0-4319-b6a7-a9d1ac39f1b2,credit,737,2272,2025-08-10T16:48:16.146Z
40b6ac2c-5b52-47e8-bdcc-a18666915a7c,4f64b206-7b74-44ce-b39f-89049ebd4e3f,credit,36.85,57054.85,2025-08-10T16:48:16.146Z
7218996d-2803-45cc-97d1-42b0e687aa2a,2e25c793-17ff-4230-b58d-17dfcc222464,credit,6706,16706,2025-08-10T16:48:16.146Z
97d7e04e-da42-489d-9868-ef75caf2b81f,2e25c793-17ff-4230-b58d-17dfcc222464,debit,2079,14627,2025-08-10T16:48:16.146Z
97d7e04e-da42-489d-9868-ef75caf2b81f,68e8cdc4-a89c-4489-9d80-d6345ef95f59,credit,2079,2079,2025-08-10T16:48:16.146Z
7e9e2d39-fe9d-4fdc-a50c-d01736ce4f24,2e25c793-17ff-4230-b58d-17dfcc222464,credit,11600,26227,2025-08-11T16:48:16.146Z
c599e086-65ef-4e1a-a784-24e493009b64,2e25c793-17ff-4230-b58d-17dfcc222464,debit,629,25598,2025-08-11T16:48:16.146Z
c599e086-65ef-4e1a-a784-24e493009b64,8c25909a-227f-4d95-86a1-9033ec6e34a4,credit,629,629,2025-08-11T16:48:16.146Z
46651c83-bd8a-48e6-a748-f0a2197d51fe,2e25c793-17ff-4230-b58d-17dfcc222464,credit,11330,36928,2025-08-12T16:48:16.146Z
2b612c8f-3276-4fa3-b419-5988ed672b59,2e25c793-17ff-4230-b58d-17dfcc222464,debit,834,36094,2025-08-12T16:48:16.146Z
2b612c8f-3276-4fa3-b419-5988ed672b59,77f216ae-66bd-4d6b-9dcf-ac7ac8c779cc,credit,834,1097,2025-08-12T16:48:16.146Z
4c03d366-db4b-4452-899f-4bacf817bd4e,2e25c793-17ff-4230-b58d-17dfcc222464,credit,8702,44796,2025-08-13T16:48:16.146Z
9e99038d-0232-4a78-a90f-38d63ac53291,2e25c793-17ff-4230-b58d-17dfcc222464,debit,2622,42174,2025-08-14T16:48:16.146Z
9e99038d-0232-4a78-a90f-38d63ac53291,68e8cdc4-a89c-4489-9d80-d6345ef95f59,credit,2622,4701,2025-08-14T16:48:16.146Z
da6db0b3-6d55-4ca8-8ee9-5899213aa150,d53314e5-d645-464a-99cf-45ed1a35e9fd,credit,10000,10000,2025-08-15T16:48:16.146Z
c51100e2-6ccf-4067-8e7e-352d27ce2131,4f64b206-7b74-44ce-b39f-89049ebd4e3f,debit,508,56546.85,2025-08-15T16:48:16.146Z
c51100e2-6ccf-4067-8e7e-352d27ce2131,77f216ae-66bd-4d6b-9dcf-ac7ac8c779cc,credit,508,1605,2025-08-15T16:48:16.146Z
99107894-6a47-4d5c-8b1b-b2549af03457,2e25c793-17ff-4230-b58d-17dfcc222464,credit,9860,52034,2025-08-15T16:48:16.146Z
06c2c9b9-7870-4649-afc8-6bd839d27ba8,2e25c793-17ff-4230-b58d-17dfcc222464,debit,45753,6281,2025-08-15T16:48:16.146Z
06c2c9b9-7870-4649-afc8-6bd839d27ba8,78d754c3-7421-45c6-af19-62af10c7d7a7,credit,45753,45753,2025-08-15T16:48:16.146Z
96a89274-df0d-4f3c-84b1-f4128333f8dd,d53314e5-d645-464a-99cf-45ed1a35e9fd,debit,388,9612,2025-08-15T16:48:16.146Z
96a89274-df0d-4f3c-84b1-f4128333f8dd,77f216ae-66bd-4d6b-9dcf-ac7ac8c779cc,credit,388,1993,2025-08-15T16:48:16.146Z
7fe7a1cf-18a1-49cc-970b-384d47915efa,4f64b206-7b74-44ce-b39f-89049ebd4e3f,debit,2976,53570.85,2025-08-16T16:48:16.146Z
7fe7a1cf-18a1-49cc-970b-384d47915efa,8fecc2ac-282e-4044-a1dd-0ef257c60926,credit,2976,8979,2025-08-16T16:48:16.146Z
4d26b1f3-72e9-454f-bb35-295c4622dbd7,4f64b206-7b74-44ce-b39f-89049ebd4e3f,debit,1577,51993.85,2025-08-16T16:48:16.146Z
4d26b1f3-72e9-454f-bb35-295c4622dbd7,68e8cdc4-a89c-4489-9d80-d6345ef95f59,credit,1577,6278,2025-08-16T16:48:16.146Z
8524fd5e-caaa-4f1f-b080-877def725639,2e25c793-17ff-4230-b58d-17dfcc222464,credit,5257,11538,2025-08-16T16:48:16.146Z
713b8abc-e25f-44a3-829b-3f03431deaef,2e25c793-17ff-4230-b58d-17dfcc222464,credit,15017,26555,2025-08-16T16:48:16.146Z
e7bfb419-0b1f-4e7d-92fa-e4205a37e4ae,2e25c793-17ff-4230-b58d-17dfcc222464,credit,16985,43540,2025-08-17T16:48:16.146Z
cf71f1d7-91d6-435e-b608-99d7cd45439e,2e25c793-17ff-4230-b58d-17dfcc222464,credit,9518,53058,2025-08-17T16:48:16.146Z
c4e9f8b4-f640-4c7c-8582-741c521eb6de,2e25c793-17ff-4230-b58d-17dfcc222464,debit,512,52546,2025-08-17T16:48:16.146Z
c4e9f8b4-f640-4c7c-8582-741c521eb6de,77f216ae-66bd-4d6b-9dcf-ac7ac8c779cc,credit,512,2505,2025-08-17T16:48:16.146Z
a60c25c3-5dc9-48ed-9fd4-00540ac64f66,2e25c793-17ff-4230-b58d-17dfcc222464,credit,7504,60050,2025-08-18T16:48:16.146Z
d931c1b8-c07a-40c4-b0c5-4383e3bad3b2,2e25c793-17ff-4230-b58d-17dfcc222464,credit,16468,76518,2025-08-18T16:48:16.146Z
4d9ee42b-b2fc-4f4b-974a-7fc072c33d2d,2e25c793-17ff-4230-b58d-17dfcc222464,credit,13112,89630,2025-08-18T16:48:16.146Z
c78114b9-a924-48e2-ae04-222ec370a3c8,d53314e5-d645-464a-99cf-45ed1a35e9fd,debit,570,9042,2025-08-18T16:48:16.146Z
c78114b9-a924-48e2-ae04-222ec370a3c8,99326bcd-2ed0-4319-b6a7-a9d1ac39f1b2,credit,570,2842,2025-08-18T16:48:16.146Z
1399ab56-687d-4eae-99df-e1254f063b72,2e25c793-17ff-4230-b58d-17dfcc222464,credit,14472,104102,2025-08-19T16:48:16.146Z
63b81d09-56b7-456a-aa33-2c9d1e9f48dc,d53314e5-d645-464a-99cf-45ed1a35e9fd,debit,1610,7432,2025-08-19T16:48:16.146Z
63b81d09-56b7-456a-aa33-2c9d1e9f48dc,68e8cdc4-a89c-4489-9d80-d6345ef95f59,credit,1610,7888,2025-08-19T16:48:16.146Z
5a011617-f514-4356-989b-54cf7245ae4e,2e25c793-17ff-4230-b58d-17dfcc222464,credit,8122,112224,2025-08-20T16:48:16.146Z
7d33cab0-8228-4801-b594-899a9c9bc697,2e25c793-17ff-4230-b58d-17dfcc222464,credit,8521,120745,2025-08-21T16:48:16.146Z
d9f5ddd5-8a5c-4861-9272-a617726bc1de,d53314e5-d645-464a-99cf-45ed1a35e9fd,debit,649,6783,2025-08-21T16:48:16.146Z
d9f5ddd5-8a5c-4861-9272-a617726bc1de,99326bcd-2ed0-4319-b6a7-a9d1ac39f1b2,credit,649,3491,2025-08-21T16:48:16.146Z
902848d1-1e78-48a1-90c4-4db2b5c9274e,4f64b206-7b74-44ce-b39f-89049ebd4e3f,debit,3201,48792.85,2025-08-22T16:48:16.146Z
902848d1-1e78-48a1-90c4-4db2b5c9274e,68e8cdc4-a89c-4489-9d80-d6345ef95f59,credit,3201,11089,2025-08-22T16:48:16.146Z
7ff961d3-3025-4a9b-b7b3-5f44c5596f58,2e25c793-17ff-4230-b58d-17dfcc222464,credit,11308,132053,2025-08-22T16:48:16.146Z
2dc89fe8-4850-41d2-b928-fe9bf74ffcef,2e25c793-17ff-4230-b58d-17dfcc222464,credit,5810,137863,2025-08-22T16:48:16.146Z
366a17e9-8655-41d9-98f0-19bf565e61a2,4f64b206-7b74-44ce-b39f-89049ebd4e3f,debit,2338,46454.85,2025-08-23T16:48:16.146Z
366a17e9-8655-41d9-98f0-19bf565e61a2,8fecc2ac-282e-4044-a1dd-0ef257c60926,credit,2338,11317,2025-08-23T16:48:16.146Z
62545bd2-b093-4a18-9867-f2598915f0d2,2e25c793-17ff-4230-b58d-17dfcc222464,credit,9267,147130,2025-08-23T16:48:16.146Z
681bd1e0-b96e-4b69-9313-b9022654e487,2e25c793-17ff-4230-b58d-17dfcc222464,debit,1438,145692,2025-08-23T16:48:16.146Z
681bd1e0-b96e-4b69-9313-b9022654e487,68e8cdc4-a89c-4489-9d80-d6345ef95f59,credit,1438,12527,2025-08-23T16:48:16.146Z
6b53fbef-845b-4782-a3aa-9a0eabdbf6a0,2e25c793-17ff-4230-b58d-17dfcc222464,credit,12916,158608,2025-08-24T16:48:16.146Z
c02adc8f-a42c-415f-92a9-0bf309969698,2e25c793-17ff-4230-b58d-17dfcc222464,credit,7374,165982,2025-08-24T16:48:16.146Z
d3e00f6b-ee1e-4829-9c9e-a76c14b6f9f7,2e25c793-17ff-4230-b58d-17dfcc222464,debit,754,165228,2025-08-24T16:48:16.146Z
d3e00f6b-ee1e-4829-9c9e-a76c14b6f9f7,77f216ae-66bd-4d6b-9dcf-ac7ac8c779cc,credit,754,3259,2025-08-24T16:48:16.146Z
26d281d3-4661-4eaf-9319-42bb459c4397,dfffab37-7984-45e6-bfd9-bcb0617b8a82,credit,10000,10000,2025-08-25T16:48:16.146Z
418ef853-640f-4b82-af0e-6014e821adbd,4f64b206-7b74-44ce-b39f-89049ebd4e3f,debit,1424,45030.85,2025-08-25T16:48:16.146Z
418ef853-640f-4b82-af0e-6014e821adbd,68e8cdc4-a89c-4489-9d80-d6345ef95f59,credit,1424,13951,2025-08-25T16:48:16.146Z
6a56544a-9dcb-432f-ac19-bf867bdbd2a2,2e25c793-17ff-4230-b58d-17dfcc222464,credit,13360,178588,2025-08-25T16:48:16.146Z
3e5c94ce-7418-4a3c-8818-0ddcf75a0c4e,2e25c793-17ff-4230-b58d-17dfcc222464,debit,27758,150830,2025-08-25T16:48:16.146Z
3e5c94ce-7418-4a3c-8818-0ddcf75a0c4e,78d754c3-7421-45c6-af19-62af10c7d7a7,credit,27758,73511,2025-08-25T16:48:16.146Z
3c4640f2-6d16-47a9-b20d-c0edacf3c98b,2e25c793-17ff-4230-b58d-17dfcc222464,debit,387,150443,2025-08-25T16:48:16.146Z
3c4640f2-6d16-47a9-b20d-c0edacf3c98b,8c25909a-227f-4d95-86a1-9033ec6e34a4,credit,387,1016,2025-08-25T16:48:16.146Z
9aae1655-6724-4c45-b2da-10a4e0321e25,4f64b206-7b74-44ce-b39f-89049ebd4e3f,debit,3023,42007.85,2025-08-26T16:48:16.146Z
9aae1655-6724-4c45-b2da-10a4e0321e25,68e8cdc4-a89c-4489-9d80-d6345ef95f59,credit,3023,16974,2025-08-26T16:48:16.146Z
e3ecf49a-0d81-4170-873e-33d1e24b1107,2e25c793-17ff-4230-b58d-17dfcc222464,credit,7900,158343,2025-08-26T16:48:16.146Z
e0edec09-81ec-4513-88d6-6c088a608d11,2e25c793-17ff-4230-b58d-17dfcc222464,credit,9851,168194,2025-08-26T16:48:16.146Z
1eeff958-6a73-4cda-b0c3-ac4b8aa848eb,cc817b0a-5cde-4437-9047-eb0a6c1b8735,credit,10000,10000,2025-08-27T16:48:16.146Z
0db177e8-1f5f-42be-914b-792e7af5c653,2e25c793-17ff-4230-b58d-17dfcc222464,credit,7451,175645,2025-08-27T16:48:16.146Z
8712ce36-b844-41b8-b900-4486b772c1f4,2e25c793-17ff-4230-b58d-17dfcc222464,credit,16042,191687,2025-08-27T16:48:16.146Z
b5dcb7f3-3296-4042-9a70-fb2a39d9950b,2e25c793-17ff-4230-b58d-17dfcc222464,credit,15410,207097,2025-08-27T16:48:16.146Z
dd526abb-5f80-4d7f-b2cb-c5fb2c345f58,dfffab37-7984-45e6-bfd9-bcb0617b8a82,debit,257,9743,2025-08-27T16:48:16.146Z
dd526abb-5f80-4d7f-b2cb-c5fb2c345f58,99326bcd-2ed0-4319-b6a7-a9d1ac39f1b2,credit,257,3748,2025-08-27T16:48:16.146Z
c5949d9a-ee81-40b8-b407-a925db2b7d7b,2e25c793-17ff-4230-b58d-17dfcc222464,credit,13361,220458,2025-08-28T16:48:16.146Z
5c81e5a2-4288-457d-bb82-59668fcab99f,cc817b0a-5cde-4437-9047-eb0a6c1b8735,debit,99,9901,2025-08-28T16:48:16.146Z
5c81e5a2-4288-457d-bb82-59668fcab99f,dfffab37-7984-45e6-bfd9-bcb0617b8a82,credit,99,9842,2025-08-28T16:48:16.146Z
eb9d4c7d-93eb-4f9c-9dea-1cd0e6e311aa,2e25c793-17ff-4230-b58d-17dfcc222464,credit,10874,231332,2025-08-29T16:48:16.146Z
cab493f7-6467-456e-a37b-a1dfec36cce2,2e25c793-17ff-4230-b58d-17dfcc222464,credit,12342,243674,2025-08-29T16:48:16.146Z
2260615b-9c75-4d0b-9d33-acc3586ff04e,d53314e5-d645-464a-99cf-45ed1a35e9fd,debit,562,6221,2025-08-29T16:48:16.146Z
2260615b-9c75-4d0b-9d33-acc3586ff04e,99326bcd-2ed0-4319-b6a7-a9d1ac39f1b2,credit,562,4310,2025-08-29T16:48:16.146Z
1fdc2e57-3d23-4a0f-8295-dd2add95a6cb,d53314e5-d645-464a-99cf-45ed1a35e9fd,credit,28.1,6249.1,2025-08-29T16:48:16.146Z
4901fd88-23c2-4569-b4d1-ad5a8c805240,cc817b0a-5cde-4437-9047-eb0a6c1b8735,debit,244,9657,2025-08-29T16:48:16.146Z
4901fd88-23c2-4569-b4d1-ad5a8c805240,dfffab37-7984-45e6-bfd9-bcb0617b8a82,credit,244,10086,2025-08-29T16:48:16.146Z
d53f552b-fdc5-48af-a702-377bc16d8917,4f64b206-7b74-44ce-b39f-89049ebd4e3f,debit,2735,39272.85,2025-08-30T16:48:16.146Z
d53f552b-fdc5-48af-a702-377bc16d8917,8fecc2ac-282e-4044-a1dd-0ef257c60926,credit,2735,14052,2025-08-30T16:48:16.146Z
54a8294e-52be-4e0d-8051-8b6ee11c0489,2e25c793-17ff-4230-b58d-17dfcc222464,credit,12843,256517,2025-08-30T16:48:16.146Z
e2c8c0ec-ade5-4792-bee8-cca9e85b4912,4f64b206-7b74-44ce-b39f-89049ebd4e3f,debit,534,38738.85,2025-08-31T16:48:16.146Z
e2c8c0ec-ade5-4792-bee8-cca9e85b4912,77f216ae-66bd-4d6b-9dcf-ac7ac8c779cc,credit,534,3793,2025-08-31T16:48:16.146Z
909f3ec4-0b4a-494f-89b5-581e4cf7b1be,2e25c793-17ff-4230-b58d-17dfcc222464,credit,6851,263368,2025-08-31T16:48:16.146Z
83545711-437e-4584-9990-55af5f6b09d0,2e25c793-17ff-4230-b58d-17dfcc222464,credit,15826,279194,2025-08-31T16:48:16.146Z
9c304d98-1115-4f19-82dd-2c0bc3c2fdca,d53314e5-d645-464a-99cf-45ed1a35e9fd,debit,700,5549.1,2025-08-31T16:48:16.146Z
9c304d98-1115-4f19-82dd-2c0bc3c2fdca,99326bcd-2ed0-4319-b6a7-a9d1ac39f1b2,credit,700,5010,2025-08-31T16:48:16.146Z
2c658750-34cb-4261-9a9c-93b746afe384,dfffab37-7984-45e6-bfd9-bcb0617b8a82,credit,5000,15086,2025-08-31T16:48:16.146Z
daac5137-cca6-42f6-9336-34f84e46e92f,cc817b0a-5cde-4437-9047-eb0a6c1b8735,credit,4000,13657,2025-08-31T16:48:16.146Z
eae5e8fa-bd74-4d49-8a36-c895e2c3d7c7,cc817b0a-5cde-4437-9047-eb0a6c1b8735,debit,175,13482,2025-08-31T16:48:16.146Z
eae5e8fa-bd74-4d49-8a36-c895e2c3d7c7,dfffab37-7984-45e6-bfd9-bcb0617b8a82,credit,175,15261,2025-08-31T16:48:16.146Z
fb2febd7-cffb-48a1-af28-685884ddea78,4f64b206-7b74-44ce-b39f-89049ebd4e3f,credit,85000,123738.85,2025-09-01T16:48:16.146Z
3f5924fc-0a3b-4c5c-b7bb-5c3b83b3de28,4f64b206-7b74-44ce-b39f-89049ebd4e3f,debit,464,123274.85,2025-09-01T16:48:16.146Z
3f5924fc-0a3b-4c5c-b7bb-5c3b83b3de28,99326bcd-2ed0-4319-b6a7-a9d1ac39f1b2,credit,464,5474,2025-09-01T16:48:16.146Z
83422804-334e-4c81-8f1e-9ba3e6460248,2e25c793-17ff-4230-b58d-17dfcc222464,credit,13117,292311,2025-09-01T16:48:16.146Z
3cef82dc-bbdf-49e9-bca4-e8954b5f02a0,d53314e5-d645-464a-99cf-45ed1a35e9fd,credit,120000,125549.1,2025-09-01T16:48:16.146Z
e04b2f4b-3209-407f-a3e9-0588d9abd28a,d53314e5-d645-464a-99cf-45ed1a35e9fd,debit,2437,123112.1,2025-09-01T16:48:16.146Z
e04b2f4b-3209-407f-a3e9-0588d9abd28a,68e8cdc4-a89c-4489-9d80-d6345ef95f59,credit,2437,19411,2025-09-01T16:48:16.146Z
d9a0449b-6aa5-4afe-a3de-7eca55bf9430,cc817b0a-5cde-4437-9047-eb0a6c1b8735,debit,179,13303,2025-09-01T16:48:16.146Z
d9a0449b-6aa5-4afe-a3de-7eca55bf9430,77f216ae-66bd-4d6b-9dcf-ac7ac8c779cc,credit,179,3972,2025-09-01T16:48:16.146Z
27d45e8f-0d1e-4900-b523-2fdf279ac5cb,2e25c793-17ff-4230-b58d-17dfcc222464,credit,4576,296887,2025-09-02T16:48:16.146Z
91c4cf0e-309d-4f83-8324-64fdf8d5ea27,2e25c793-17ff-4230-b58d-17dfcc222464,credit,9789,306676,2025-09-02T16:48:16.146Z
60eb6d44-3d03-44a9-991c-8ae978011e81,2e25c793-17ff-4230-b58d-17dfcc222464,debit,35000,271676,2025-09-02T16:48:16.146Z
60eb6d44-3d03-44a9-991c-8ae978011e81,396aaa88-f522-47e1-a4dd-f2107cc69e7a,credit,35000,60000,2025-09-02T16:48:16.146Z
614dd245-bd5e-466e-9f97-4dfab789395b,2e25c793-17ff-4230-b58d-17dfcc222464,debit,605,271071,2025-09-02T16:48:16.146Z
614dd245-bd5e-466e-9f97-4dfab789395b,8c25909a-227f-4d95-86a1-9033ec6e34a4,credit,605,1621,2025-09-02T16:48:16.146Z
00d5e3f8-d668-40ac-ae35-d26fae8f3d41,dfffab37-7984-45e6-bfd9-bcb0617b8a82,debit,144,15117,2025-09-02T16:48:16.146Z
00d5e3f8-d668-40ac-ae35-d26fae8f3d41,77f216ae-66bd-4d6b-9dcf-ac7ac8c779cc,credit,144,4116,2025-09-02T16:48:16.146Z
6ad5fc85-d5bc-464a-b405-6676eab68afb,dfffab37-7984-45e6-bfd9-bcb0617b8a82,credit,7.2,15124.2,2025-09-02T16:48:16.146Z
287219f3-0770-435a-ba82-88292e8529e2,4f64b206-7b74-44ce-b39f-89049ebd4e3f,debit,25000,98274.85,2025-09-03T16:48:16.146Z
287219f3-0770-435a-ba82-88292e8529e2,396aaa88-f522-47e1-a4dd-f2107cc69e7a,credit,25000,85000,2025-09-03T16:48:16.146Z
26186e05-ab63-4429-b774-7354ae42d094,4f64b206-7b74-44ce-b39f-89049ebd4e3f,debit,3550,94724.85,2025-09-03T16:48:16.146Z
26186e05-ab63-4429-b774-7354ae42d094,68e8cdc4-a89c-4489-9d80-d6345ef95f59,credit,3550,22961,2025-09-03T16:48:16.146Z
3b7e62ac-1866-4885-936e-8ec71bd74535,4f64b206-7b74-44ce-b39f-89049ebd4e3f,credit,177.5,94902.35,2025-09-03T16:48:16.146Z
cbfd7bc1-f368-4bb6-a7a6-25fb5f5c1974,2e25c793-17ff-4230-b58d-17dfcc222464,credit,13343,284414,2025-09-03T16:48:16.146Z
977a2d28-6710-4b18-baed-e196c589a355,2e25c793-17ff-4230-b58d-17dfcc222464,credit,10187,294601,2025-09-03T16:48:16.146Z
d210c577-895c-4042-ba79-1f0b5923cefd,d53314e5-d645-464a-99cf-45ed1a35e9fd,debit,351,122761.1,2025-09-03T16:48:16.146Z
d210c577-895c-4042-ba79-1f0b5923cefd,99326bcd-2ed0-4319-b6a7-a9d1ac39f1b2,credit,351,5825,2025-09-03T16:48:16.146Z
bffa2bc5-e461-485b-a772-6ca7388098a9,dfffab37-7984-45e6-bfd9-bcb0617b8a82,debit,381,14743.2,2025-09-03T16:48:16.146Z
bffa2bc5-e461-485b-a772-6ca7388098a9,99326bcd-2ed0-4319-b6a7-a9d1ac39f1b2,credit,381,6206,2025-09-03T16:48:16.146Z
f35ef817-dad6-4d19-b0fd-e58079235df1,cc817b0a-5cde-4437-9047-eb0a6c1b8735,debit,216,13087,2025-09-03T16:48:16.146Z
f35ef817-dad6-4d19-b0fd-e58079235df1,dfffab37-7984-45e6-bfd9-bcb0617b8a82,credit,216,14959.2,2025-09-03T16:48:16.146Z
0d319af0-5221-4e8c-9565-81c31e044021,2e25c793-17ff-4230-b58d-17dfcc222464,credit,7442,302043,2025-09-04T16:48:16.146Z
de51a58b-5dbc-4fcc-aeb8-48a38200b481,2e25c793-17ff-4230-b58d-17dfcc222464,debit,401,301642,2025-09-04T16:48:16.146Z
de51a58b-5dbc-4fcc-aeb8-48a38200b481,77f216ae-66bd-4d6b-9dcf-ac7ac8c779cc,credit,401,4517,2025-09-04T16:48:16.146Z
a9733df3-dbbe-4506-be69-18cf3af14fb9,dfffab37-7984-45e6-bfd9-bcb0617b8a82,debit,512,14447.2,2025-09-04T16:48:16.146Z
a9733df3-dbbe-4506-be69-18cf3af14fb9,68e8cdc4-a89c-4489-9d80-d6345ef95f59,credit,512,23473,2025-09-04T16:48:16.146Z
13986e64-0dd9-4eba-a2a8-e1b4f6a15bae,cc817b0a-5cde-4437-9047-eb0a6c1b8735,debit,411,12676,2025-09-04T16:48:16.146Z
13986e64-0dd9-4eba-a2a8-e1b4f6a15bae,99326bcd-2ed0-4319-b6a7-a9d1ac39f1b2,credit,411,6617,2025-09-04T16:48:16.146Z
c00b8721-b445-4876-99cd-2356050d832b,4f64b206-7b74-44ce-b39f-89049ebd4e3f,debit,2661,92241.35,2025-09-05T16:48:16.146Z
c00b8721-b445-4876-99cd-2356050d832b,0e5d4bb0-d613-443b-beef-163eb4214b67,credit,2661,6207,2025-09-05T16:48:16.146Z
1d1f6498-00ab-4f26-9a46-58a8ba12cb63,2e25c793-17ff-4230-b58d-17dfcc222464,debit,55944,245698,2025-09-05T16:48:16.146Z
1d1f6498-00ab-4f26-9a46-58a8ba12cb63,78d754c3-7421-45c6-af19-62af10c7d7a7,credit,55944,129455,2025-09-05T16:48:16.146Z
fc5bc517-cb98-42f8-8ea2-f648d0e55555,d53314e5-d645-464a-99cf-45ed1a35e9fd,debit,620,122141.1,2025-09-05T16:48:16.146Z
fc5bc517-cb98-42f8-8ea2-f648d0e55555,99326bcd-2ed0-4319-b6a7-a9d1ac39f1b2,credit,620,7237,2025-09-05T16:48:16.146Z
8559e175-67cc-4434-9632-fae5a02e37d8,4f64b206-7b74-44ce-b39f-89049ebd4e3f,debit,2202,90039.35,2025-09-06T16:48:16.146Z
8559e175-67cc-4434-9632-fae5a02e37d8,8fecc2ac-282e-4044-a1dd-0ef257c60926,credit,2202,16254,2025-09-06T16:48:16.146Z
a750ac66-4f17-4747-bab0-bedc2f146129,4f64b206-7b74-44ce-b39f-89049ebd4e3f,debit,3324,86715.35,2025-09-06T16:48:16.146Z
a750ac66-4f17-4747-bab0-bedc2f146129,68e8cdc4-a89c-4489-9d80-d6345ef95f59,credit,3324,26797,2025-09-06T16:48:16.146Z
8ed1e6e4-c811-4d78-9124-e71bf9fd74fb,2e25c793-17ff-4230-b58d-17dfcc222464,credit,11235,256933,2025-09-06T16:48:16.146Z
99ecdc05-0f99-49bc-a491-6a4d6238ad4d,d53314e5-d645-464a-99cf-45ed1a35e9fd,debit,294,121847.1,2025-09-06T16:48:16.146Z
99ecdc05-0f99-49bc-a491-6a4d6238ad4d,77f216ae-66bd-4d6b-9dcf-ac7ac8c779cc,credit,294,4811,2025-09-06T16:48:16.146Z
2ae2cf8a-815a-4e25-8357-7544dc4327fa,dfffab37-7984-45e6-bfd9-bcb0617b8a82,debit,658,13789.2,2025-09-06T16:48:16.146Z
2ae2cf8a-815a-4e25-8357-7544dc4327fa,68e8cdc4-a89c-4489-9d80-d6345ef95f59,credit,658,27455,2025-09-06T16:48:16.146Z
813fc5b8-0663-4ccc-b598-846dcafbe505,2e25c793-17ff-4230-b58d-17dfcc222464,credit,4763,261696,2025-09-07T16:48:16.146Z
bca12408-aef6-48f4-a005-5964bd0df25a,2e25c793-17ff-4230-b58d-17dfcc222464,credit,5820,267516,2025-09-07T16:48:16.146Z
221591d4-1910-46b9-92fe-a9824999374c,2e25c793-17ff-4230-b58d-17dfcc222464,debit,18000,249516,2025-09-07T16:48:16.146Z
221591d4-1910-46b9-92fe-a9824999374c,655846c2-aeb1-41c7-b562-4937ad6f5c8b,credit,18000,18000,2025-09-07T16:48:16.146Z
fc454ab9-f354-4e6a-a032-eeca672c9ff7,dfffab37-7984-45e6-bfd9-bcb0617b8a82,credit,5000,18789.2,2025-09-07T16:48:16.146Z
72cf7607-1d73-48fa-9533-70f8c6e5f62e,cc817b0a-5cde-4437-9047-eb0a6c1b8735,credit,4000,16676,2025-09-07T16:48:16.146Z
2279f630-7e02-439f-9af3-98b5fbd16e2c,cc817b0a-5cde-4437-9047-eb0a6c1b8735,debit,208,16468,2025-09-07T16:48:16.146Z
2279f630-7e02-439f-9af3-98b5fbd16e2c,77f216ae-66bd-4d6b-9dcf-ac7ac8c779cc,credit,208,5019,2025-09-07T16:48:16.146Z
ba13f69b-585a-426f-b267-45bb27de823f,cc817b0a-5cde-4437-9047-eb0a6c1b8735,credit,10.4,16478.4,2025-09-07T16:48:16.146Z
92dd174d-e8f7-45b6-96b5-681577e1008c,2e25c793-17ff-4230-b58d-17dfcc222464,credit,13356,262872,2025-09-08T16:48:16.146Z
7e6542df-0ecc-457b-8620-576db079c557,2e25c793-17ff-4230-b58d-17dfcc222464,credit,16381,279253,2025-09-08T16:48:16.146Z
a1a79a8f-d446-4628-9a7c-d620c0dcb1f5,2e25c793-17ff-4230-b58d-17dfcc222464,credit,14436,293689,2025-09-08T16:48:16.146Z
fdbd62b9-dcd0-46fd-8468-841e18a4b8ed,2e25c793-17ff-4230-b58d-17dfcc222464,debit,5881,287808,2025-09-08T16:48:16.146Z
fdbd62b9-dcd0-46fd-8468-841e18a4b8ed,68e8cdc4-a89c-4489-9d80-d6345ef95f59,credit,5881,33336,2025-09-08T16:48:16.146Z
8b54a709-517f-43d1-9f75-e3b43b04576c,dfffab37-7984-45e6-bfd9-bcb0617b8a82,debit,141,18648.2,2025-09-08T16:48:16.146Z
8b54a709-517f-43d1-9f75-e3b43b04576c,77f216ae-66bd-4d6b-9dcf-ac7ac8c779cc,credit,141,5160,2025-09-08T16:48:16.146Z
0d24cbca-598c-46ca-a68e-fea974f375d9,cc817b0a-5cde-4437-9047-eb0a6c1b8735,debit,128,16350.400000000001,2025-09-08T16:48:16.146Z
0d24cbca-598c-46ca-a68e-fea974f375d9,dfffab37-7984-45e6-bfd9-bcb0617b8a82,credit,128,18776.2,2025-09-08T16:48:16.146Z
de684385-0473-4414-91cb-721f0d504ee5,4c9659e2-39a0-491a-9392-94dfda2a7ad5,credit,10000,10000,2025-09-09T16:48:16.146Z
b1fb37f0-8d58-4921-a4ce-9afffc35795b,2e25c793-17ff-4230-b58d-17dfcc222464,credit,16092,303900,2025-09-09T16:48:16.146Z
38ad9717-97e5-4104-9498-0b14c2b367dc,2e25c793-17ff-4230-b58d-17dfcc222464,credit,15674,319574,2025-09-09T16:48:16.146Z
3868c27c-dc6b-4735-b5b9-09c6852f5524,4c9659e2-39a0-491a-9392-94dfda2a7ad5,debit,1609,8391,2025-09-09T16:48:16.146Z
3868c27c-dc6b-4735-b5b9-09c6852f5524,8fecc2ac-282e-4044-a1dd-0ef257c60926,credit,1609,17863,2025-09-09T16:48:16.146Z
e475f7c4-7a4e-421e-b612-ec145cead642,4f64b206-7b74-44ce-b39f-89049ebd4e3f,debit,199,86516.35,2025-09-10T16:48:16.146Z
e475f7c4-7a4e-421e-b612-ec145cead642,bcf7c323-ee7b-4313-95c0-68f74cfeb2bb,credit,199,398,2025-09-10T16:48:16.146Z
a151d17b-d327-47f1-8f1c-10afc39c36a2,4f64b206-7b74-44ce-b39f-89049ebd4e3f,debit,699,85817.35,2025-09-10T16:48:16.146Z
a151d17b-d327-47f1-8f1c-10afc39c36a2,8f5bd58f-2868-4aff-b5da-41454b5bb662,credit,699,1398,2025-09-10T16:48:16.146Z
409ec4ef-9658-4667-915e-8c07d25757ec,4f64b206-7b74-44ce-b39f-89049ebd4e3f,debit,415,85402.35,2025-09-10T16:48:16.146Z
409ec4ef-9658-4667-915e-8c07d25757ec,77f216ae-66bd-4d6b-9dcf-ac7ac8c779cc,credit,415,5575,2025-09-10T16:48:16.146Z
51807818-24a1-4066-8294-2c3614dc017a,2e25c793-17ff-4230-b58d-17dfcc222464,credit,17340,336914,2025-09-10T16:48:16.146Z
ad396f48-8d89-4dec-85d4-3ab8bc515b0c,2e25c793-17ff-4230-b58d-17dfcc222464,credit,9072,345986,2025-09-11T16:48:16.146Z
f3ff6366-0810-4aa0-ba1e-4a796e46859d,2e25c793-17ff-4230-b58d-17dfcc222464,debit,615,345371,2025-09-11T16:48:16.146Z
f3ff6366-0810-4aa0-ba1e-4a796e46859d,77f216ae-66bd-4d6b-9dcf-ac7ac8c779cc,credit,615,6190,2025-09-11T16:48:16.146Z
f7341b04-81e9-4623-adc2-d1859b5e8396,4c9659e2-39a0-491a-9392-94dfda2a7ad5,debit,252,8139,2025-09-11T16:48:16.146Z
f7341b04-81e9-4623-adc2-d1859b5e8396,99326bcd-2ed0-4319-b6a7-a9d1ac39f1b2,credit,252,7489,2025-09-11T16:48:16.146Z
1b114f16-07e9-42e6-9bc6-40004cc3a002,4f64b206-7b74-44ce-b39f-89049ebd4e3f,debit,618,84784.35,2025-09-12T16:48:16.146Z
1b114f16-07e9-42e6-9bc6-40004cc3a002,99326bcd-2ed0-4319-b6a7-a9d1ac39f1b2,credit,618,8107,2025-09-12T16:48:16.146Z
19e6a5f6-cb05-4637-b949-1fa030c3a25a,2e25c793-17ff-4230-b58d-17dfcc222464,credit,10921,356292,2025-09-12T16:48:16.146Z
c6024900-98ae-463f-bccf-82a0f63b849e,2e25c793-17ff-4230-b58d-17dfcc222464,credit,16925,373217,2025-09-12T16:48:16.146Z
43412176-9933-4346-80e6-6c505432fba1,2e25c793-17ff-4230-b58d-17dfcc222464,debit,487,372730,2025-09-12T16:48:16.146Z
43412176-9933-4346-80e6-6c505432fba1,8c25909a-227f-4d95-86a1-9033ec6e34a4,credit,487,2108,2025-09-12T16:48:16.146Z
7128db9f-6308-43d5-bd2e-1d6b909cd3ea,4c9659e2-39a0-491a-9392-94dfda2a7ad5,debit,8000,139,2025-09-12T16:48:16.146Z
7128db9f-6308-43d5-bd2e-1d6b909cd3ea,a56c78df-bd12-4093-8857-edaaef0c6ac6,credit,8000,8000,2025-09-12T16:48:16.146Z
835727d5-2f6d-4d0e-bc24-e5b7cef30420,4f64b206-7b74-44ce-b39f-89049ebd4e3f,debit,2670,82114.35,2025-09-13T16:48:16.146Z
835727d5-2f6d-4d0e-bc24-e5b7cef30420,8fecc2ac-282e-4044-a1dd-0ef257c60926,credit,2670,20533,2025-09-13T16:48:16.146Z
3b57afbf-f495-4f80-a0e8-6777aa909f8b,4f64b206-7b74-44ce-b39f-89049ebd4e3f,debit,932,81182.35,2025-09-13T16:48:16.146Z
3b57afbf-f495-4f80-a0e8-6777aa909f8b,68e8cdc4-a89c-4489-9d80-d6345ef95f59,credit,932,34268,2025-09-13T16:48:16.146Z
b214d68a-24e3-4546-ba83-e265dd4b659e,2e25c793-17ff-4230-b58d-17dfcc222464,credit,10504,383234,2025-09-13T16:48:16.146Z
c085aa44-94c6-4cb4-86d5-a9fe4bff7367,2e25c793-17ff-4230-b58d-17dfcc222464,credit,13233,396467,2025-09-13T16:48:16.146Z
e0342627-14bf-4a07-a040-cd078f5e710b,dfffab37-7984-45e6-bfd9-bcb0617b8a82,debit,386,18390.2,2025-09-13T16:48:16.146Z
e0342627-14bf-4a07-a040-cd078f5e710b,99326bcd-2ed0-4319-b6a7-a9d1ac39f1b2,credit,386,8493,2025-09-13T16:48:16.146Z
e3ff5928-577a-47a6-80da-522778144a4e,cc817b0a-5cde-4437-9047-eb0a6c1b8735,debit,249,16101.400000000001,2025-09-13T16:48:16.146Z
e3ff5928-577a-47a6-80da-522778144a4e,dfffab37-7984-45e6-bfd9-bcb0617b8a82,credit,249,18639.2,2025-09-13T16:48:16.146Z
a1ce846e-d458-4a80-9296-cf17f2a04b59,2e25c793-17ff-4230-b58d-17dfcc222464,credit,16167,412634,2025-09-14T16:48:16.146Z
ed479694-dfd0-4690-9695-2ea5c635f9a4,dfffab37-7984-45e6-bfd9-bcb0617b8a82,credit,5000,23639.2,2025-09-14T16:48:16.146Z
47862518-1fdb-49fa-8e8c-e87d4b02d1d4,cc817b0a-5cde-4437-9047-eb0a6c1b8735,credit,4000,20101.4,2025-09-14T16:48:16.146Z
ca538235-c520-4cfb-aecc-c8d0fb6f7b82,cc817b0a-5cde-4437-9047-eb0a6c1b8735,debit,348,19753.4,2025-09-14T16:48:16.146Z
ca538235-c520-4cfb-aecc-c8d0fb6f7b82,99326bcd-2ed0-4319-b6a7-a9d1ac39f1b2,credit,348,8841,2025-09-14T16:48:16.146Z
91926500-a881-4f73-b5cc-b9cb04d37edd,2e25c793-17ff-4230-b58d-17dfcc222464,credit,5863,418497,2025-09-15T16:48:16.146Z
c491f72c-7007-4909-b731-e2e89e499a86,2e25c793-17ff-4230-b58d-17dfcc222464,debit,38197,380300,2025-09-15T16:48:16.146Z
c491f72c-7007-4909-b731-e2e89e499a86,78d754c3-7421-45c6-af19-62af10c7d7a7,credit,38197,167652,2025-09-15T16:48:16.146Z
f325e4c3-5a25-4b47-a63d-915ecd126927,2e25c793-17ff-4230-b58d-17dfcc222464,debit,579,379721,2025-09-15T16:48:16.146Z
f325e4c3-5a25-4b47-a63d-915ecd126927,8c25909a-227f-4d95-86a1-9033ec6e34a4,credit,579,2687,2025-09-15T16:48:16.146Z
6128a37d-4422-4786-8727-3f50ac0ccaf5,4f64b206-7b74-44ce-b39f-89049ebd4e3f,debit,429,80753.35,2025-09-16T16:48:16.146Z
6128a37d-4422-4786-8727-3f50ac0ccaf5,77f216ae-66bd-4d6b-9dcf-ac7ac8c779cc,credit,429,6619,2025-09-16T16:48:16.146Z
97f30119-563f-46d1-8e98-255f5a67b708,4f64b206-7b74-44ce-b39f-89049ebd4e3f,credit,21.45,80774.8,2025-09-16T16:48:16.146Z
074aa53b-d15b-48d8-ad7c-c57496f4f3f3,2e25c793-17ff-4230-b58d-17dfcc222464,credit,12739,392460,2025-09-16T16:48:16.146Z
d093120f-56a5-442d-82fa-b1d7d1665c39,2e25c793-17ff-4230-b58d-17dfcc222464,credit,9560,402020,2025-09-16T16:48:16.146Z
9ee23239-4ba2-4c2e-85d2-b06f6ef601e7,2e25c793-17ff-4230-b58d-17dfcc222464,credit,13623,415643,2025-09-16T16:48:16.146Z
6c0beea4-12b0-4b5b-a809-b9ae6036e709,2e25c793-17ff-4230-b58d-17dfcc222464,debit,3036,412607,2025-09-16T16:48:16.146Z
6c0beea4-12b0-4b5b-a809-b9ae6036e709,68e8cdc4-a89c-4489-9d80-d6345ef95f59,credit,3036,37304,2025-09-16T16:48:16.146Z
0ad22766-4960-4c87-805f-01282289fa33,d53314e5-d645-464a-99cf-45ed1a35e9fd,debit,399,121448.1,2025-09-16T16:48:16.146Z
0ad22766-4960-4c87-805f-01282289fa33,99326bcd-2ed0-4319-b6a7-a9d1ac39f1b2,credit,399,9240,2025-09-16T16:48:16.146Z
16477175-4c64-42db-ab64-612bf36e4b5f,d53314e5-d645-464a-99cf-45ed1a35e9fd,credit,19.95,121468.05,2025-09-16T16:48:16.146Z
93ccdebb-eac8-4f97-9c10-ecdcc3c1cc6e,cc817b0a-5cde-4437-9047-eb0a6c1b8735,debit,169,19584.4,2025-09-16T16:48:16.146Z
93ccdebb-eac8-4f97-9c10-ecdcc3c1cc6e,dfffab37-7984-45e6-bfd9-bcb0617b8a82,credit,169,23808.2,2025-09-16T16:48:16.146Z
36216c76-564b-4b1d-a545-65d4b2e510a5,2e25c793-17ff-4230-b58d-17dfcc222464,credit,13856,426463,2025-09-17T16:48:16.146Z
5dbbd34f-03e9-491c-825d-f3d663af70cc,2e25c793-17ff-4230-b58d-17dfcc222464,credit,12046,438509,2025-09-17T16:48:16.146Z
be3e3ce2-0421-4cf6-9ec6-887ee772b54a,2e25c793-17ff-4230-b58d-17dfcc222464,credit,9415,447924,2025-09-17T16:48:16.146Z
208284dd-3d52-4fae-aa1a-7cd13badb0ae,dfffab37-7984-45e6-bfd9-bcb0617b8a82,debit,452,23356.2,2025-09-17T16:48:16.146Z
208284dd-3d52-4fae-aa1a-7cd13badb0ae,68e8cdc4-a89c-4489-9d80-d6345ef95f59,credit,452,37756,2025-09-17T16:48:16.146Z
b5907cbb-446f-494f-b004-470e8bb656fb,cc817b0a-5cde-4437-9047-eb0a6c1b8735,debit,255,19329.4,2025-09-17T16:48:16.146Z
b5907cbb-446f-494f-b004-470e8bb656fb,77f216ae-66bd-4d6b-9dcf-ac7ac8c779cc,credit,255,6874,2025-09-17T16:48:16.146Z
a83e3aba-3ba3-45fd-9d08-3713a420437a,2e25c793-17ff-4230-b58d-17dfcc222464,credit,5300,453224,2025-09-18T16:48:16.146Z
2429fd1a-0d8b-4297-a5c5-010ea2cad740,2e25c793-17ff-4230-b58d-17dfcc222464,credit,10600,463824,2025-09-18T16:48:16.146Z
fc2ffa4a-fbaf-4414-bdad-83e819520e06,2e25c793-17ff-4230-b58d-17dfcc222464,debit,7081,456743,2025-09-18T16:48:16.146Z
fc2ffa4a-fbaf-4414-bdad-83e819520e06,68e8cdc4-a89c-4489-9d80-d6345ef95f59,credit,7081,44837,2025-09-18T16:48:16.146Z
b18e8de4-6687-4756-baf0-f49acdf4af0d,cc817b0a-5cde-4437-9047-eb0a6c1b8735,debit,379,18950.4,2025-09-18T16:48:16.146Z
b18e8de4-6687-4756-baf0-f49acdf4af0d,68e8cdc4-a89c-4489-9d80-d6345ef95f59,credit,379,45216,2025-09-18T16:48:16.146Z
72025858-53e5-4a51-8124-be1cd2883ae6,4c9659e2-39a0-491a-9392-94dfda2a7ad5,credit,24795,24934,2025-09-18T16:48:16.146Z
7eee63cc-935b-4481-991e-6d8f81a79321,4f64b206-7b74-44ce-b39f-89049ebd4e3f,debit,370,80404.8,2025-09-19T16:48:16.146Z
7eee63cc-935b-4481-991e-6d8f81a79321,77f216ae-66bd-4d6b-9dcf-ac7ac8c779cc,credit,370,7244,2025-09-19T16:48:16.146Z
0bc190cb-62dc-4e6f-af1e-276a78a577b1,2e25c793-17ff-4230-b58d-17dfcc222464,credit,14799,471542,2025-09-19T16:48:16.146Z
eff5f4d4-4537-48d0-96a1-12afe70aea9e,2e25c793-17ff-4230-b58d-17dfcc222464,credit,12817,484359,2025-09-19T16:48:16.146Z
34ca3e7b-328f-40fe-9a30-8edfc0f4f3ed,2e25c793-17ff-4230-b58d-17dfcc222464,credit,16948,501307,2025-09-19T16:48:16.146Z
c90202d0-f4d8-4a48-a0cc-ea575ad36d5c,2e25c793-17ff-4230-b58d-17dfcc222464,debit,8407,492900,2025-09-19T16:48:16.146Z
c90202d0-f4d8-4a48-a0cc-ea575ad36d5c,68e8cdc4-a89c-4489-9d80-d6345ef95f59,credit,8407,53623,2025-09-19T16:48:16.146Z
41ed56eb-f506-4fd1-a435-7334bdf524d2,d53314e5-d645-464a-99cf-45ed1a35e9fd,debit,256,121212.05,2025-09-19T16:48:16.146Z
41ed56eb-f506-4fd1-a435-7334bdf524d2,77f216ae-66bd-4d6b-9dcf-ac7ac8c779cc,credit,256,7500,2025-09-19T16:48:16.146Z
1ba78dad-483a-4b59-a82f-7f2c5272a929,4f64b206-7b74-44ce-b39f-89049ebd4e3f,debit,2173,78231.8,2025-09-20T16:48:16.146Z
1ba78dad-483a-4b59-a82f-7f2c5272a929,8fecc2ac-282e-4044-a1dd-0ef257c60926,credit,2173,22706,2025-09-20T16:48:16.146Z
879496cc-bd52-4a37-84e9-cdbd82e09ffb,2e25c793-17ff-4230-b58d-17dfcc222464,credit,6270,499170,2025-09-20T16:48:16.146Z
c9a15e71-4d4f-43bd-96ef-6af1b7052a01,dfffab37-7984-45e6-bfd9-bcb0617b8a82,debit,248,23108.2,2025-09-20T16:48:16.146Z
c9a15e71-4d4f-43bd-96ef-6af1b7052a01,cc817b0a-5cde-4437-9047-eb0a6c1b8735,credit,248,19198.4,2025-09-20T16:48:16.146Z
2c5400e3-2e0f-49ea-ab1d-da908ed6971c,cc817b0a-5cde-4437-9047-eb0a6c1b8735,debit,207,18991.4,2025-09-20T16:48:16.146Z
2c5400e3-2e0f-49ea-ab1d-da908ed6971c,99326bcd-2ed0-4319-b6a7-a9d1ac39f1b2,credit,207,9447,2025-09-20T16:48:16.146Z
f35534d5-a5f6-47df-80cc-9a59f05527cd,4c9659e2-39a0-491a-9392-94dfda2a7ad5,debit,315,24619,2025-09-20T16:48:16.146Z
f35534d5-a5f6-47df-80cc-9a59f05527cd,8c25909a-227f-4d95-86a1-9033ec6e34a4,credit,315,3002,2025-09-20T16:48:16.146Z
cbe2355f-4b64-4709-a637-221ec28540f2,2e25c793-17ff-4230-b58d-17dfcc222464,credit,4735,503905,2025-09-21T16:48:16.146Z
6dec72f4-1c62-4e02-b6e1-6b92c15d3593,2e25c793-17ff-4230-b58d-17dfcc222464,credit,10579,514484,2025-09-21T16:48:16.146Z
0aaefa41-c381-45bd-842a-55bcf7efb68a,2e25c793-17ff-4230-b58d-17dfcc222464,debit,550,513934,2025-09-21T16:48:16.146Z
0aaefa41-c381-45bd-842a-55bcf7efb68a,8c25909a-227f-4d95-86a1-9033ec6e34a4,credit,550,3552,2025-09-21T16:48:16.146Z
c07d53a1-f51a-448a-b23c-25a2bfd7c6a2,dfffab37-7984-45e6-bfd9-bcb0617b8a82,credit,5000,28108.2,2025-09-21T16:48:16.146Z
364b891d-c18d-4acb-9fb7-62a052560290,dfffab37-7984-45e6-bfd9-bcb0617b8a82,debit,236,27872.2,2025-09-21T16:48:16.146Z
364b891d-c18d-4acb-9fb7-62a052560290,cc817b0a-5cde-4437-9047-eb0a6c1b8735,credit,236,19227.4,2025-09-21T16:48:16.146Z
568c796a-f7c3-4e58-a41b-598dc68d85af,cc817b0a-5cde-4437-9047-eb0a6c1b8735,credit,4000,23227.4,2025-09-21T16:48:16.146Z
c8607131-5c50-46a2-b14a-7077c9fd8d8b,4c9659e2-39a0-491a-9392-94dfda2a7ad5,debit,243,24376,2025-09-21T16:48:16.146Z
c8607131-5c50-46a2-b14a-7077c9fd8d8b,99326bcd-2ed0-4319-b6a7-a9d1ac39f1b2,credit,243,9690,2025-09-21T16:48:16.146Z
7cba4a35-18b0-4ad4-804a-cd936d9cf4f7,d53314e5-d645-464a-99cf-45ed1a35e9fd,debit,642,120570.05,2025-09-22T16:48:16.146Z
7cba4a35-18b0-4ad4-804a-cd936d9cf4f7,99326bcd-2ed0-4319-b6a7-a9d1ac39f1b2,credit,642,10332,2025-09-22T16:48:16.146Z
6eb56838-c68d-4b0b-a8e4-7c6ddfb39c68,2e25c793-17ff-4230-b58d-17dfcc222464,credit,13910,527844,2025-09-23T16:48:16.146Z
a532c168-4182-415e-bb8f-ef1b8d7a397c,2e25c793-17ff-4230-b58d-17dfcc222464,credit,12862,540706,2025-09-23T16:48:16.146Z
e96b810d-4bd4-4a5d-ba4f-7d37ed13720c,4c9659e2-39a0-491a-9392-94dfda2a7ad5,debit,1441,22935,2025-09-23T16:48:16.146Z
e96b810d-4bd4-4a5d-ba4f-7d37ed13720c,8fecc2ac-282e-4044-a1dd-0ef257c60926,credit,1441,24147,2025-09-23T16:48:16.146Z
db8f8082-a6c5-437b-9e7a-ae9c89d43acb,2e25c793-17ff-4230-b58d-17dfcc222464,credit,15605,556311,2025-09-24T16:48:16.146Z
67e147f1-85d4-443f-92f9-a2edac107a81,cc817b0a-5cde-4437-9047-eb0a6c1b8735,debit,224,23003.4,2025-09-24T16:48:16.146Z
67e147f1-85d4-443f-92f9-a2edac107a81,99326bcd-2ed0-4319-b6a7-a9d1ac39f1b2,credit,224,10556,2025-09-24T16:48:16.146Z
0b3bbc5c-e0fb-4f8e-8401-fac7ee0eb14d,4f64b206-7b74-44ce-b39f-89049ebd4e3f,debit,718,77513.8,2025-09-25T16:48:16.146Z
0b3bbc5c-e0fb-4f8e-8401-fac7ee0eb14d,99326bcd-2ed0-4319-b6a7-a9d1ac39f1b2,credit,718,11274,2025-09-25T16:48:16.146Z
54f73e6e-7b6f-4356-baa5-c944544a38a0,2e25c793-17ff-4230-b58d-17dfcc222464,credit,7456,563767,2025-09-25T16:48:16.146Z
894230af-458c-4b5f-93f2-a8e87997d177,2e25c793-17ff-4230-b58d-17dfcc222464,credit,16424,580191,2025-09-25T16:48:16.146Z
06cecae4-8c15-4cea-80f6-ff7f5cf09aa2,2e25c793-17ff-4230-b58d-17dfcc222464,debit,41430,538761,2025-09-25T16:48:16.146Z
06cecae4-8c15-4cea-80f6-ff7f5cf09aa2,78d754c3-7421-45c6-af19-62af10c7d7a7,credit,41430,209082,2025-09-25T16:48:16.146Z
c12cccef-6354-4f05-a8ad-f724f5418966,dfffab37-7984-45e6-bfd9-bcb0617b8a82,debit,140,27732.2,2025-09-25T16:48:16.146Z
c12cccef-6354-4f05-a8ad-f724f5418966,77f216ae-66bd-4d6b-9dcf-ac7ac8c779cc,credit,140,7640,2025-09-25T16:48:16.146Z
e8d189be-7f54-4949-9434-f81648a2e834,4c9659e2-39a0-491a-9392-94dfda2a7ad5,debit,253,22682,2025-09-25T16:48:16.146Z
e8d189be-7f54-4949-9434-f81648a2e834,8c25909a-227f-4d95-86a1-9033ec6e34a4,credit,253,3805,2025-09-25T16:48:16.146Z
c9ef179a-4e38-4424-897f-152fa6293e82,4f64b206-7b74-44ce-b39f-89049ebd4e3f,debit,470,77043.8,2025-09-26T16:48:16.146Z
c9ef179a-4e38-4424-897f-152fa6293e82,77f216ae-66bd-4d6b-9dcf-ac7ac8c779cc,credit,470,8110,2025-09-26T16:48:16.146Z
eea04c26-af2f-4690-af41-fb4ed75161b5,2e25c793-17ff-4230-b58d-17dfcc222464,credit,17266,556027,2025-09-26T16:48:16.146Z
2bd575bd-84e2-4440-b45d-621ca1519b23,4c9659e2-39a0-491a-9392-94dfda2a7ad5,debit,411,22271,2025-09-26T16:48:16.146Z
2bd575bd-84e2-4440-b45d-621ca1519b23,99326bcd-2ed0-4319-b6a7-a9d1ac39f1b2,credit,411,11685,2025-09-26T16:48:16.146Z
856d4c31-1f40-4fcf-8f73-0b72c31f5e0c,4f64b206-7b74-44ce-b39f-89049ebd4e3f,debit,2557,74486.8,2025-09-27T16:48:16.146Z
856d4c31-1f40-4fcf-8f73-0b72c31f5e0c,8fecc2ac-282e-4044-a1dd-0ef257c60926,credit,2557,26704,2025-09-27T16:48:16.146Z
48512d15-ee26-447f-9ff3-b1c7070d3da4,4f64b206-7b74-44ce-b39f-89049ebd4e3f,debit,589,73897.8,2025-09-27T16:48:16.146Z
48512d15-ee26-447f-9ff3-b1c7070d3da4,99326bcd-2ed0-4319-b6a7-a9d1ac39f1b2,credit,589,12274,2025-09-27T16:48:16.146Z
65a81571-2cbc-47cf-8753-7214fe34fbdc,2e25c793-17ff-4230-b58d-17dfcc222464,credit,6770,562797,2025-09-27T16:48:16.146Z
9389240f-4a58-4134-9ed9-8133241f77f1,2e25c793-17ff-4230-b58d-17dfcc222464,debit,607,562190,2025-09-27T16:48:16.146Z
9389240f-4a58-4134-9ed9-8133241f77f1,8c25909a-227f-4d95-86a1-9033ec6e34a4,credit,607,4412,2025-09-27T16:48:16.146Z
aaec1197-a38b-4842-b2cc-6bcbf8beaef9,4c9659e2-39a0-491a-9392-94dfda2a7ad5,debit,301,21970,2025-09-27T16:48:16.146Z
aaec1197-a38b-4842-b2cc-6bcbf8beaef9,99326bcd-2ed0-4319-b6a7-a9d1ac39f1b2,credit,301,12575,2025-09-27T16:48:16.146Z
70435bb1-6a82-4a37-ab5c-baa6ed8999b5,2e25c793-17ff-4230-b58d-17dfcc222464,credit,6512,568702,2025-09-28T16:48:16.146Z
a62eaed0-60ef-4009-a12a-cb815815b576,2e25c793-17ff-4230-b58d-17dfcc222464,credit,8511,577213,2025-09-28T16:48:16.146Z
1abe0231-c288-4e7d-8299-e21ae945dd43,2e25c793-17ff-4230-b58d-17dfcc222464,debit,7447,569766,2025-09-28T16:48:16.146Z
1abe0231-c288-4e7d-8299-e21ae945dd43,68e8cdc4-a89c-4489-9d80-d6345ef95f59,credit,7447,61070,2025-09-28T16:48:16.146Z
64e6a161-6adf-48cb-a369-f0f7526ae0ee,dfffab37-7984-45e6-bfd9-bcb0617b8a82,credit,5000,32732.2,2025-09-28T16:48:16.146Z
6a72b301-e960-40c3-89a9-4b9d998b7cd1,dfffab37-7984-45e6-bfd9-bcb0617b8a82,debit,350,32382.2,2025-09-28T16:48:16.146Z
6a72b301-e960-40c3-89a9-4b9d998b7cd1,99326bcd-2ed0-4319-b6a7-a9d1ac39f1b2,credit,350,12925,2025-09-28T16:48:16.146Z
62e8ae87-1ddd-4875-beb4-e4220a7af40f,cc817b0a-5cde-4437-9047-eb0a6c1b8735,credit,4000,27003.4,2025-09-28T16:48:16.146Z
a96b1123-16df-4fe4-a5a9-91e48f2a00b9,cc817b0a-5cde-4437-9047-eb0a6c1b8735,debit,297,26706.4,2025-09-28T16:48:16.146Z
a96b1123-16df-4fe4-a5a9-91e48f2a00b9,77f216ae-66bd-4d6b-9dcf-ac7ac8c779cc,credit,297,8407,2025-09-28T16:48:16.146Z
558af266-4a6b-4890-a71f-de79eea36f6c,4c9659e2-39a0-491a-9392-94dfda2a7ad5,debit,235,21735,2025-09-28T16:48:16.146Z
558af266-4a6b-4890-a71f-de79eea36f6c,8c25909a-227f-4d95-86a1-9033ec6e34a4,credit,235,4647,2025-09-28T16:48:16.146Z
3501a960-9f83-4aa6-a814-19a1cf976d29,2e25c793-17ff-4230-b58d-17dfcc222464,credit,13114,582880,2025-09-29T16:48:16.146Z
4a802c91-f0ae-4616-a90b-2cde3cd74fc8,2e25c793-17ff-4230-b58d-17dfcc222464,credit,7698,590578,2025-09-29T16:48:16.146Z
b5901820-10e4-4774-84e3-2701769affcb,2e25c793-17ff-4230-b58d-17dfcc222464,debit,947,589631,2025-09-29T16:48:16.146Z
b5901820-10e4-4774-84e3-2701769affcb,77f216ae-66bd-4d6b-9dcf-ac7ac8c779cc,credit,947,9354,2025-09-29T16:48:16.146Z
b0dc9cd9-7c28-4f72-a7fa-25e2d14e3c3d,cc817b0a-5cde-4437-9047-eb0a6c1b8735,debit,64,26642.4,2025-09-29T16:48:16.146Z
b0dc9cd9-7c28-4f72-a7fa-25e2d14e3c3d,dfffab37-7984-45e6-bfd9-bcb0617b8a82,credit,64,32446.2,2025-09-29T16:48:16.146Z
c63527af-60c1-4c7c-8f1e-e8514bca020c,4c9659e2-39a0-491a-9392-94dfda2a7ad5,debit,429,21306,2025-09-29T16:48:16.146Z
c63527af-60c1-4c7c-8f1e-e8514bca020c,99326bcd-2ed0-4319-b6a7-a9d1ac39f1b2,credit,429,13354,2025-09-29T16:48:16.146Z
61042b91-b283-41f0-8424-c858b6ab4e62,4c9659e2-39a0-491a-9392-94dfda2a7ad5,credit,21.45,21327.45,2025-09-29T16:48:16.146Z
3ab8300c-ae97-4e4e-a3d0-c78041558627,2e25c793-17ff-4230-b58d-17dfcc222464,credit,14359,603990,2025-09-30T16:48:16.146Z
e7b3cb30-7b4f-4d4d-83fb-5868628012f0,d53314e5-d645-464a-99cf-45ed1a35e9fd,debit,392,120178.05,2025-09-30T16:48:16.146Z
e7b3cb30-7b4f-4d4d-83fb-5868628012f0,99326bcd-2ed0-4319-b6a7-a9d1ac39f1b2,credit,392,13746,2025-09-30T16:48:16.146Z
c7dae9d7-e5a2-45b0-bb99-9dd98bd5b6fd,dfffab37-7984-45e6-bfd9-bcb0617b8a82,debit,356,32090.2,2025-09-30T16:48:16.146Z
c7dae9d7-e5a2-45b0-bb99-9dd98bd5b6fd,99326bcd-2ed0-4319-b6a7-a9d1ac39f1b2,credit,356,14102,2025-09-30T16:48:16.146Z
00025947-4667-4eaa-80c2-353990c68ba8,4c9659e2-39a0-491a-9392-94dfda2a7ad5,debit,207,21120.45,2025-09-30T16:48:16.146Z
00025947-4667-4eaa-80c2-353990c68ba8,77f216ae-66bd-4d6b-9dcf-ac7ac8c779cc,credit,207,9561,2025-09-30T16:48:16.146Z
d381128d-48bf-4832-9c5f-8848a0ca0123,4f64b206-7b74-44ce-b39f-89049ebd4e3f,credit,85000,158897.8,2025-10-01T16:48:16.146Z
865b4679-7f69-4e0b-b316-2747a713d0dc,4f64b206-7b74-44ce-b39f-89049ebd4e3f,debit,2207,156690.8,2025-10-01T16:48:16.146Z
865b4679-7f69-4e0b-b316-2747a713d0dc,68e8cdc4-a89c-4489-9d80-d6345ef95f59,credit,2207,63277,2025-10-01T16:48:16.146Z
88ba2728-25a4-4f14-be9e-ba0e7e60e1b0,2e25c793-17ff-4230-b58d-17dfcc222464,credit,8330,612320,2025-10-01T16:48:16.146Z
8ae1421e-c9c0-428c-b3c1-c42ee61eef1b,2e25c793-17ff-4230-b58d-17dfcc222464,credit,13007,625327,2025-10-01T16:48:16.146Z
a2aada9a-a0a5-4755-9b82-33d98856f2a3,2e25c793-17ff-4230-b58d-17dfcc222464,debit,549,624778,2025-10-01T16:48:16.146Z
a2aada9a-a0a5-4755-9b82-33d98856f2a3,77f216ae-66bd-4d6b-9dcf-ac7ac8c779cc,credit,549,10110,2025-10-01T16:48:16.146Z
ec849e17-d22e-4d61-b60e-684ca26691e6,d53314e5-d645-464a-99cf-45ed1a35e9fd,credit,120000,240178.05,2025-10-01T16:48:16.146Z
dd25763d-39cc-4faa-a518-0cf669fffe86,dfffab37-7984-45e6-bfd9-bcb0617b8a82,debit,1006,31084.2,2025-10-01T16:48:16.146Z
dd25763d-39cc-4faa-a518-0cf669fffe86,68e8cdc4-a89c-4489-9d80-d6345ef95f59,credit,1006,64283,2025-10-01T16:48:16.146Z
00cda5c3-919c-4a64-8238-b40ff0c54e90,cc817b0a-5cde-4437-9047-eb0a6c1b8735,debit,267,26375.4,2025-10-01T16:48:16.146Z
00cda5c3-919c-4a64-8238-b40ff0c54e90,99326bcd-2ed0-4319-b6a7-a9d1ac39f1b2,credit,267,14369,2025-10-01T16:48:16.146Z
78eecaed-ebc9-4350-a462-a21e0e44f0c3,4c9659e2-39a0-491a-9392-94dfda2a7ad5,debit,214,20906.45,2025-10-01T16:48:16.146Z
78eecaed-ebc9-4350-a462-a21e0e44f0c3,8c25909a-227f-4d95-86a1-9033ec6e34a4,credit,214,4861,2025-10-01T16:48:16.146Z
62944f33-311e-4cb3-87bc-2d00ec34568e,2e25c793-17ff-4230-b58d-17dfcc222464,credit,16610,641388,2025-10-02T16:48:16.146Z
a285b3e7-6b7a-4cad-a766-02626b3c7e67,2e25c793-17ff-4230-b58d-17dfcc222464,debit,35000,606388,2025-10-02T16:48:16.146Z
a285b3e7-6b7a-4cad-a766-02626b3c7e67,396aaa88-f522-47e1-a4dd-f2107cc69e7a,credit,35000,120000,2025-10-02T16:48:16.146Z
c45b7885-f0fa-4960-816e-e587e0a20826,2e25c793-17ff-4230-b58d-17dfcc222464,debit,762,605626,2025-10-02T16:48:16.146Z
c45b7885-f0fa-4960-816e-e587e0a20826,77f216ae-66bd-4d6b-9dcf-ac7ac8c779cc,credit,762,10872,2025-10-02T16:48:16.146Z
fcf42915-0ce3-48a5-a439-f8cca3be87a4,cc817b0a-5cde-4437-9047-eb0a6c1b8735,debit,338,26037.4,2025-10-02T16:48:16.146Z
fcf42915-0ce3-48a5-a439-f8cca3be87a4,99326bcd-2ed0-4319-b6a7-a9d1ac39f1b2,credit,338,14707,2025-10-02T16:48:16.146Z
cf2cd13b-1f01-4e12-a63d-33e8155b0304,4f64b206-7b74-44ce-b39f-89049ebd4e3f,debit,25000,131690.8,2025-10-03T16:48:16.146Z
cf2cd13b-1f01-4e12-a63d-33e8155b0304,396aaa88-f522-47e1-a4dd-f2107cc69e7a,credit,25000,145000,2025-10-03T16:48:16.146Z
90523c63-f1d2-433f-8354-5d959b2d512b,2e25c793-17ff-4230-b58d-17dfcc222464,credit,17455,623081,2025-10-03T16:48:16.146Z
3db54d99-5c51-4e2b-a390-18c2652b9ad2,2e25c793-17ff-4230-b58d-17dfcc222464,credit,11662,634743,2025-10-03T16:48:16.146Z
5de23e66-b97c-4f20-b578-698b3cfdb8f8,dfffab37-7984-45e6-bfd9-bcb0617b8a82,debit,109,30975.2,2025-10-03T16:48:16.146Z
5de23e66-b97c-4f20-b578-698b3cfdb8f8,cc817b0a-5cde-4437-9047-eb0a6c1b8735,credit,109,26146.4,2025-10-03T16:48:16.146Z
3cf243c4-7030-43f8-bd93-99c2d3a1dd08,4f64b206-7b74-44ce-b39f-89049ebd4e3f,debit,3040,128650.79999999999,2025-10-04T16:48:16.146Z
3cf243c4-7030-43f8-bd93-99c2d3a1dd08,8fecc2ac-282e-4044-a1dd-0ef257c60926,credit,3040,29744,2025-10-04T16:48:16.146Z
02668c01-2690-49dc-93da-8cff961a70f4,2e25c793-17ff-4230-b58d-17dfcc222464,credit,17270,652013,2025-10-04T16:48:16.146Z
b0855188-8160-419a-9a40-66413aed7203,dfffab37-7984-45e6-bfd9-bcb0617b8a82,debit,445,30530.2,2025-10-04T16:48:16.146Z
b0855188-8160-419a-9a40-66413aed7203,99326bcd-2ed0-4319-b6a7-a9d1ac39f1b2,credit,445,15152,2025-10-04T16:48:16.146Z
0a65d4ed-63e1-4ed7-9ad2-3fbd4cd9dde0,4c9659e2-39a0-491a-9392-94dfda2a7ad5,debit,148,20758.45,2025-10-04T16:48:16.146Z
0a65d4ed-63e1-4ed7-9ad2-3fbd4cd9dde0,77f216ae-66bd-4d6b-9dcf-ac7ac8c779cc,credit,148,11020,2025-10-04T16:48:16.146Z
f460e7d1-5ddb-4c2b-a80e-f99396c9bbbe,4f64b206-7b74-44ce-b39f-89049ebd4e3f,debit,3611,125039.79999999999,2025-10-05T16:48:16.146Z
f460e7d1-5ddb-4c2b-a80e-f99396c9bbbe,0e5d4bb0-d613-443b-beef-163eb4214b67,credit,3611,9818,2025-10-05T16:48:16.146Z
a83f9d6b-c25a-42ac-a81a-cb89a9cad23d,4f64b206-7b74-44ce-b39f-89049ebd4e3f,debit,402,124637.79999999999,2025-10-05T16:48:16.146Z
a83f9d6b-c25a-42ac-a81a-cb89a9cad23d,77f216ae-66bd-4d6b-9dcf-ac7ac8c779cc,credit,402,11422,2025-10-05T16:48:16.146Z
30a3e386-51ec-4234-a1ec-6707157e99df,2e25c793-17ff-4230-b58d-17dfcc222464,credit,6153,658166,2025-10-05T16:48:16.146Z
f1a9cfbc-62d6-4f5b-ae62-b3296a1f48ef,2e25c793-17ff-4230-b58d-17dfcc222464,credit,15279,673445,2025-10-05T16:48:16.146Z
37221857-e374-4ed0-82ad-8bdc2181b07f,2e25c793-17ff-4230-b58d-17dfcc222464,credit,7606,681051,2025-10-05T16:48:16.146Z
bd55ed63-0878-4fda-b924-87d70eea9e35,2e25c793-17ff-4230-b58d-17dfcc222464,debit,44695,636356,2025-10-05T16:48:16.146Z
bd55ed63-0878-4fda-b924-87d70eea9e35,78d754c3-7421-45c6-af19-62af10c7d7a7,credit,44695,253777,2025-10-05T16:48:16.146Z
d23cdcb9-9e10-435e-8814-dedad8ac38d5,dfffab37-7984-45e6-bfd9-bcb0617b8a82,credit,5000,35530.2,2025-10-05T16:48:16.146Z
5c93e739-dd27-47c2-aae9-c8c273dfeb18,dfffab37-7984-45e6-bfd9-bcb0617b8a82,debit,992,34538.2,2025-10-05T16:48:16.146Z
5c93e739-dd27-47c2-aae9-c8c273dfeb18,68e8cdc4-a89c-4489-9d80-d6345ef95f59,credit,992,65275,2025-10-05T16:48:16.146Z
a90aa8f0-3c10-467f-8587-e1919dd71a58,cc817b0a-5cde-4437-9047-eb0a6c1b8735,credit,4000,30146.4,2025-10-05T16:48:16.146Z
ff098c4b-5dbc-4ee3-b276-5f2470710820,4c9659e2-39a0-491a-9392-94dfda2a7ad5,debit,483,20275.45,2025-10-05T16:48:16.146Z
ff098c4b-5dbc-4ee3-b276-5f2470710820,99326bcd-2ed0-4319-b6a7-a9d1ac39f1b2,credit,483,15635,2025-10-05T16:48:16.146Z
8e437713-279d-4df5-a3ad-87d6e84226b8,2e25c793-17ff-4230-b58d-17dfcc222464,credit,16215,652571,2025-10-06T16:48:16.146Z
cf3ccb8c-056c-41f4-9da1-eaf2ef1e3ec0,2e25c793-17ff-4230-b58d-17dfcc222464,debit,941,651630,2025-10-06T16:48:16.146Z
cf3ccb8c-056c-41f4-9da1-eaf2ef1e3ec0,77f216ae-66bd-4d6b-9dcf-ac7ac8c779cc,credit,941,12363,2025-10-06T16:48:16.146Z
44fbcfa2-3a82-4502-92f8-678984bacead,dfffab37-7984-45e6-bfd9-bcb0617b8a82,debit,542,33996.2,2025-10-06T16:48:16.146Z
44fbcfa2-3a82-4502-92f8-678984bacead,68e8cdc4-a89c-4489-9d80-d6345ef95f59,credit,542,65817,2025-10-06T16:48:16.146Z
822bb081-aec4-4f4c-9e3c-0d8f04dca7fa,cc817b0a-5cde-4437-9047-eb0a6c1b8735,debit,262,29884.4,2025-10-06T16:48:16.146Z
822bb081-aec4-4f4c-9e3c-0d8f04dca7fa,99326bcd-2ed0-4319-b6a7-a9d1ac39f1b2,credit,262,15897,2025-10-06T16:48:16.146Z
8b977fb5-3298-4a29-91f7-355b3b5d74d5,4c9659e2-39a0-491a-9392-94dfda2a7ad5,debit,377,19898.45,2025-10-06T16:48:16.146Z
8b977fb5-3298-4a29-91f7-355b3b5d74d5,8c25909a-227f-4d95-86a1-9033ec6e34a4,credit,377,5238,2025-10-06T16:48:16.146Z
7b2493c6-3536-4aa3-b1e6-1f28af3e260d,4f64b206-7b74-44ce-b39f-89049ebd4e3f,debit,292,124345.79999999999,2025-10-07T16:48:16.146Z
7b2493c6-3536-4aa3-b1e6-1f28af3e260d,77f216ae-66bd-4d6b-9dcf-ac7ac8c779cc,credit,292,12655,2025-10-07T16:48:16.146Z
3dec4573-e857-4ff4-946d-82ac2da0cfb0,2e25c793-17ff-4230-b58d-17dfcc222464,credit,5500,657130,2025-10-07T16:48:16.146Z
a5b505cb-b12b-42ab-8d6c-1fd317854f54,2e25c793-17ff-4230-b58d-17dfcc222464,debit,18000,639130,2025-10-07T16:48:16.146Z
a5b505cb-b12b-42ab-8d6c-1fd317854f54,655846c2-aeb1-41c7-b562-4937ad6f5c8b,credit,18000,36000,2025-10-07T16:48:16.146Z
6b185be7-09b0-4568-973f-214c17508352,2e25c793-17ff-4230-b58d-17dfcc222464,debit,552,638578,2025-10-07T16:48:16.146Z
6b185be7-09b0-4568-973f-214c17508352,77f216ae-66bd-4d6b-9dcf-ac7ac8c779cc,credit,552,13207,2025-10-07T16:48:16.146Z
01f62f90-ddd4-4454-abaf-8e19662b8068,dfffab37-7984-45e6-bfd9-bcb0617b8a82,debit,103,33893.2,2025-10-07T16:48:16.146Z
01f62f90-ddd4-4454-abaf-8e19662b8068,77f216ae-66bd-4d6b-9dcf-ac7ac8c779cc,credit,103,13310,2025-10-07T16:48:16.146Z
6db8b054-4d04-42e9-bbb2-a072117056f3,2e25c793-17ff-4230-b58d-17dfcc222464,debit,5922,632656,2025-10-08T16:48:16.146Z
6db8b054-4d04-42e9-bbb2-a072117056f3,68e8cdc4-a89c-4489-9d80-d6345ef95f59,credit,5922,71739,2025-10-08T16:48:16.146Z
7ee2b0b1-dea8-4ae3-b4b2-fa57c13c436b,dfffab37-7984-45e6-bfd9-bcb0617b8a82,debit,1025,32868.2,2025-10-08T16:48:16.146Z
7ee2b0b1-dea8-4ae3-b4b2-fa57c13c436b,68e8cdc4-a89c-4489-9d80-d6345ef95f59,credit,1025,72764,2025-10-08T16:48:16.146Z
0ac56f9c-032a-4f48-b4de-a1b4a0d22048,2e25c793-17ff-4230-b58d-17dfcc222464,credit,12901,645557,2025-10-09T16:48:16.146Z
dabb5a14-c9cf-4f45-ae95-51308416fcbc,d53314e5-d645-464a-99cf-45ed1a35e9fd,debit,683,239495.05,2025-10-09T16:48:16.146Z
dabb5a14-c9cf-4f45-ae95-51308416fcbc,99326bcd-2ed0-4319-b6a7-a9d1ac39f1b2,credit,683,16580,2025-10-09T16:48:16.146Z
0d2495de-80a1-4f77-a17f-1a6bafc9e415,4c9659e2-39a0-491a-9392-94dfda2a7ad5,debit,546,19352.45,2025-10-09T16:48:16.146Z
0d2495de-80a1-4f77-a17f-1a6bafc9e415,99326bcd-2ed0-4319-b6a7-a9d1ac39f1b2,credit,546,17126,2025-10-09T16:48:16.146Z
b6884d00-ebda-4b8c-9a25-5755de8afea4,4f64b206-7b74-44ce-b39f-89049ebd4e3f,debit,199,124146.79999999999,2025-10-10T16:48:16.146Z
b6884d00-ebda-4b8c-9a25-5755de8afea4,bcf7c323-ee7b-4313-95c0-68f74cfeb2bb,credit,199,597,2025-10-10T16:48:16.146Z
023054cd-2b44-4b31-8e2b-d01fbe47dc1d,4f64b206-7b74-44ce-b39f-89049ebd4e3f,debit,699,123447.79999999999,2025-10-10T16:48:16.146Z
023054cd-2b44-4b31-8e2b-d01fbe47dc1d,8f5bd58f-2868-4aff-b5da-41454b5bb662,credit,699,2097,2025-10-10T16:48:16.146Z
867ee740-2115-4b0e-af0e-3a24524ed11d,2e25c793-17ff-4230-b58d-17dfcc222464,debit,644,644913,2025-10-10T16:48:16.146Z
867ee740-2115-4b0e-af0e-3a24524ed11d,77f216ae-66bd-4d6b-9dcf-ac7ac8c779cc,credit,644,13954,2025-10-10T16:48:16.146Z
6bbb3288-a4ec-4306-b007-8a89a100180a,cc817b0a-5cde-4437-9047-eb0a6c1b8735,debit,197,29687.4,2025-10-10T16:48:16.146Z
6bbb3288-a4ec-4306-b007-8a89a100180a,77f216ae-66bd-4d6b-9dcf-ac7ac8c779cc,credit,197,14151,2025-10-10T16:48:16.146Z
b91f15a0-ef18-444b-8cf9-575632de898a,4c9659e2-39a0-491a-9392-94dfda2a7ad5,debit,249,19103.45,2025-10-10T16:48:16.146Z
b91f15a0-ef18-444b-8cf9-575632de898a,99326bcd-2ed0-4319-b6a7-a9d1ac39f1b2,credit,249,17375,2025-10-10T16:48:16.146Z
da209a98-f8f5-43a6-99c6-e0f00988cbc0,4f64b206-7b74-44ce-b39f-89049ebd4e3f,debit,2173,121274.79999999999,2025-10-11T16:48:16.146Z
da209a98-f8f5-43a6-99c6-e0f00988cbc0,8fecc2ac-282e-4044-a1dd-0ef257c60926,credit,2173,31917,2025-10-11T16:48:16.146Z
fd1460e9-7373-4708-8ff5-f2611e6f94c2,2e25c793-17ff-4230-b58d-17dfcc222464,credit,8834,653747,2025-10-11T16:48:16.146Z
de376cf5-0174-4147-a843-121c5013fa00,2e25c793-17ff-4230-b58d-17dfcc222464,credit,14126,667873,2025-10-12T16:48:16.146Z
6c67bbcc-4b00-4d9b-869c-ac3f4e55df9c,2e25c793-17ff-4230-b58d-17dfcc222464,debit,215,667658,2025-10-12T16:48:16.146Z
6c67bbcc-4b00-4d9b-869c-ac3f4e55df9c,8c25909a-227f-4d95-86a1-9033ec6e34a4,credit,215,5453,2025-10-12T16:48:16.146Z
73f59dcf-1ba7-482a-aa24-0390838b2bcb,dfffab37-7984-45e6-bfd9-bcb0617b8a82,credit,5000,37868.2,2025-10-12T16:48:16.146Z
bb3149a9-d5a9-44db-8a57-bc58e30192be,cc817b0a-5cde-4437-9047-eb0a6c1b8735,credit,4000,33687.4,2025-10-12T16:48:16.146Z
08ee3b85-57f5-488c-bffa-8a25fea95de0,4c9659e2-39a0-491a-9392-94dfda2a7ad5,debit,8000,11103.45,2025-10-12T16:48:16.146Z
08ee3b85-57f5-488c-bffa-8a25fea95de0,a56c78df-bd12-4093-8857-edaaef0c6ac6,credit,8000,16000,2025-10-12T16:48:16.146Z
bef2bff6-091d-4849-9750-51124d4f1ce8,4c9659e2-39a0-491a-9392-94dfda2a7ad5,debit,541,10562.45,2025-10-12T16:48:16.146Z
bef2bff6-091d-4849-9750-51124d4f1ce8,99326bcd-2ed0-4319-b6a7-a9d1ac39f1b2,credit,541,17916,2025-10-12T16:48:16.146Z
d132617d-db66-4f71-9d13-4bff4e08a982,4f64b206-7b74-44ce-b39f-89049ebd4e3f,debit,2518,118756.79999999999,2025-10-13T16:48:16.146Z
d132617d-db66-4f71-9d13-4bff4e08a982,68e8cdc4-a89c-4489-9d80-d6345ef95f59,credit,2518,75282,2025-10-13T16:48:16.146Z
22862f3f-eddc-4399-b7ad-fbaf1235a3ea,2e25c793-17ff-4230-b58d-17dfcc222464,credit,13130,680788,2025-10-13T16:48:16.146Z
50b1c6eb-c1d3-448d-9bb1-3cb3bcd4c264,2e25c793-17ff-4230-b58d-17dfcc222464,debit,4070,676718,2025-10-13T16:48:16.146Z
50b1c6eb-c1d3-448d-9bb1-3cb3bcd4c264,68e8cdc4-a89c-4489-9d80-d6345ef95f59,credit,4070,79352,2025-10-13T16:48:16.146Z
2b0981db-0b74-4634-b7e8-9d9938ea1d0c,d53314e5-d645-464a-99cf-45ed1a35e9fd,debit,11252,228243.05,2025-10-13T16:48:16.146Z
2b0981db-0b74-4634-b7e8-9d9938ea1d0c,4778cfd7-bd59-44d1-88ad-ffa43d403800,credit,11252,11252,2025-10-13T16:48:16.146Z
8095ea3d-297b-4658-98b8-e97664ff7a28,cc817b0a-5cde-4437-9047-eb0a6c1b8735,debit,169,33518.4,2025-10-13T16:48:16.146Z
8095ea3d-297b-4658-98b8-e97664ff7a28,dfffab37-7984-45e6-bfd9-bcb0617b8a82,credit,169,38037.2,2025-10-13T16:48:16.146Z
629441e1-3d61-4c66-af10-2cb060614cd8,4c9659e2-39a0-491a-9392-94dfda2a7ad5,debit,283,10279.45,2025-10-13T16:48:16.146Z
629441e1-3d61-4c66-af10-2cb060614cd8,8c25909a-227f-4d95-86a1-9033ec6e34a4,credit,283,5736,2025-10-13T16:48:16.146Z
137fc827-b67b-4e54-91fd-a35c09a44fb5,2e25c793-17ff-4230-b58d-17dfcc222464,credit,6431,683149,2025-10-14T16:48:16.146Z
661b44ca-52cb-4149-8cbe-17d26bdf6902,4c9659e2-39a0-491a-9392-94dfda2a7ad5,debit,433,9846.45,2025-10-14T16:48:16.146Z
661b44ca-52cb-4149-8cbe-17d26bdf6902,8c25909a-227f-4d95-86a1-9033ec6e34a4,credit,433,6169,2025-10-14T16:48:16.146Z
3bb598e6-f128-4f01-be40-dff3615340a3,4f64b206-7b74-44ce-b39f-89049ebd4e3f,debit,741,118015.79999999999,2025-10-15T16:48:16.146Z
3bb598e6-f128-4f01-be40-dff3615340a3,99326bcd-2ed0-4319-b6a7-a9d1ac39f1b2,credit,741,18657,2025-10-15T16:48:16.146Z
5e6f90bb-5e06-4109-8469-a73331c7d9dc,2e25c793-17ff-4230-b58d-17dfcc222464,credit,14866,698015,2025-10-15T16:48:16.146Z
859e0273-6d7e-432c-96f8-40682d37d58e,2e25c793-17ff-4230-b58d-17dfcc222464,debit,33230,664785,2025-10-15T16:48:16.146Z
859e0273-6d7e-432c-96f8-40682d37d58e,78d754c3-7421-45c6-af19-62af10c7d7a7,credit,33230,287007,2025-10-15T16:48:16.146Z
191775d9-875f-4258-9080-64af0142fe44,2e25c793-17ff-4230-b58d-17dfcc222464,debit,3425,661360,2025-10-15T16:48:16.146Z
191775d9-875f-4258-9080-64af0142fe44,68e8cdc4-a89c-4489-9d80-d6345ef95f59,credit,3425,82777,2025-10-15T16:48:16.146Z
3263dbbb-cc6a-4062-8362-a5e6c94bea1b,d53314e5-d645-464a-99cf-45ed1a35e9fd,debit,1011,227232.05,2025-10-15T16:48:16.146Z
3263dbbb-cc6a-4062-8362-a5e6c94bea1b,77f216ae-66bd-4d6b-9dcf-ac7ac8c779cc,credit,1011,15162,2025-10-15T16:48:16.146Z
6a4be40f-0001-4988-bb2b-c65f218af210,4c9659e2-39a0-491a-9392-94dfda2a7ad5,credit,29241,39087.45,2025-10-15T16:48:16.146Z
28a47171-6fcf-4eae-891b-01eea217259c,4c9659e2-39a0-491a-9392-94dfda2a7ad5,debit,1849,37238.45,2025-10-15T16:48:16.146Z
28a47171-6fcf-4eae-891b-01eea217259c,68e8cdc4-a89c-4489-9d80-d6345ef95f59,credit,1849,84626,2025-10-15T16:48:16.146Z
fe592a89-317f-4aca-9f9d-0031a253430b,4c9659e2-39a0-491a-9392-94dfda2a7ad5,debit,363,36875.45,2025-10-15T16:48:16.146Z
fe592a89-317f-4aca-9f9d-0031a253430b,99326bcd-2ed0-4319-b6a7-a9d1ac39f1b2,credit,363,19020,2025-10-15T16:48:16.146Z
356be492-0c63-4519-8d45-dea652835f37,4f64b206-7b74-44ce-b39f-89049ebd4e3f,debit,3102,114913.79999999999,2025-10-16T16:48:16.146Z
356be492-0c63-4519-8d45-dea652835f37,68e8cdc4-a89c-4489-9d80-d6345ef95f59,credit,3102,87728,2025-10-16T16:48:16.146Z
669b6190-1f67-471e-880d-ee5edeeba943,4f64b206-7b74-44ce-b39f-89049ebd4e3f,credit,155.1,115068.9,2025-10-16T16:48:16.146Z
1ec25dd5-7f36-4949-b083-e34016ab6677,2e25c793-17ff-4230-b58d-17dfcc222464,debit,505,660855,2025-10-16T16:48:16.146Z
1ec25dd5-7f36-4949-b083-e34016ab6677,77f216ae-66bd-4d6b-9dcf-ac7ac8c779cc,credit,505,15667,2025-10-16T16:48:16.146Z
4b3b55e3-e443-4d2a-8678-d3d37d6688c4,dfffab37-7984-45e6-bfd9-bcb0617b8a82,debit,224,37813.2,2025-10-16T16:48:16.146Z
4b3b55e3-e443-4d2a-8678-d3d37d6688c4,77f216ae-66bd-4d6b-9dcf-ac7ac8c779cc,credit,224,15891,2025-10-16T16:48:16.146Z
44576bae-d974-42bd-9d14-312aa687fc7b,cc817b0a-5cde-4437-9047-eb0a6c1b8735,debit,299,33219.4,2025-10-16T16:48:16.146Z
44576bae-d974-42bd-9d14-312aa687fc7b,99326bcd-2ed0-4319-b6a7-a9d1ac39f1b2,credit,299,19319,2025-10-16T16:48:16.146Z
d4b84262-593d-4685-ab0d-f8969d626ef1,4c9659e2-39a0-491a-9392-94dfda2a7ad5,debit,494,36381.45,2025-10-16T16:48:16.146Z
d4b84262-593d-4685-ab0d-f8969d626ef1,99326bcd-2ed0-4319-b6a7-a9d1ac39f1b2,credit,494,19813,2025-10-16T16:48:16.146Z
5da25e2a-69f5-4db9-9181-6f3555ee12a4,2e25c793-17ff-4230-b58d-17dfcc222464,credit,10757,671612,2025-10-17T16:48:16.146Z
964789e5-4410-4b0c-8252-78ad900e2fad,d53314e5-d645-464a-99cf-45ed1a35e9fd,debit,1057,226175.05,2025-10-17T16:48:16.146Z
964789e5-4410-4b0c-8252-78ad900e2fad,8c25909a-227f-4d95-86a1-9033ec6e34a4,credit,1057,7226,2025-10-17T16:48:16.146Z
0981bba7-897f-4a97-ac1c-b7843a386778,4f64b206-7b74-44ce-b39f-89049ebd4e3f,debit,3188,111880.9,2025-10-18T16:48:16.146Z
0981bba7-897f-4a97-ac1c-b7843a386778,8fecc2ac-282e-4044-a1dd-0ef257c60926,credit,3188,35105,2025-10-18T16:48:16.146Z
2e104b42-0cad-4e65-b598-6095bcd2a421,2e25c793-17ff-4230-b58d-17dfcc222464,credit,14619,686231,2025-10-18T16:48:16.146Z
17bf007f-e555-40dd-ac40-e499d805ea09,d53314e5-d645-464a-99cf-45ed1a35e9fd,debit,1488,224687.05,2025-10-18T16:48:16.146Z
17bf007f-e555-40dd-ac40-e499d805ea09,8c25909a-227f-4d95-86a1-9033ec6e34a4,credit,1488,8714,2025-10-18T16:48:16.146Z
2829de0b-43a8-4222-835a-562d541851aa,cc817b0a-5cde-4437-9047-eb0a6c1b8735,debit,430,32789.4,2025-10-18T16:48:16.146Z
2829de0b-43a8-4222-835a-562d541851aa,99326bcd-2ed0-4319-b6a7-a9d1ac39f1b2,credit,430,20243,2025-10-18T16:48:16.146Z
5826a06b-f264-46d1-90b2-590324b3e081,4f64b206-7b74-44ce-b39f-89049ebd4e3f,debit,461,111419.9,2025-10-19T16:48:16.146Z
5826a06b-f264-46d1-90b2-590324b3e081,99326bcd-2ed0-4319-b6a7-a9d1ac39f1b2,credit,461,20704,2025-10-19T16:48:16.146Z
87c7c492-1dea-43a3-b695-74e3327bde83,2e25c793-17ff-4230-b58d-17dfcc222464,credit,17607,703838,2025-10-19T16:48:16.146Z
a7648464-cbb1-4aee-82d8-8a15b92eee1a,2e25c793-17ff-4230-b58d-17dfcc222464,credit,11186,715024,2025-10-19T16:48:16.146Z
27f69bc7-ffd7-45cb-9b96-4658a22577ad,2e25c793-17ff-4230-b58d-17dfcc222464,credit,8496,723520,2025-10-19T16:48:16.146Z
4043e1d5-b03e-4686-bb68-395a921590fa,d53314e5-d645-464a-99cf-45ed1a35e9fd,debit,6768,217919.05,2025-10-19T16:48:16.146Z
4043e1d5-b03e-4686-bb68-395a921590fa,5a5c422f-2b4f-4e26-bd2e-db36096ce28f,credit,6768,6768,2025-10-19T16:48:16.146Z
83dcc002-e27e-42a8-9dd0-7075580f6959,dfffab37-7984-45e6-bfd9-bcb0617b8a82,credit,5000,42813.2,2025-10-19T16:48:16.146Z
263b6a13-9c1e-4a7f-aa3b-bee247ac1e25,cc817b0a-5cde-4437-9047-eb0a6c1b8735,credit,4000,36789.4,2025-10-19T16:48:16.146Z
105d0f81-0425-455a-afde-aec50f8b17c9,cc817b0a-5cde-4437-9047-eb0a6c1b8735,debit,159,36630.4,2025-10-19T16:48:16.146Z
105d0f81-0425-455a-afde-aec50f8b17c9,77f216ae-66bd-4d6b-9dcf-ac7ac8c779cc,credit,159,16050,2025-10-19T16:48:16.146Z
9d76f150-317a-4023-bfa9-a36fde422e0f,2e25c793-17ff-4230-b58d-17dfcc222464,credit,5925,729445,2025-10-20T16:48:16.146Z
906abcb3-8b2a-4e0d-8775-d68281ad0612,2e25c793-17ff-4230-b58d-17dfcc222464,credit,13709,743154,2025-10-20T16:48:16.146Z
0f7880d7-a60d-49a4-b23b-11eb10c1a941,2e25c793-17ff-4230-b58d-17dfcc222464,debit,367,742787,2025-10-20T16:48:16.146Z
0f7880d7-a60d-49a4-b23b-11eb10c1a941,8c25909a-227f-4d95-86a1-9033ec6e34a4,credit,367,9081,2025-10-20T16:48:16.146Z
4ca2ea05-f050-4512-a7b9-60d16f33379a,cc817b0a-5cde-4437-9047-eb0a6c1b8735,debit,156,36474.4,2025-10-20T16:48:16.146Z
4ca2ea05-f050-4512-a7b9-60d16f33379a,99326bcd-2ed0-4319-b6a7-a9d1ac39f1b2,credit,156,20860,2025-10-20T16:48:16.146Z
74a7314c-f20f-49cb-b95a-a666b18dddcf,2e25c793-17ff-4230-b58d-17dfcc222464,credit,7558,750345,2025-10-21T16:48:16.146Z
8cc99fc2-abd5-44fb-bc4b-f1a1802d63b0,2e25c793-17ff-4230-b58d-17dfcc222464,debit,480,749865,2025-10-21T16:48:16.146Z
8cc99fc2-abd5-44fb-bc4b-f1a1802d63b0,77f216ae-66bd-4d6b-9dcf-ac7ac8c779cc,credit,480,16530,2025-10-21T16:48:16.146Z
b6aab9e1-95d8-484c-bbca-611458f291d9,d53314e5-d645-464a-99cf-45ed1a35e9fd,debit,382,217537.05,2025-10-21T16:48:16.146Z
b6aab9e1-95d8-484c-bbca-611458f291d9,77f216ae-66bd-4d6b-9dcf-ac7ac8c779cc,credit,382,16912,2025-10-21T16:48:16.146Z
7eb6a253-58f4-4c94-b09d-1ea6674dedda,cc817b0a-5cde-4437-9047-eb0a6c1b8735,debit,178,36296.4,2025-10-21T16:48:16.146Z
7eb6a253-58f4-4c94-b09d-1ea6674dedda,77f216ae-66bd-4d6b-9dcf-ac7ac8c779cc,credit,178,17090,2025-10-21T16:48:16.146Z
95f28bc0-f242-4311-8a01-eb17e0a207ea,4c9659e2-39a0-491a-9392-94dfda2a7ad5,debit,1410,34971.45,2025-10-21T16:48:16.146Z
95f28bc0-f242-4311-8a01-eb17e0a207ea,8fecc2ac-282e-4044-a1dd-0ef257c60926,credit,1410,36515,2025-10-21T16:48:16.146Z
8ced1651-1642-4dc4-8ffc-5ad290961530,2e25c793-17ff-4230-b58d-17dfcc222464,credit,11685,761550,2025-10-22T16:48:16.146Z
1ca74748-c6eb-4b5b-a089-0c4d1004cd0d,2e25c793-17ff-4230-b58d-17dfcc222464,credit,5360,766910,2025-10-22T16:48:16.146Z
418da9e1-0333-4cb5-a783-6e277428f417,2e25c793-17ff-4230-b58d-17dfcc222464,credit,14624,781534,2025-10-22T16:48:16.146Z
5d2e064c-ad60-4f4a-bbd5-4f28921ace25,2e25c793-17ff-4230-b58d-17dfcc222464,debit,696,780838,2025-10-22T16:48:16.146Z
5d2e064c-ad60-4f4a-bbd5-4f28921ace25,77f216ae-66bd-4d6b-9dcf-ac7ac8c779cc,credit,696,17786,2025-10-22T16:48:16.146Z
7e966026-d72e-4ab1-b95a-69f107847b46,2e25c793-17ff-4230-b58d-17dfcc222464,credit,8244,789082,2025-10-23T16:48:16.146Z
025e449c-861d-4434-9890-4d3f0bde393e,4c9659e2-39a0-491a-9392-94dfda2a7ad5,debit,231,34740.45,2025-10-23T16:48:16.146Z
025e449c-861d-4434-9890-4d3f0bde393e,99326bcd-2ed0-4319-b6a7-a9d1ac39f1b2,credit,231,21091,2025-10-23T16:48:16.146Z
a66596f7-1d2f-45f4-a75b-1e4db1a90606,4f64b206-7b74-44ce-b39f-89049ebd4e3f,debit,429,110990.9,2025-10-24T16:48:16.146Z
a66596f7-1d2f-45f4-a75b-1e4db1a90606,99326bcd-2ed0-4319-b6a7-a9d1ac39f1b2,credit,429,21520,2025-10-24T16:48:16.146Z
3d38a505-8f55-4ee0-aa60-34497f3ad5be,2e25c793-17ff-4230-b58d-17dfcc222464,credit,15928,805010,2025-10-24T16:48:16.146Z
c7b309fc-87b3-4dfd-8dc7-e00f8d27e710,4c9659e2-39a0-491a-9392-94dfda2a7ad5,credit,29904,64644.45,2025-10-24T16:48:16.146Z
9180f711-04af-4bbe-a18e-1e8487dc62e5,4f64b206-7b74-44ce-b39f-89049ebd4e3f,debit,3144,107846.9,2025-10-25T16:48:16.146Z
9180f711-04af-4bbe-a18e-1e8487dc62e5,8fecc2ac-282e-4044-a1dd-0ef257c60926,credit,3144,39659,2025-10-25T16:48:16.146Z
a014054a-fa53-4113-9b1f-b44230bb2d06,4f64b206-7b74-44ce-b39f-89049ebd4e3f,debit,329,107517.9,2025-10-25T16:48:16.146Z
a014054a-fa53-4113-9b1f-b44230bb2d06,99326bcd-2ed0-4319-b6a7-a9d1ac39f1b2,credit,329,21849,2025-10-25T16:48:16.146Z
582bddfd-bdba-4c41-b074-32ee0a79baf6,2e25c793-17ff-4230-b58d-17dfcc222464,credit,9188,814198,2025-10-25T16:48:16.146Z
231023fb-fb71-4b46-97b8-38180fc60adb,2e25c793-17ff-4230-b58d-17dfcc222464,credit,15927,830125,2025-10-25T16:48:16.146Z
11882bf0-1557-46c8-8831-f824957af05e,2e25c793-17ff-4230-b58d-17dfcc222464,credit,7606,837731,2025-10-25T16:48:16.146Z
6db85669-5528-432e-8d35-01131609f42f,2e25c793-17ff-4230-b58d-17dfcc222464,debit,63183,774548,2025-10-25T16:48:16.146Z
6db85669-5528-432e-8d35-01131609f42f,78d754c3-7421-45c6-af19-62af10c7d7a7,credit,63183,350190,2025-10-25T16:48:16.146Z
45a340fa-9bba-4685-9256-8e022ce751c2,cc817b0a-5cde-4437-9047-eb0a6c1b8735,debit,181,36115.4,2025-10-25T16:48:16.146Z
45a340fa-9bba-4685-9256-8e022ce751c2,dfffab37-7984-45e6-bfd9-bcb0617b8a82,credit,181,42994.2,2025-10-25T16:48:16.146Z
82e71e32-ff41-4566-9207-15775489412c,2e25c793-17ff-4230-b58d-17dfcc222464,credit,4977,779525,2025-10-26T16:48:16.146Z
e099750c-5d4d-4e3d-bdd5-9272ab5ddf42,d53314e5-d645-464a-99cf-45ed1a35e9fd,debit,338,217199.05,2025-10-26T16:48:16.146Z
e099750c-5d4d-4e3d-bdd5-9272ab5ddf42,77f216ae-66bd-4d6b-9dcf-ac7ac8c779cc,credit,338,18124,2025-10-26T16:48:16.146Z
4b0f8e24-b826-41ee-b1e7-9c0625cfe59f,dfffab37-7984-45e6-bfd9-bcb0617b8a82,credit,5000,47994.2,2025-10-26T16:48:16.146Z
9d00353f-e8bb-43c5-87dd-3d881a1eefa5,dfffab37-7984-45e6-bfd9-bcb0617b8a82,debit,200,47794.2,2025-10-26T16:48:16.146Z
9d00353f-e8bb-43c5-87dd-3d881a1eefa5,99326bcd-2ed0-4319-b6a7-a9d1ac39f1b2,credit,200,22049,2025-10-26T16:48:16.146Z
9885e117-90b8-4a5c-b823-357e9cd105ce,cc817b0a-5cde-4437-9047-eb0a6c1b8735,credit,4000,40115.4,2025-10-26T16:48:16.146Z
17afb563-3432-46b7-a5d6-a8ce479a4a87,cc817b0a-5cde-4437-9047-eb0a6c1b8735,debit,138,39977.4,2025-10-26T16:48:16.146Z
17afb563-3432-46b7-a5d6-a8ce479a4a87,dfffab37-7984-45e6-bfd9-bcb0617b8a82,credit,138,47932.2,2025-10-26T16:48:16.146Z
d04b0ec8-281b-44ec-b5f4-f4a038d466ef,2e25c793-17ff-4230-b58d-17dfcc222464,credit,7222,786747,2025-10-27T16:48:16.146Z
712b25f6-74cb-4987-93f0-2f2ed99f7ee9,2e25c793-17ff-4230-b58d-17dfcc222464,credit,15769,802516,2025-10-27T16:48:16.146Z
315d1f56-f11b-4084-b1a8-19e80b1f812f,cc817b0a-5cde-4437-9047-eb0a6c1b8735,debit,114,39863.4,2025-10-27T16:48:16.146Z
315d1f56-f11b-4084-b1a8-19e80b1f812f,dfffab37-7984-45e6-bfd9-bcb0617b8a82,credit,114,48046.2,2025-10-27T16:48:16.146Z
44ab6261-33d0-4a32-be72-9dbf22a33499,2e25c793-17ff-4230-b58d-17dfcc222464,credit,9389,811905,2025-10-28T16:48:16.146Z
985571a3-0962-4db6-b046-5196da1cfa09,2e25c793-17ff-4230-b58d-17dfcc222464,credit,14365,826270,2025-10-28T16:48:16.146Z
4b8ee496-beeb-4448-8f5b-278c8a9aebe1,4c9659e2-39a0-491a-9392-94dfda2a7ad5,debit,1429,63215.45,2025-10-28T16:48:16.146Z
4b8ee496-beeb-4448-8f5b-278c8a9aebe1,8fecc2ac-282e-4044-a1dd-0ef257c60926,credit,1429,41088,2025-10-28T16:48:16.146Z
87922b60-999e-4dbf-9aa3-7b965d023ddc,d53314e5-d645-464a-99cf-45ed1a35e9fd,debit,456,216743.05,2025-10-29T16:48:16.146Z
87922b60-999e-4dbf-9aa3-7b965d023ddc,99326bcd-2ed0-4319-b6a7-a9d1ac39f1b2,credit,456,22505,2025-10-29T16:48:16.146Z
7e5befc3-1e1f-48b0-b0fe-9be32b318717,dfffab37-7984-45e6-bfd9-bcb0617b8a82,debit,142,47904.2,2025-10-29T16:48:16.146Z
7e5befc3-1e1f-48b0-b0fe-9be32b318717,cc817b0a-5cde-4437-9047-eb0a6c1b8735,credit,142,40005.4,2025-10-29T16:48:16.146Z
bc076287-4c97-4103-848f-f890a04bb099,4c9659e2-39a0-491a-9392-94dfda2a7ad5,debit,197,63018.45,2025-10-29T16:48:16.146Z
bc076287-4c97-4103-848f-f890a04bb099,77f216ae-66bd-4d6b-9dcf-ac7ac8c779cc,credit,197,18321,2025-10-29T16:48:16.146Z
fcf7ad7f-77b2-468d-a53c-2c62b0f40e7d,4f64b206-7b74-44ce-b39f-89049ebd4e3f,debit,729,106788.9,2025-10-30T16:48:16.146Z
fcf7ad7f-77b2-468d-a53c-2c62b0f40e7d,99326bcd-2ed0-4319-b6a7-a9d1ac39f1b2,credit,729,23234,2025-10-30T16:48:16.146Z
6d906ac4-84f4-45ea-ad8c-f43f06c94c9e,2e25c793-17ff-4230-b58d-17dfcc222464,credit,8780,835050,2025-10-30T16:48:16.146Z
5964e5ea-f14f-4692-a61e-469f9ad3e1b1,dfffab37-7984-45e6-bfd9-bcb0617b8a82,debit,692,47212.2,2025-10-30T16:48:16.146Z
5964e5ea-f14f-4692-a61e-469f9ad3e1b1,68e8cdc4-a89c-4489-9d80-d6345ef95f59,credit,692,88420,2025-10-30T16:48:16.146Z
9f19b7a2-3cb0-4e98-aa9f-aa883a3de3dd,dfffab37-7984-45e6-bfd9-bcb0617b8a82,credit,34.6,47246.799999999996,2025-10-30T16:48:16.146Z
b48a4a3b-d22c-43a6-90ed-51d013d49d07,4c9659e2-39a0-491a-9392-94dfda2a7ad5,debit,882,62136.45,2025-10-30T16:48:16.146Z
b48a4a3b-d22c-43a6-90ed-51d013d49d07,8fecc2ac-282e-4044-a1dd-0ef257c60926,credit,882,41970,2025-10-30T16:48:16.146Z
f5d3610c-a075-4727-94e9-5c4b50b091d6,2e25c793-17ff-4230-b58d-17dfcc222464,credit,5904,840954,2025-10-31T16:48:16.146Z
d542278d-af5c-4fb8-b075-a54e42fdd116,2e25c793-17ff-4230-b58d-17dfcc222464,credit,12822,853776,2025-10-31T16:48:16.146Z
d8518a5e-6edf-4a8e-af63-476041575044,cc817b0a-5cde-4437-9047-eb0a6c1b8735,debit,224,39781.4,2025-10-31T16:48:16.146Z
d8518a5e-6edf-4a8e-af63-476041575044,77f216ae-66bd-4d6b-9dcf-ac7ac8c779cc,credit,224,18545,2025-10-31T16:48:16.146Z
3cb7596f-e7bd-43a5-96c6-7718317b4f51,4f64b206-7b74-44ce-b39f-89049ebd4e3f,credit,85000,191788.9,2025-11-01T16:48:16.146Z
83d88928-c152-45a4-a01c-bd0ad1d99adc,4f64b206-7b74-44ce-b39f-89049ebd4e3f,debit,2743,189045.9,2025-11-01T16:48:16.146Z
83d88928-c152-45a4-a01c-bd0ad1d99adc,8fecc2ac-282e-4044-a1dd-0ef257c60926,credit,2743,44713,2025-11-01T16:48:16.146Z
577babe3-a8da-4cdb-9e12-4268be233fea,2e25c793-17ff-4230-b58d-17dfcc222464,credit,11341,865117,2025-11-01T16:48:16.146Z
ec832865-e1d4-4b17-9d74-de3d1464e00e,2e25c793-17ff-4230-b58d-17dfcc222464,credit,11964,877081,2025-11-01T16:48:16.146Z
496f24f8-3cc6-4cde-864f-11c61ae02434,d53314e5-d645-464a-99cf-45ed1a35e9fd,credit,120000,336743.05,2025-11-01T16:48:16.146Z
98e457ff-990e-4b04-b04c-98f1b4f1e792,d53314e5-d645-464a-99cf-45ed1a35e9fd,debit,358,336385.05,2025-11-01T16:48:16.146Z
98e457ff-990e-4b04-b04c-98f1b4f1e792,99326bcd-2ed0-4319-b6a7-a9d1ac39f1b2,credit,358,23592,2025-11-01T16:48:16.146Z
8285ec56-fdd8-425f-ae0a-2d9fe6296295,4f64b206-7b74-44ce-b39f-89049ebd4e3f,debit,556,188489.9,2025-11-02T16:48:16.146Z
8285ec56-fdd8-425f-ae0a-2d9fe6296295,99326bcd-2ed0-4319-b6a7-a9d1ac39f1b2,credit,556,24148,2025-11-02T16:48:16.146Z
8ef41175-cb1d-44d8-b39a-79ed12a96a52,2e25c793-17ff-4230-b58d-17dfcc222464,debit,35000,842081,2025-11-02T16:48:16.146Z
8ef41175-cb1d-44d8-b39a-79ed12a96a52,396aaa88-f522-47e1-a4dd-f2107cc69e7a,credit,35000,180000,2025-11-02T16:48:16.146Z
5dd4e660-9d4b-4d4c-8603-97ec9f9d46ca,dfffab37-7984-45e6-bfd9-bcb0617b8a82,credit,5000,52246.799999999996,2025-11-02T16:48:16.146Z
f765761c-3f42-4cc8-ad95-01378a6a4ffb,cc817b0a-5cde-4437-9047-eb0a6c1b8735,credit,4000,43781.4,2025-11-02T16:48:16.146Z
68891a7f-e8ec-442f-8cb8-e433256811cb,cc817b0a-5cde-4437-9047-eb0a6c1b8735,debit,353,43428.4,2025-11-02T16:48:16.146Z
68891a7f-e8ec-442f-8cb8-e433256811cb,99326bcd-2ed0-4319-b6a7-a9d1ac39f1b2,credit,353,24501,2025-11-02T16:48:16.146Z
1e3f51a8-e7d9-4f9d-b1e2-06cefc23b01b,4c9659e2-39a0-491a-9392-94dfda2a7ad5,debit,312,61824.45,2025-11-02T16:48:16.146Z
1e3f51a8-e7d9-4f9d-b1e2-06cefc23b01b,99326bcd-2ed0-4319-b6a7-a9d1ac39f1b2,credit,312,24813,2025-11-02T16:48:16.146Z
def6dbf9-3ab7-4e67-8547-de980a513393,4f64b206-7b74-44ce-b39f-89049ebd4e3f,debit,25000,163489.9,2025-11-03T16:48:16.146Z
def6dbf9-3ab7-4e67-8547-de980a513393,396aaa88-f522-47e1-a4dd-f2107cc69e7a,credit,25000,205000,2025-11-03T16:48:16.146Z
7adbd22f-e7a1-45b9-9234-f8ee9aa15e88,2e25c793-17ff-4230-b58d-17dfcc222464,credit,15550,857631,2025-11-03T16:48:16.146Z
84746ba2-fe11-4adb-96f5-4aab2322d90e,2e25c793-17ff-4230-b58d-17dfcc222464,credit,17980,875611,2025-11-03T16:48:16.146Z
d4798c32-790f-4c70-b197-0ab6c0f6a678,2e25c793-17ff-4230-b58d-17dfcc222464,credit,8112,883723,2025-11-03T16:48:16.146Z
f1742d2d-0dbc-44b3-ba89-e5735f866d13,2e25c793-17ff-4230-b58d-17dfcc222464,debit,371,883352,2025-11-03T16:48:16.146Z
f1742d2d-0dbc-44b3-ba89-e5735f866d13,8c25909a-227f-4d95-86a1-9033ec6e34a4,credit,371,9452,2025-11-03T16:48:16.146Z
b9e2d2e8-f018-4611-a5b3-e0a8f0a02379,dfffab37-7984-45e6-bfd9-bcb0617b8a82,debit,166,52080.799999999996,2025-11-03T16:48:16.146Z
b9e2d2e8-f018-4611-a5b3-e0a8f0a02379,cc817b0a-5cde-4437-9047-eb0a6c1b8735,credit,166,43594.4,2025-11-03T16:48:16.146Z
2cffe943-b623-42d2-889a-60e8b7e7820a,4c9659e2-39a0-491a-9392-94dfda2a7ad5,debit,352,61472.45,2025-11-03T16:48:16.146Z
2cffe943-b623-42d2-889a-60e8b7e7820a,77f216ae-66bd-4d6b-9dcf-ac7ac8c779cc,credit,352,18897,2025-11-03T16:48:16.146Z
332b6d0a-2ffb-4a44-923d-264a31d0295c,2e25c793-17ff-4230-b58d-17dfcc222464,credit,6056,889408,2025-11-04T16:48:16.146Z
193972f7-9ca4-4ae2-b9db-fa06f0fec17a,2e25c793-17ff-4230-b58d-17dfcc222464,debit,813,888595,2025-11-04T16:48:16.146Z
193972f7-9ca4-4ae2-b9db-fa06f0fec17a,77f216ae-66bd-4d6b-9dcf-ac7ac8c779cc,credit,813,19710,2025-11-04T16:48:16.146Z
07f7f5d6-58de-4fae-9467-bf9d87714005,dfffab37-7984-45e6-bfd9-bcb0617b8a82,debit,118,51962.799999999996,2025-11-04T16:48:16.146Z
07f7f5d6-58de-4fae-9467-bf9d87714005,77f216ae-66bd-4d6b-9dcf-ac7ac8c779cc,credit,118,19828,2025-11-04T16:48:16.146Z
ca0f07c2-cedb-4180-80fa-96481115d2dc,cc817b0a-5cde-4437-9047-eb0a6c1b8735,debit,270,43324.4,2025-11-04T16:48:16.146Z
ca0f07c2-cedb-4180-80fa-96481115d2dc,77f216ae-66bd-4d6b-9dcf-ac7ac8c779cc,credit,270,20098,2025-11-04T16:48:16.146Z
eb1508b4-96fe-4331-9f8f-e5265abe5e2d,4c9659e2-39a0-491a-9392-94dfda2a7ad5,credit,12620,74092.45,2025-11-04T16:48:16.146Z
321b0e45-b264-4e9c-8114-ba03e1bc0665,4c9659e2-39a0-491a-9392-94dfda2a7ad5,debit,180,73912.45,2025-11-04T16:48:16.146Z
321b0e45-b264-4e9c-8114-ba03e1bc0665,8c25909a-227f-4d95-86a1-9033ec6e34a4,credit,180,9632,2025-11-04T16:48:16.146Z
c29d96cb-2926-47c4-ae19-af9526603206,4f64b206-7b74-44ce-b39f-89049ebd4e3f,debit,4473,159016.9,2025-11-05T16:48:16.146Z
c29d96cb-2926-47c4-ae19-af9526603206,0e5d4bb0-d613-443b-beef-163eb4214b67,credit,4473,14291,2025-11-05T16:48:16.146Z
4338bd2a-477b-4807-89d3-7bdaa54ffad1,2e25c793-17ff-4230-b58d-17dfcc222464,credit,11302,899897,2025-11-05T16:48:16.146Z
c7524cb0-a3a8-4587-8b22-e9f484e987da,2e25c793-17ff-4230-b58d-17dfcc222464,credit,15963,915860,2025-11-05T16:48:16.146Z
1c55dc97-971e-499d-8a66-4e2e6276746d,2e25c793-17ff-4230-b58d-17dfcc222464,debit,39035,876825,2025-11-05T16:48:16.146Z
1c55dc97-971e-499d-8a66-4e2e6276746d,78d754c3-7421-45c6-af19-62af10c7d7a7,credit,39035,389225,2025-11-05T16:48:16.146Z
e7355d1b-8068-4500-b10e-3319dbb121fc,4f64b206-7b74-44ce-b39f-89049ebd4e3f,debit,658,158358.9,2025-11-06T16:48:16.146Z
e7355d1b-8068-4500-b10e-3319dbb121fc,99326bcd-2ed0-4319-b6a7-a9d1ac39f1b2,credit,658,25471,2025-11-06T16:48:16.146Z
bfbc394f-62d1-46b5-9200-b80a93fcf391,2e25c793-17ff-4230-b58d-17dfcc222464,credit,7040,883865,2025-11-06T16:48:16.146Z
431c6616-19a2-411d-b72c-32bbcab4d8a2,2e25c793-17ff-4230-b58d-17dfcc222464,debit,709,883156,2025-11-06T16:48:16.146Z
431c6616-19a2-411d-b72c-32bbcab4d8a2,77f216ae-66bd-4d6b-9dcf-ac7ac8c779cc,credit,709,20807,2025-11-06T16:48:16.146Z
0c7d5aaa-12df-4118-9bc8-ebf92c6ea5ca,dfffab37-7984-45e6-bfd9-bcb0617b8a82,debit,280,51682.799999999996,2025-11-06T16:48:16.146Z
0c7d5aaa-12df-4118-9bc8-ebf92c6ea5ca,99326bcd-2ed0-4319-b6a7-a9d1ac39f1b2,credit,280,25751,2025-11-06T16:48:16.146Z
c685189d-49f9-4829-b368-48256e038d23,cc817b0a-5cde-4437-9047-eb0a6c1b8735,debit,176,43148.4,2025-11-06T16:48:16.146Z
c685189d-49f9-4829-b368-48256e038d23,77f216ae-66bd-4d6b-9dcf-ac7ac8c779cc,credit,176,20983,2025-11-06T16:48:16.146Z
bb4ff908-1ecb-41e8-8c4b-061b602cb15b,4c9659e2-39a0-491a-9392-94dfda2a7ad5,debit,294,73618.45,2025-11-06T16:48:16.146Z
bb4ff908-1ecb-41e8-8c4b-061b602cb15b,99326bcd-2ed0-4319-b6a7-a9d1ac39f1b2,credit,294,26045,2025-11-06T16:48:16.146Z
5b68a63c-de23-40dd-97f7-724db4cae536,2e25c793-17ff-4230-b58d-17dfcc222464,credit,15916,899072,2025-11-07T16:48:16.146Z
1ac5dbf7-6d2b-4aee-8298-8587d5993c5f,2e25c793-17ff-4230-b58d-17dfcc222464,credit,10092,909164,2025-11-07T16:48:16.146Z
5e9940c8-1d4a-45f3-b37f-b6408bb78942,2e25c793-17ff-4230-b58d-17dfcc222464,credit,7470,916634,2025-11-07T16:48:16.146Z
6d4a0289-e37b-4993-a973-3da72d95cf2f,2e25c793-17ff-4230-b58d-17dfcc222464,debit,18000,898634,2025-11-07T16:48:16.146Z
6d4a0289-e37b-4993-a973-3da72d95cf2f,655846c2-aeb1-41c7-b562-4937ad6f5c8b,credit,18000,54000,2025-11-07T16:48:16.146Z
17a22e0d-cf22-4f6c-8a30-641ba16e2c1c,2e25c793-17ff-4230-b58d-17dfcc222464,debit,1868,896766,2025-11-07T16:48:16.146Z
17a22e0d-cf22-4f6c-8a30-641ba16e2c1c,68e8cdc4-a89c-4489-9d80-d6345ef95f59,credit,1868,90288,2025-11-07T16:48:16.146Z
547fffae-c9f1-4e1a-ac35-533ccfd00cbb,4f64b206-7b74-44ce-b39f-89049ebd4e3f,debit,2748,155610.9,2025-11-08T16:48:16.146Z
547fffae-c9f1-4e1a-ac35-533ccfd00cbb,8fecc2ac-282e-4044-a1dd-0ef257c60926,credit,2748,47461,2025-11-08T16:48:16.146Z
2ac1d95a-5778-4258-a1c3-077d79a32b9d,2e25c793-17ff-4230-b58d-17dfcc222464,credit,17400,914166,2025-11-08T16:48:16.146Z
7b9ab024-cbee-44dd-93fb-a6d367ca56a6,2e25c793-17ff-4230-b58d-17dfcc222464,credit,10113,924279,2025-11-08T16:48:16.146Z
40f3890c-f6b6-4cf0-8399-48d287220921,2e25c793-17ff-4230-b58d-17dfcc222464,credit,13574,937853,2025-11-08T16:48:16.146Z
0fdff69d-2674-4616-9e15-2b41652f06ce,2e25c793-17ff-4230-b58d-17dfcc222464,debit,6198,931655,2025-11-08T16:48:16.146Z
0fdff69d-2674-4616-9e15-2b41652f06ce,68e8cdc4-a89c-4489-9d80-d6345ef95f59,credit,6198,96486,2025-11-08T16:48:16.146Z
1913bd5d-0d53-4d85-94e3-5d4fc0dbb06b,dfffab37-7984-45e6-bfd9-bcb0617b8a82,debit,217,51465.799999999996,2025-11-08T16:48:16.146Z
1913bd5d-0d53-4d85-94e3-5d4fc0dbb06b,99326bcd-2ed0-4319-b6a7-a9d1ac39f1b2,credit,217,26262,2025-11-08T16:48:16.146Z
ff194840-c39c-451b-b8b1-164ba429bfab,cc817b0a-5cde-4437-9047-eb0a6c1b8735,debit,235,42913.4,2025-11-08T16:48:16.146Z
ff194840-c39c-451b-b8b1-164ba429bfab,dfffab37-7984-45e6-bfd9-bcb0617b8a82,credit,235,51700.799999999996,2025-11-08T16:48:16.146Z
64bacc73-2228-47c3-8213-29c0eb921508,4c9659e2-39a0-491a-9392-94dfda2a7ad5,debit,1457,72161.45,2025-11-08T16:48:16.146Z
64bacc73-2228-47c3-8213-29c0eb921508,8fecc2ac-282e-4044-a1dd-0ef257c60926,credit,1457,48918,2025-11-08T16:48:16.146Z
4f6157c4-ab6a-4dc3-95cd-b6219b2032a3,2e25c793-17ff-4230-b58d-17dfcc222464,credit,13252,944907,2025-11-09T16:48:16.146Z
610f3f88-ed03-4057-9509-f8a15e3a2b45,d53314e5-d645-464a-99cf-45ed1a35e9fd,debit,461,335924.05,2025-11-09T16:48:16.146Z
610f3f88-ed03-4057-9509-f8a15e3a2b45,99326bcd-2ed0-4319-b6a7-a9d1ac39f1b2,credit,461,26723,2025-11-09T16:48:16.146Z
1d397bd6-2f17-4b21-9c49-15971dd6e6f6,dfffab37-7984-45e6-bfd9-bcb0617b8a82,credit,5000,56700.799999999996,2025-11-09T16:48:16.146Z
019ce3f9-b223-4f0f-80da-29a9991ba8a9,cc817b0a-5cde-4437-9047-eb0a6c1b8735,credit,4000,46913.4,2025-11-09T16:48:16.146Z
70e2097d-a521-4b39-a135-c9632c47e8b1,cc817b0a-5cde-4437-9047-eb0a6c1b8735,debit,145,46768.4,2025-11-09T16:48:16.146Z
70e2097d-a521-4b39-a135-c9632c47e8b1,77f216ae-66bd-4d6b-9dcf-ac7ac8c779cc,credit,145,21128,2025-11-09T16:48:16.146Z
dd54ceab-9da1-472c-b7b4-2efd473697bc,4c9659e2-39a0-491a-9392-94dfda2a7ad5,debit,561,71600.45,2025-11-09T16:48:16.146Z
dd54ceab-9da1-472c-b7b4-2efd473697bc,99326bcd-2ed0-4319-b6a7-a9d1ac39f1b2,credit,561,27284,2025-11-09T16:48:16.146Z
ccb08328-3bb0-457b-b422-0a8c4cb43109,4f64b206-7b74-44ce-b39f-89049ebd4e3f,debit,199,155411.9,2025-11-10T16:48:16.146Z
ccb08328-3bb0-457b-b422-0a8c4cb43109,bcf7c323-ee7b-4313-95c0-68f74cfeb2bb,credit,199,796,2025-11-10T16:48:16.146Z
52f0545d-b25c-4a50-a111-42a1cc472269,4f64b206-7b74-44ce-b39f-89049ebd4e3f,debit,699,154712.9,2025-11-10T16:48:16.146Z
52f0545d-b25c-4a50-a111-42a1cc472269,8f5bd58f-2868-4aff-b5da-41454b5bb662,credit,699,2796,2025-11-10T16:48:16.146Z
f6865c33-ba7c-41cf-b723-431c50b591e7,4f64b206-7b74-44ce-b39f-89049ebd4e3f,debit,3552,151160.9,2025-11-10T16:48:16.146Z
f6865c33-ba7c-41cf-b723-431c50b591e7,68e8cdc4-a89c-4489-9d80-d6345ef95f59,credit,3552,100038,2025-11-10T16:48:16.146Z
423da42e-2a93-41f7-84d8-e43774bcd746,2e25c793-17ff-4230-b58d-17dfcc222464,credit,5430,950337,2025-11-10T16:48:16.146Z
4b74af0f-33d1-4c69-ad9f-a9c4b54a079f,2e25c793-17ff-4230-b58d-17dfcc222464,debit,459,949878,2025-11-10T16:48:16.146Z
4b74af0f-33d1-4c69-ad9f-a9c4b54a079f,77f216ae-66bd-4d6b-9dcf-ac7ac8c779cc,credit,459,21587,2025-11-10T16:48:16.146Z
41ac590a-6daa-4d5f-9db2-836840c3c65a,dfffab37-7984-45e6-bfd9-bcb0617b8a82,debit,282,56418.799999999996,2025-11-10T16:48:16.146Z
41ac590a-6daa-4d5f-9db2-836840c3c65a,99326bcd-2ed0-4319-b6a7-a9d1ac39f1b2,credit,282,27566,2025-11-10T16:48:16.146Z
20210746-5a33-4811-b6d9-5d790d2f26ff,4c9659e2-39a0-491a-9392-94dfda2a7ad5,credit,18823,90423.45,2025-11-10T16:48:16.146Z
94406e71-2c23-417a-a860-f77cbc8395c3,4c9659e2-39a0-491a-9392-94dfda2a7ad5,debit,343,90080.45,2025-11-10T16:48:16.146Z
94406e71-2c23-417a-a860-f77cbc8395c3,8c25909a-227f-4d95-86a1-9033ec6e34a4,credit,343,9975,2025-11-10T16:48:16.146Z
91207b46-ab52-45d1-90c8-4962963c6323,2e25c793-17ff-4230-b58d-17dfcc222464,credit,16645,966523,2025-11-11T16:48:16.146Z
9cd2f923-60c5-4eb0-b9d9-1c6191bc71ae,2e25c793-17ff-4230-b58d-17dfcc222464,credit,10566,977089,2025-11-11T16:48:16.146Z
ec7a70be-1ba6-4a5f-babb-8b8d6c9c6ad1,dfffab37-7984-45e6-bfd9-bcb0617b8a82,debit,211,56207.799999999996,2025-11-11T16:48:16.146Z
ec7a70be-1ba6-4a5f-babb-8b8d6c9c6ad1,cc817b0a-5cde-4437-9047-eb0a6c1b8735,credit,211,46979.4,2025-11-11T16:48:16.146Z
2a6713ca-412d-4160-b7f6-fdff99f4b844,cc817b0a-5cde-4437-9047-eb0a6c1b8735,debit,270,46709.4,2025-11-11T16:48:16.146Z
2a6713ca-412d-4160-b7f6-fdff99f4b844,77f216ae-66bd-4d6b-9dcf-ac7ac8c779cc,credit,270,21857,2025-11-11T16:48:16.146Z
022690d2-a274-4684-b9cb-211a8aa584b8,4c9659e2-39a0-491a-9392-94dfda2a7ad5,debit,138,89942.45,2025-11-11T16:48:16.146Z
022690d2-a274-4684-b9cb-211a8aa584b8,77f216ae-66bd-4d6b-9dcf-ac7ac8c779cc,credit,138,21995,2025-11-11T16:48:16.146Z
e27a8cc7-c87b-452c-ad8b-c6530a60c9bd,2e25c793-17ff-4230-b58d-17dfcc222464,credit,13302,990391,2025-11-12T16:48:16.146Z
1293fa13-47d4-4aba-b9b4-fa4878a8a168,2e25c793-17ff-4230-b58d-17dfcc222464,credit,11196,1001587,2025-11-12T16:48:16.146Z
3dd32b55-ac99-45a7-9bf5-acc4f3cfac44,dfffab37-7984-45e6-bfd9-bcb0617b8a82,debit,404,55803.799999999996,2025-11-12T16:48:16.146Z
3dd32b55-ac99-45a7-9bf5-acc4f3cfac44,99326bcd-2ed0-4319-b6a7-a9d1ac39f1b2,credit,404,27970,2025-11-12T16:48:16.146Z
322c1fe8-7f18-4d1f-9802-cb567cce5314,cc817b0a-5cde-4437-9047-eb0a6c1b8735,debit,198,46511.4,2025-11-12T16:48:16.146Z
322c1fe8-7f18-4d1f-9802-cb567cce5314,dfffab37-7984-45e6-bfd9-bcb0617b8a82,credit,198,56001.799999999996,2025-11-12T16:48:16.146Z
ec750d04-df4b-41c2-8d18-c4b77ec735d5,4c9659e2-39a0-491a-9392-94dfda2a7ad5,debit,8000,81942.45,2025-11-12T16:48:16.146Z
ec750d04-df4b-41c2-8d18-c4b77ec735d5,a56c78df-bd12-4093-8857-edaaef0c6ac6,credit,8000,24000,2025-11-12T16:48:16.146Z
9801d516-9747-4067-8c51-1be315f042c1,2e25c793-17ff-4230-b58d-17dfcc222464,credit,13740,1015327,2025-11-13T16:48:16.146Z
b8e05ccb-52d5-4706-b1b0-1990aa1a1f3e,4c9659e2-39a0-491a-9392-94dfda2a7ad5,debit,302,81640.45,2025-11-13T16:48:16.146Z
b8e05ccb-52d5-4706-b1b0-1990aa1a1f3e,8c25909a-227f-4d95-86a1-9033ec6e34a4,credit,302,10277,2025-11-13T16:48:16.146Z
68be2708-9caf-4dca-824f-c5a29f694063,2e25c793-17ff-4230-b58d-17dfcc222464,credit,10476,1025803,2025-11-14T16:48:16.146Z
0aca2013-25b5-482e-b2a5-2d0dadf756c8,2e25c793-17ff-4230-b58d-17dfcc222464,debit,2847,1022956,2025-11-14T16:48:16.146Z
0aca2013-25b5-482e-b2a5-2d0dadf756c8,68e8cdc4-a89c-4489-9d80-d6345ef95f59,credit,2847,102885,2025-11-14T16:48:16.146Z
35953ece-edd4-4248-a30c-e765a211e642,d53314e5-d645-464a-99cf-45ed1a35e9fd,debit,8680,327244.05,2025-11-14T16:48:16.146Z
35953ece-edd4-4248-a30c-e765a211e642,4778cfd7-bd59-44d1-88ad-ffa43d403800,credit,8680,19932,2025-11-14T16:48:16.146Z
2bb1104b-4e98-4583-a9f7-f4f26999a43a,dfffab37-7984-45e6-bfd9-bcb0617b8a82,debit,213,55788.799999999996,2025-11-14T16:48:16.146Z
2bb1104b-4e98-4583-a9f7-f4f26999a43a,cc817b0a-5cde-4437-9047-eb0a6c1b8735,credit,213,46724.4,2025-11-14T16:48:16.146Z
97a9f387-9d53-4a0a-9024-c924db98e3d1,cc817b0a-5cde-4437-9047-eb0a6c1b8735,debit,343,46381.4,2025-11-14T16:48:16.146Z
97a9f387-9d53-4a0a-9024-c924db98e3d1,99326bcd-2ed0-4319-b6a7-a9d1ac39f1b2,credit,343,28313,2025-11-14T16:48:16.146Z
559f9add-3967-4800-af57-e14f1567606f,cc817b0a-5cde-4437-9047-eb0a6c1b8735,credit,17.15,46398.55,2025-11-14T16:48:16.146Z
45f4e10a-0f18-44e0-8cec-99c26c155bb5,4c9659e2-39a0-491a-9392-94dfda2a7ad5,debit,333,81307.45,2025-11-14T16:48:16.146Z
45f4e10a-0f18-44e0-8cec-99c26c155bb5,99326bcd-2ed0-4319-b6a7-a9d1ac39f1b2,credit,333,28646,2025-11-14T16:48:16.146Z
3935e0c8-29da-4ac0-825c-2cfccb35d9c8,4f64b206-7b74-44ce-b39f-89049ebd4e3f,debit,2710,148450.9,2025-11-15T16:48:16.146Z
3935e0c8-29da-4ac0-825c-2cfccb35d9c8,8fecc2ac-282e-4044-a1dd-0ef257c60926,credit,2710,51628,2025-11-15T16:48:16.146Z
874ecd3f-ed20-454b-b674-49a9e78b4dce,2e25c793-17ff-4230-b58d-17dfcc222464,credit,8978,1031934,2025-11-15T16:48:16.146Z
8e1cf286-5963-4c54-9d28-2521b83a969a,2e25c793-17ff-4230-b58d-17dfcc222464,credit,7790,1039724,2025-11-15T16:48:16.146Z
81d7cc49-9350-4d38-88f1-9cd5ef2611eb,2e25c793-17ff-4230-b58d-17dfcc222464,credit,12912,1052636,2025-11-15T16:48:16.146Z
cb57e52d-f845-432b-840f-6172f448f092,2e25c793-17ff-4230-b58d-17dfcc222464,debit,42861,1009775,2025-11-15T16:48:16.146Z
cb57e52d-f845-432b-840f-6172f448f092,78d754c3-7421-45c6-af19-62af10c7d7a7,credit,42861,432086,2025-11-15T16:48:16.146Z
9ce2d46f-52de-464c-9c82-b1176beb2ad7,d53314e5-d645-464a-99cf-45ed1a35e9fd,debit,1720,325524.05,2025-11-15T16:48:16.146Z
9ce2d46f-52de-464c-9c82-b1176beb2ad7,8c25909a-227f-4d95-86a1-9033ec6e34a4,credit,1720,11997,2025-11-15T16:48:16.146Z
9b6738e2-5e39-4c7e-853d-a8eb18b369e2,dfffab37-7984-45e6-bfd9-bcb0617b8a82,debit,187,55601.799999999996,2025-11-15T16:48:16.146Z
9b6738e2-5e39-4c7e-853d-a8eb18b369e2,99326bcd-2ed0-4319-b6a7-a9d1ac39f1b2,credit,187,28833,2025-11-15T16:48:16.146Z
b0724429-2057-424c-bd86-9b0d4133d8b5,cc817b0a-5cde-4437-9047-eb0a6c1b8735,debit,238,46160.55,2025-11-15T16:48:16.146Z
b0724429-2057-424c-bd86-9b0d4133d8b5,99326bcd-2ed0-4319-b6a7-a9d1ac39f1b2,credit,238,29071,2025-11-15T16:48:16.146Z
ccedccf8-ddae-4966-aa59-9cd3ba111c55,4c9659e2-39a0-491a-9392-94dfda2a7ad5,debit,1526,79781.45,2025-11-15T16:48:16.146Z
ccedccf8-ddae-4966-aa59-9cd3ba111c55,68e8cdc4-a89c-4489-9d80-d6345ef95f59,credit,1526,104411,2025-11-15T16:48:16.146Z
62b26fc3-84a3-4d38-9273-077505353837,2e25c793-17ff-4230-b58d-17dfcc222464,credit,5000,1014775,2025-11-16T16:48:16.146Z
441e7bf2-6050-49db-81bc-80befffe7ae5,dfffab37-7984-45e6-bfd9-bcb0617b8a82,credit,5000,60601.799999999996,2025-11-16T16:48:16.146Z
eebd57bb-a1a3-4685-ad3f-076e1505e797,dfffab37-7984-45e6-bfd9-bcb0617b8a82,debit,185,60416.799999999996,2025-11-16T16:48:16.146Z
eebd57bb-a1a3-4685-ad3f-076e1505e797,99326bcd-2ed0-4319-b6a7-a9d1ac39f1b2,credit,185,29256,2025-11-16T16:48:16.146Z
cab147ac-72de-48f7-8f07-630c28b3c265,cc817b0a-5cde-4437-9047-eb0a6c1b8735,credit,4000,50160.55,2025-11-16T16:48:16.146Z
8408f6f9-db94-4ce9-bb14-2c0863050bde,cc817b0a-5cde-4437-9047-eb0a6c1b8735,debit,186,49974.55,2025-11-16T16:48:16.146Z
8408f6f9-db94-4ce9-bb14-2c0863050bde,99326bcd-2ed0-4319-b6a7-a9d1ac39f1b2,credit,186,29442,2025-11-16T16:48:16.146Z
1af560ec-8079-49fa-8fd2-7cc2f28fe8d5,4c9659e2-39a0-491a-9392-94dfda2a7ad5,debit,291,79490.45,2025-11-16T16:48:16.146Z
1af560ec-8079-49fa-8fd2-7cc2f28fe8d5,8c25909a-227f-4d95-86a1-9033ec6e34a4,credit,291,12288,2025-11-16T16:48:16.146Z
a1fe5879-96dc-4e25-a050-4f322bb62010,4f64b206-7b74-44ce-b39f-89049ebd4e3f,debit,3787,144663.9,2025-11-17T16:48:16.146Z
a1fe5879-96dc-4e25-a050-4f322bb62010,68e8cdc4-a89c-4489-9d80-d6345ef95f59,credit,3787,108198,2025-11-17T16:48:16.146Z
7fe4044e-fc5e-48df-a373-748c7c1aaf46,2e25c793-17ff-4230-b58d-17dfcc222464,credit,14430,1029205,2025-11-17T16:48:16.146Z
e003e0c7-c451-4f89-9088-cddba6097ac7,2e25c793-17ff-4230-b58d-17dfcc222464,credit,6715,1035920,2025-11-17T16:48:16.146Z
86c2f8f4-805c-4ebe-a7cf-c5054a114a08,2e25c793-17ff-4230-b58d-17dfcc222464,credit,13868,1049788,2025-11-17T16:48:16.146Z
ab8a8c9f-6540-4fc9-9bdf-37d0f5e0996f,2e25c793-17ff-4230-b58d-17dfcc222464,debit,609,1049179,2025-11-17T16:48:16.146Z
ab8a8c9f-6540-4fc9-9bdf-37d0f5e0996f,77f216ae-66bd-4d6b-9dcf-ac7ac8c779cc,credit,609,22604,2025-11-17T16:48:16.146Z
ff1d0309-a829-40b5-94d3-51bf70078cf9,d53314e5-d645-464a-99cf-45ed1a35e9fd,debit,442,325082.05,2025-11-17T16:48:16.146Z
ff1d0309-a829-40b5-94d3-51bf70078cf9,8c25909a-227f-4d95-86a1-9033ec6e34a4,credit,442,12730,2025-11-17T16:48:16.146Z
409f42f6-0475-419d-a744-810df1458c51,4c9659e2-39a0-491a-9392-94dfda2a7ad5,credit,35491,114981.45,2025-11-17T16:48:16.146Z
4d802815-281b-442e-b313-ae7d522a13a6,4c9659e2-39a0-491a-9392-94dfda2a7ad5,debit,388,114593.45,2025-11-17T16:48:16.146Z
4d802815-281b-442e-b313-ae7d522a13a6,99326bcd-2ed0-4319-b6a7-a9d1ac39f1b2,credit,388,29830,2025-11-17T16:48:16.146Z
1009d2e2-6a01-4376-8495-44b8a11039c7,2e25c793-17ff-4230-b58d-17dfcc222464,credit,9499,1058678,2025-11-18T16:48:16.146Z
a6718114-ceb0-471e-8fc5-4e9d38a7a62f,2e25c793-17ff-4230-b58d-17dfcc222464,debit,3317,1055361,2025-11-18T16:48:16.146Z
a6718114-ceb0-471e-8fc5-4e9d38a7a62f,68e8cdc4-a89c-4489-9d80-d6345ef95f59,credit,3317,111515,2025-11-18T16:48:16.146Z
c424004d-86df-4311-8f03-fe63a5a65926,2e25c793-17ff-4230-b58d-17dfcc222464,credit,10913,1066274,2025-11-19T16:48:16.146Z
3c657892-ec47-4a8b-89cb-313071b59802,4f64b206-7b74-44ce-b39f-89049ebd4e3f,debit,379,144284.9,2025-11-20T16:48:16.146Z
3c657892-ec47-4a8b-89cb-313071b59802,99326bcd-2ed0-4319-b6a7-a9d1ac39f1b2,credit,379,30209,2025-11-20T16:48:16.146Z
e8c435cd-b0e8-49be-89f1-eb812f6a9ddf,2e25c793-17ff-4230-b58d-17dfcc222464,credit,11677,1077951,2025-11-20T16:48:16.146Z
6a21026a-2f03-4738-b26f-8610288adb22,2e25c793-17ff-4230-b58d-17dfcc222464,debit,511,1077440,2025-11-20T16:48:16.146Z
6a21026a-2f03-4738-b26f-8610288adb22,8c25909a-227f-4d95-86a1-9033ec6e34a4,credit,511,13241,2025-11-20T16:48:16.146Z
f1a3984e-4392-4fac-853b-4bac04dd1cb3,4f64b206-7b74-44ce-b39f-89049ebd4e3f,debit,2401,141883.9,2025-11-21T16:48:16.146Z
f1a3984e-4392-4fac-853b-4bac04dd1cb3,68e8cdc4-a89c-4489-9d80-d6345ef95f59,credit,2401,113916,2025-11-21T16:48:16.146Z
0b6bb714-959c-4792-b710-43d729afa674,4f64b206-7b74-44ce-b39f-89049ebd4e3f,credit,120.05,142003.94999999998,2025-11-21T16:48:16.146Z
898e86e3-8df7-4584-b96f-c8d4564a471a,2e25c793-17ff-4230-b58d-17dfcc222464,credit,4975,1082415,2025-11-21T16:48:16.146Z
dbc1a2b2-d852-4d54-bed4-73212952f6c1,2e25c793-17ff-4230-b58d-17dfcc222464,debit,7656,1074759,2025-11-21T16:48:16.146Z
dbc1a2b2-d852-4d54-bed4-73212952f6c1,68e8cdc4-a89c-4489-9d80-d6345ef95f59,credit,7656,121572,2025-11-21T16:48:16.146Z
2719f131-7436-4731-b373-43d95cb09cef,d53314e5-d645-464a-99cf-45ed1a35e9fd,debit,1622,323460.05,2025-11-21T16:48:16.146Z
2719f131-7436-4731-b373-43d95cb09cef,8c25909a-227f-4d95-86a1-9033ec6e34a4,credit,1622,14863,2025-11-21T16:48:16.146Z
c92f74a9-103e-43b2-a0da-316ac26e3a1b,4f64b206-7b74-44ce-b39f-89049ebd4e3f,debit,2320,139683.94999999998,2025-11-22T16:48:16.146Z
c92f74a9-103e-43b2-a0da-316ac26e3a1b,8fecc2ac-282e-4044-a1dd-0ef257c60926,credit,2320,53948,2025-11-22T16:48:16.146Z
5dfaaef6-41c9-4f81-8569-1589283e2bb2,2e25c793-17ff-4230-b58d-17dfcc222464,credit,14931,1089690,2025-11-22T16:48:16.146Z
55eefd38-c703-45dd-8b20-91556b7d8040,2e25c793-17ff-4230-b58d-17dfcc222464,debit,802,1088888,2025-11-22T16:48:16.146Z
55eefd38-c703-45dd-8b20-91556b7d8040,77f216ae-66bd-4d6b-9dcf-ac7ac8c779cc,credit,802,23406,2025-11-22T16:48:16.146Z
bdb09dab-d60e-4856-8e6e-1c216d653962,d53314e5-d645-464a-99cf-45ed1a35e9fd,debit,1539,321921.05,2025-11-22T16:48:16.146Z
bdb09dab-d60e-4856-8e6e-1c216d653962,8c25909a-227f-4d95-86a1-9033ec6e34a4,credit,1539,16402,2025-11-22T16:48:16.146Z
12a69af7-0221-43b4-8e5a-28a2e4cbd552,dfffab37-7984-45e6-bfd9-bcb0617b8a82,debit,405,60011.799999999996,2025-11-22T16:48:16.146Z
12a69af7-0221-43b4-8e5a-28a2e4cbd552,99326bcd-2ed0-4319-b6a7-a9d1ac39f1b2,credit,405,30614,2025-11-22T16:48:16.146Z
6013cd19-63ed-4bd8-827d-fb866adbb6ce,cc817b0a-5cde-4437-9047-eb0a6c1b8735,debit,180,49794.55,2025-11-22T16:48:16.146Z
6013cd19-63ed-4bd8-827d-fb866adbb6ce,dfffab37-7984-45e6-bfd9-bcb0617b8a82,credit,180,60191.799999999996,2025-11-22T16:48:16.146Z
7ef98731-a63c-4477-8cd9-f1dceda9666b,4c9659e2-39a0-491a-9392-94dfda2a7ad5,debit,343,114250.45,2025-11-22T16:48:16.146Z
7ef98731-a63c-4477-8cd9-f1dceda9666b,99326bcd-2ed0-4319-b6a7-a9d1ac39f1b2,credit,343,30957,2025-11-22T16:48:16.146Z
86175f12-fab2-449b-bb25-6e414f25bbad,2e25c793-17ff-4230-b58d-17dfcc222464,credit,15259,1104147,2025-11-23T16:48:16.146Z
e12b9469-6443-45ac-8c6c-ac0c97a7f794,2e25c793-17ff-4230-b58d-17dfcc222464,debit,581,1103566,2025-11-23T16:48:16.146Z
e12b9469-6443-45ac-8c6c-ac0c97a7f794,77f216ae-66bd-4d6b-9dcf-ac7ac8c779cc,credit,581,23987,2025-11-23T16:48:16.146Z
f59f2943-c4ce-4c79-9a7d-3e5d3492557c,d53314e5-d645-464a-99cf-45ed1a35e9fd,debit,515,321406.05,2025-11-23T16:48:16.146Z
f59f2943-c4ce-4c79-9a7d-3e5d3492557c,77f216ae-66bd-4d6b-9dcf-ac7ac8c779cc,credit,515,24502,2025-11-23T16:48:16.146Z
06bdc718-b0aa-42d6-9933-597786df6772,dfffab37-7984-45e6-bfd9-bcb0617b8a82,credit,5000,65191.799999999996,2025-11-23T16:48:16.146Z
1867187a-3b39-4938-9786-c481207a5c12,dfffab37-7984-45e6-bfd9-bcb0617b8a82,debit,150,65041.799999999996,2025-11-23T16:48:16.146Z
1867187a-3b39-4938-9786-c481207a5c12,cc817b0a-5cde-4437-9047-eb0a6c1b8735,credit,150,49944.55,2025-11-23T16:48:16.146Z
ee5f2518-3ffc-425e-9184-c6712e3c72ca,cc817b0a-5cde-4437-9047-eb0a6c1b8735,credit,4000,53944.55,2025-11-23T16:48:16.146Z
41f3e909-9769-44de-9fbe-1eeabfc3ff38,4c9659e2-39a0-491a-9392-94dfda2a7ad5,debit,136,114114.45,2025-11-23T16:48:16.146Z
41f3e909-9769-44de-9fbe-1eeabfc3ff38,77f216ae-66bd-4d6b-9dcf-ac7ac8c779cc,credit,136,24638,2025-11-23T16:48:16.146Z
e6f1c994-0001-4f94-9bda-668b29bea68d,4f64b206-7b74-44ce-b39f-89049ebd4e3f,debit,359,139324.94999999998,2025-11-24T16:48:16.146Z
e6f1c994-0001-4f94-9bda-668b29bea68d,99326bcd-2ed0-4319-b6a7-a9d1ac39f1b2,credit,359,31316,2025-11-24T16:48:16.146Z
3a55b65a-f6ae-4230-8797-0f89069bbc94,d53314e5-d645-464a-99cf-45ed1a35e9fd,debit,708,320698.05,2025-11-24T16:48:16.146Z
3a55b65a-f6ae-4230-8797-0f89069bbc94,8c25909a-227f-4d95-86a1-9033ec6e34a4,credit,708,17110,2025-11-24T16:48:16.146Z
5144a841-c315-4ba2-a274-bb5a0f9d6b19,dfffab37-7984-45e6-bfd9-bcb0617b8a82,debit,199,64842.799999999996,2025-11-24T16:48:16.146Z
5144a841-c315-4ba2-a274-bb5a0f9d6b19,99326bcd-2ed0-4319-b6a7-a9d1ac39f1b2,credit,199,31515,2025-11-24T16:48:16.146Z
94a38aba-7219-4de6-9b0d-7f1c2efa023e,4c9659e2-39a0-491a-9392-94dfda2a7ad5,debit,343,113771.45,2025-11-24T16:48:16.146Z
94a38aba-7219-4de6-9b0d-7f1c2efa023e,99326bcd-2ed0-4319-b6a7-a9d1ac39f1b2,credit,343,31858,2025-11-24T16:48:16.146Z
a0574a69-e68f-44d4-9e64-9ff634719407,2e25c793-17ff-4230-b58d-17dfcc222464,credit,15500,1119066,2025-11-25T16:48:16.146Z
1b3f77b0-88be-4219-adc4-046fa2528d1c,2e25c793-17ff-4230-b58d-17dfcc222464,credit,5462,1124528,2025-11-25T16:48:16.146Z
b4719621-eeca-4fb8-a123-d34242acf5b2,2e25c793-17ff-4230-b58d-17dfcc222464,debit,64031,1060497,2025-11-25T16:48:16.146Z
b4719621-eeca-4fb8-a123-d34242acf5b2,78d754c3-7421-45c6-af19-62af10c7d7a7,credit,64031,496117,2025-11-25T16:48:16.146Z
73a2749b-a005-43bf-86d8-60f3e25dec42,2e25c793-17ff-4230-b58d-17dfcc222464,debit,1217,1059280,2025-11-25T16:48:16.146Z
73a2749b-a005-43bf-86d8-60f3e25dec42,68e8cdc4-a89c-4489-9d80-d6345ef95f59,credit,1217,122789,2025-11-25T16:48:16.146Z
fe311074-6c07-4e5f-8e16-e037760fefe4,cc817b0a-5cde-4437-9047-eb0a6c1b8735,debit,174,53770.55,2025-11-25T16:48:16.146Z
fe311074-6c07-4e5f-8e16-e037760fefe4,77f216ae-66bd-4d6b-9dcf-ac7ac8c779cc,credit,174,24812,2025-11-25T16:48:16.146Z
5b80957d-dc8d-431d-9cdd-2d37e9f382e9,4c9659e2-39a0-491a-9392-94dfda2a7ad5,credit,17530,131301.45,2025-11-25T16:48:16.146Z
bd5d7cb3-3773-4701-af34-a8b4cecc5e44,2e25c793-17ff-4230-b58d-17dfcc222464,credit,10596,1069876,2025-11-26T16:48:16.146Z
2317bfab-ca4e-4422-833b-6e63da4eca65,2e25c793-17ff-4230-b58d-17dfcc222464,credit,9239,1079115,2025-11-26T16:48:16.146Z
0dceade4-abd2-4c5b-b9e7-8aea7a3e488c,2e25c793-17ff-4230-b58d-17dfcc222464,credit,8217,1087332,2025-11-26T16:48:16.146Z
49b88ba1-54e9-4159-a8ee-76b42ba51901,dfffab37-7984-45e6-bfd9-bcb0617b8a82,debit,156,64686.799999999996,2025-11-26T16:48:16.146Z
49b88ba1-54e9-4159-a8ee-76b42ba51901,99326bcd-2ed0-4319-b6a7-a9d1ac39f1b2,credit,156,32014,2025-11-26T16:48:16.146Z
4fe529df-6822-4ab9-b639-4d1b3f490255,cc817b0a-5cde-4437-9047-eb0a6c1b8735,debit,251,53519.55,2025-11-26T16:48:16.146Z
4fe529df-6822-4ab9-b639-4d1b3f490255,99326bcd-2ed0-4319-b6a7-a9d1ac39f1b2,credit,251,32265,2025-11-26T16:48:16.146Z
bb52d036-0aa6-4352-845c-af02daa64efc,4c9659e2-39a0-491a-9392-94dfda2a7ad5,debit,314,130987.45000000001,2025-11-26T16:48:16.146Z
bb52d036-0aa6-4352-845c-af02daa64efc,8c25909a-227f-4d95-86a1-9033ec6e34a4,credit,314,17424,2025-11-26T16:48:16.146Z
92e15101-1294-44fd-aaf0-d87f3e66a8a2,4f64b206-7b74-44ce-b39f-89049ebd4e3f,debit,3719,135605.94999999998,2025-11-27T16:48:16.146Z
92e15101-1294-44fd-aaf0-d87f3e66a8a2,68e8cdc4-a89c-4489-9d80-d6345ef95f59,credit,3719,126508,2025-11-27T16:48:16.146Z
c6d06a05-422a-4961-9411-3e43f22819f7,2e25c793-17ff-4230-b58d-17dfcc222464,credit,15842,1103174,2025-11-27T16:48:16.146Z
2d8b0cc5-5546-47ac-ba0f-3f8bf2c44e1a,2e25c793-17ff-4230-b58d-17dfcc222464,credit,15499,1118673,2025-11-27T16:48:16.146Z
b33e7385-f01d-445b-8ebb-42779ac9cdb0,4f64b206-7b74-44ce-b39f-89049ebd4e3f,debit,2989,132616.94999999998,2025-11-28T16:48:16.146Z
b33e7385-f01d-445b-8ebb-42779ac9cdb0,68e8cdc4-a89c-4489-9d80-d6345ef95f59,credit,2989,129497,2025-11-28T16:48:16.146Z
6cdc92d3-de0f-4fdc-8abf-99809e94257b,2e25c793-17ff-4230-b58d-17dfcc222464,debit,6489,1112184,2025-11-28T16:48:16.146Z
6cdc92d3-de0f-4fdc-8abf-99809e94257b,68e8cdc4-a89c-4489-9d80-d6345ef95f59,credit,6489,135986,2025-11-28T16:48:16.146Z
bb52dd36-1914-4bdd-a500-ef6a6434eb47,dfffab37-7984-45e6-bfd9-bcb0617b8a82,debit,169,64517.799999999996,2025-11-28T16:48:16.146Z
bb52dd36-1914-4bdd-a500-ef6a6434eb47,cc817b0a-5cde-4437-9047-eb0a6c1b8735,credit,169,53688.55,2025-11-28T16:48:16.146Z
065faab0-49bc-47a3-8c2e-6e3a9334fef6,4c9659e2-39a0-491a-9392-94dfda2a7ad5,debit,1623,129364.45000000001,2025-11-28T16:48:16.146Z
065faab0-49bc-47a3-8c2e-6e3a9334fef6,8fecc2ac-282e-4044-a1dd-0ef257c60926,credit,1623,55571,2025-11-28T16:48:16.146Z
f5593eaf-80fc-46be-bd1e-266f1985a02b,4f64b206-7b74-44ce-b39f-89049ebd4e3f,debit,2745,129871.94999999998,2025-11-29T16:48:16.146Z
f5593eaf-80fc-46be-bd1e-266f1985a02b,8fecc2ac-282e-4044-a1dd-0ef257c60926,credit,2745,58316,2025-11-29T16:48:16.146Z
50cf7fc6-177e-47c9-b32a-bc72a9843c61,4f64b206-7b74-44ce-b39f-89049ebd4e3f,debit,3412,126459.94999999998,2025-11-29T16:48:16.146Z
50cf7fc6-177e-47c9-b32a-bc72a9843c61,68e8cdc4-a89c-4489-9d80-d6345ef95f59,credit,3412,139398,2025-11-29T16:48:16.146Z
1f761c66-00fe-4b91-8591-97c07b6b1e7d,dfffab37-7984-45e6-bfd9-bcb0617b8a82,debit,1011,63506.799999999996,2025-11-29T16:48:16.146Z
1f761c66-00fe-4b91-8591-97c07b6b1e7d,68e8cdc4-a89c-4489-9d80-d6345ef95f59,credit,1011,140409,2025-11-29T16:48:16.146Z
cdcd4128-ca23-463a-85ab-8b948bbf66e7,dfffab37-7984-45e6-bfd9-bcb0617b8a82,credit,50.55,63557.35,2025-11-29T16:48:16.146Z
412336df-83ce-4e78-b7ae-8a372324e161,cc817b0a-5cde-4437-9047-eb0a6c1b8735,debit,152,53536.55,2025-11-29T16:48:16.146Z
412336df-83ce-4e78-b7ae-8a372324e161,99326bcd-2ed0-4319-b6a7-a9d1ac39f1b2,credit,152,32417,2025-11-29T16:48:16.146Z
0242c19a-f7ce-4d45-9460-c636521d0dcc,2e25c793-17ff-4230-b58d-17dfcc222464,credit,12148,1124332,2025-11-30T16:48:16.146Z
84240247-ae49-43ff-bdb8-1721bfc77b6d,d53314e5-d645-464a-99cf-45ed1a35e9fd,debit,14822,305876.05,2025-11-30T16:48:16.146Z
84240247-ae49-43ff-bdb8-1721bfc77b6d,4778cfd7-bd59-44d1-88ad-ffa43d403800,credit,14822,34754,2025-11-30T16:48:16.146Z
5271031c-5f87-4951-b7c4-96df1e9fe12c,dfffab37-7984-45e6-bfd9-bcb0617b8a82,credit,5000,68557.35,2025-11-30T16:48:16.146Z
2b07eb86-144f-4775-bfbe-8144cbd5c221,dfffab37-7984-45e6-bfd9-bcb0617b8a82,debit,219,68338.35,2025-11-30T16:48:16.146Z
2b07eb86-144f-4775-bfbe-8144cbd5c221,cc817b0a-5cde-4437-9047-eb0a6c1b8735,credit,219,53755.55,2025-11-30T16:48:16.146Z
e7664d67-7f3c-4c5a-ac77-00b304f6a9ae,cc817b0a-5cde-4437-9047-eb0a6c1b8735,credit,4000,57755.55,2025-11-30T16:48:16.146Z
b0c30e0e-4b16-4769-97c2-b1a07061fd88,cc817b0a-5cde-4437-9047-eb0a6c1b8735,debit,348,57407.55,2025-11-30T16:48:16.146Z
b0c30e0e-4b16-4769-97c2-b1a07061fd88,99326bcd-2ed0-4319-b6a7-a9d1ac39f1b2,credit,348,32765,2025-11-30T16:48:16.146Z
1fdc1184-279b-4c52-9d46-0920d5dc83bc,4c9659e2-39a0-491a-9392-94dfda2a7ad5,debit,363,129001.45000000001,2025-11-30T16:48:16.146Z
1fdc1184-279b-4c52-9d46-0920d5dc83bc,8c25909a-227f-4d95-86a1-9033ec6e34a4,credit,363,17787,2025-11-30T16:48:16.146Z
955d242b-adb7-4d22-8493-40071d752555,4f64b206-7b74-44ce-b39f-89049ebd4e3f,credit,85000,211459.94999999998,2025-12-01T16:48:16.146Z
a1b31c3c-c837-4acf-9054-03d2a32e8000,d53314e5-d645-464a-99cf-45ed1a35e9fd,credit,120000,425876.05,2025-12-01T16:48:16.146Z
bb81e94e-8c94-4b4c-983b-2049f6d7cb6d,d53314e5-d645-464a-99cf-45ed1a35e9fd,debit,744,425132.05,2025-12-01T16:48:16.146Z
bb81e94e-8c94-4b4c-983b-2049f6d7cb6d,8c25909a-227f-4d95-86a1-9033ec6e34a4,credit,744,18531,2025-12-01T16:48:16.146Z
fc7e9244-21df-4517-bc51-a5838e702d38,cc817b0a-5cde-4437-9047-eb0a6c1b8735,debit,785,56622.55,2025-12-01T16:48:16.146Z
fc7e9244-21df-4517-bc51-a5838e702d38,68e8cdc4-a89c-4489-9d80-d6345ef95f59,credit,785,141194,2025-12-01T16:48:16.146Z
ce230c88-939c-42a1-8bea-0f7da7306497,cc817b0a-5cde-4437-9047-eb0a6c1b8735,credit,39.25,56661.8,2025-12-01T16:48:16.146Z
cb5f5fc0-d23b-4459-bb4b-ddca64e624c8,4c9659e2-39a0-491a-9392-94dfda2a7ad5,debit,271,128730.45000000001,2025-12-01T16:48:16.146Z
cb5f5fc0-d23b-4459-bb4b-ddca64e624c8,8c25909a-227f-4d95-86a1-9033ec6e34a4,credit,271,18802,2025-12-01T16:48:16.146Z
a1f6711a-e18c-44d4-9cc4-ea795af0d2e2,4f64b206-7b74-44ce-b39f-89049ebd4e3f,debit,367,211092.94999999998,2025-12-02T16:48:16.146Z
a1f6711a-e18c-44d4-9cc4-ea795af0d2e2,77f216ae-66bd-4d6b-9dcf-ac7ac8c779cc,credit,367,25179,2025-12-02T16:48:16.146Z
8956f695-3790-4f08-9039-fbfe86a92d9b,2e25c793-17ff-4230-b58d-17dfcc222464,credit,16388,1140720,2025-12-02T16:48:16.146Z
6c45b7b5-a28b-4e73-bf79-d8657ad92d5f,2e25c793-17ff-4230-b58d-17dfcc222464,credit,7045,1147765,2025-12-02T16:48:16.146Z
8ee4ba1e-f76f-4105-af32-a9312ae5a26f,2e25c793-17ff-4230-b58d-17dfcc222464,debit,35000,1112765,2025-12-02T16:48:16.146Z
8ee4ba1e-f76f-4105-af32-a9312ae5a26f,396aaa88-f522-47e1-a4dd-f2107cc69e7a,credit,35000,240000,2025-12-02T16:48:16.146Z
2482709c-e413-4157-8ad0-d3fb73ac28d9,2e25c793-17ff-4230-b58d-17dfcc222464,debit,228,1112537,2025-12-02T16:48:16.146Z
2482709c-e413-4157-8ad0-d3fb73ac28d9,8c25909a-227f-4d95-86a1-9033ec6e34a4,credit,228,19030,2025-12-02T16:48:16.146Z
24bcb3ae-34ff-481f-a832-44f3cf3340a3,d53314e5-d645-464a-99cf-45ed1a35e9fd,debit,7289,417843.05,2025-12-02T16:48:16.146Z
24bcb3ae-34ff-481f-a832-44f3cf3340a3,5a5c422f-2b4f-4e26-bd2e-db36096ce28f,credit,7289,14057,2025-12-02T16:48:16.146Z
25efdcdf-702e-4adf-a80e-af40b2ff9058,4c9659e2-39a0-491a-9392-94dfda2a7ad5,debit,156,128574.45000000001,2025-12-02T16:48:16.146Z
25efdcdf-702e-4adf-a80e-af40b2ff9058,77f216ae-66bd-4d6b-9dcf-ac7ac8c779cc,credit,156,25335,2025-12-02T16:48:16.146Z
3c4fa8dd-36b3-4e7b-81dc-a68c7a5020d4,4f64b206-7b74-44ce-b39f-89049ebd4e3f,debit,25000,186092.94999999998,2025-12-03T16:48:16.146Z
3c4fa8dd-36b3-4e7b-81dc-a68c7a5020d4,396aaa88-f522-47e1-a4dd-f2107cc69e7a,credit,25000,265000,2025-12-03T16:48:16.146Z
58233560-3488-427a-a2ec-ec697a75d165,2e25c793-17ff-4230-b58d-17dfcc222464,credit,11294,1123831,2025-12-03T16:48:16.146Z
b3367203-6149-4482-a769-b1385a1939a0,2e25c793-17ff-4230-b58d-17dfcc222464,credit,11381,1135212,2025-12-03T16:48:16.146Z
a6f04c11-12b8-4e08-994d-259a757123b7,2e25c793-17ff-4230-b58d-17dfcc222464,debit,7825,1127387,2025-12-03T16:48:16.146Z
a6f04c11-12b8-4e08-994d-259a757123b7,68e8cdc4-a89c-4489-9d80-d6345ef95f59,credit,7825,149019,2025-12-03T16:48:16.146Z
64d5ba06-d741-4e7f-b9c4-5d1075eb46ce,d53314e5-d645-464a-99cf-45ed1a35e9fd,debit,1695,416148.05,2025-12-03T16:48:16.146Z
64d5ba06-d741-4e7f-b9c4-5d1075eb46ce,8c25909a-227f-4d95-86a1-9033ec6e34a4,credit,1695,20725,2025-12-03T16:48:16.146Z
b935cc13-1313-46ec-97d9-a081feb015b3,d53314e5-d645-464a-99cf-45ed1a35e9fd,credit,84.75,416232.8,2025-12-03T16:48:16.146Z
48c14355-583d-4f67-b36c-8fa48e4e050f,4c9659e2-39a0-491a-9392-94dfda2a7ad5,debit,434,128140.45000000001,2025-12-03T16:48:16.146Z
48c14355-583d-4f67-b36c-8fa48e4e050f,77f216ae-66bd-4d6b-9dcf-ac7ac8c779cc,credit,434,25769,2025-12-03T16:48:16.146Z
2d3a42bc-9212-44b2-a388-7e5ca058798b,2e25c793-17ff-4230-b58d-17dfcc222464,credit,17290,1144677,2025-12-04T16:48:16.146Z
14296769-3331-40c7-b245-d56ad75902fb,2e25c793-17ff-4230-b58d-17dfcc222464,debit,661,1144016,2025-12-04T16:48:16.146Z
14296769-3331-40c7-b245-d56ad75902fb,77f216ae-66bd-4d6b-9dcf-ac7ac8c779cc,credit,661,26430,2025-12-04T16:48:16.146Z
9837abeb-e3df-444c-b0db-7ba7c2724fc4,cc817b0a-5cde-4437-9047-eb0a6c1b8735,debit,177,56484.8,2025-12-04T16:48:16.146Z
9837abeb-e3df-444c-b0db-7ba7c2724fc4,77f216ae-66bd-4d6b-9dcf-ac7ac8c779cc,credit,177,26607,2025-12-04T16:48:16.146Z
07d41dc1-77da-470b-902d-6d83f1071fb3,4c9659e2-39a0-491a-9392-94dfda2a7ad5,debit,180,127960.45000000001,2025-12-04T16:48:16.146Z
07d41dc1-77da-470b-902d-6d83f1071fb3,8c25909a-227f-4d95-86a1-9033ec6e34a4,credit,180,20905,2025-12-04T16:48:16.146Z
601ad543-e6e0-4113-9e06-311f491d0876,4f64b206-7b74-44ce-b39f-89049ebd4e3f,debit,3396,182696.94999999998,2025-12-05T16:48:16.146Z
601ad543-e6e0-4113-9e06-311f491d0876,0e5d4bb0-d613-443b-beef-163eb4214b67,credit,3396,17687,2025-12-05T16:48:16.146Z
b3ae5283-3e05-4598-b81d-aadbebbb1d99,4f64b206-7b74-44ce-b39f-89049ebd4e3f,debit,588,182108.94999999998,2025-12-05T16:48:16.146Z
b3ae5283-3e05-4598-b81d-aadbebbb1d99,99326bcd-2ed0-4319-b6a7-a9d1ac39f1b2,credit,588,33353,2025-12-05T16:48:16.146Z
9d0cf01c-c05f-4ac9-b037-566f4258acf4,2e25c793-17ff-4230-b58d-17dfcc222464,credit,14959,1158975,2025-12-05T16:48:16.146Z
5f0b5dc6-72d1-4686-8d81-2fd5dcfe91a6,2e25c793-17ff-4230-b58d-17dfcc222464,debit,63816,1095159,2025-12-05T16:48:16.146Z
5f0b5dc6-72d1-4686-8d81-2fd5dcfe91a6,78d754c3-7421-45c6-af19-62af10c7d7a7,credit,63816,559933,2025-12-05T16:48:16.146Z
92959785-a9df-4e1b-8c4c-dff881a3f151,d53314e5-d645-464a-99cf-45ed1a35e9fd,debit,1409,414823.8,2025-12-05T16:48:16.146Z
92959785-a9df-4e1b-8c4c-dff881a3f151,8c25909a-227f-4d95-86a1-9033ec6e34a4,credit,1409,22314,2025-12-05T16:48:16.146Z
eb50137e-bc63-42d3-acae-04a9d3ef64ed,d53314e5-d645-464a-99cf-45ed1a35e9fd,credit,70.45,414894.25,2025-12-05T16:48:16.146Z
be193e18-8b9b-4d45-9513-48176333bf00,cc817b0a-5cde-4437-9047-eb0a6c1b8735,debit,450,56034.8,2025-12-05T16:48:16.146Z
be193e18-8b9b-4d45-9513-48176333bf00,99326bcd-2ed0-4319-b6a7-a9d1ac39f1b2,credit,450,33803,2025-12-05T16:48:16.146Z
419011be-c867-48b5-885f-a0a882c105f5,4c9659e2-39a0-491a-9392-94dfda2a7ad5,debit,182,127778.45000000001,2025-12-05T16:48:16.146Z
419011be-c867-48b5-885f-a0a882c105f5,8c25909a-227f-4d95-86a1-9033ec6e34a4,credit,182,22496,2025-12-05T16:48:16.146Z
3a82a024-7bde-4f73-af27-ef26695c6158,4f64b206-7b74-44ce-b39f-89049ebd4e3f,debit,3307,178801.94999999998,2025-12-06T16:48:16.146Z
3a82a024-7bde-4f73-af27-ef26695c6158,8fecc2ac-282e-4044-a1dd-0ef257c60926,credit,3307,61623,2025-12-06T16:48:16.146Z
0c9bd55d-f1be-480a-9a13-b03846fad8b7,4f64b206-7b74-44ce-b39f-89049ebd4e3f,debit,185,178616.94999999998,2025-12-06T16:48:16.146Z
0c9bd55d-f1be-480a-9a13-b03846fad8b7,77f216ae-66bd-4d6b-9dcf-ac7ac8c779cc,credit,185,26792,2025-12-06T16:48:16.146Z
74b7a4a7-f98a-460f-a265-812dfedb9cd2,2e25c793-17ff-4230-b58d-17dfcc222464,credit,12319,1107478,2025-12-06T16:48:16.146Z
b44c770e-448b-4a12-a7d3-372f832f9c58,2e25c793-17ff-4230-b58d-17dfcc222464,credit,7633,1115111,2025-12-06T16:48:16.146Z
ce739f9f-7eb9-4961-97c1-d2f700e7a687,2e25c793-17ff-4230-b58d-17dfcc222464,debit,1718,1113393,2025-12-06T16:48:16.146Z
ce739f9f-7eb9-4961-97c1-d2f700e7a687,68e8cdc4-a89c-4489-9d80-d6345ef95f59,credit,1718,150737,2025-12-06T16:48:16.146Z
d54b078e-d2b3-411d-866a-dc52a9e9eecd,d53314e5-d645-464a-99cf-45ed1a35e9fd,debit,939,413955.25,2025-12-06T16:48:16.146Z
d54b078e-d2b3-411d-866a-dc52a9e9eecd,77f216ae-66bd-4d6b-9dcf-ac7ac8c779cc,credit,939,27731,2025-12-06T16:48:16.146Z
295763c9-7d68-41fe-9988-3df7c576ec42,4c9659e2-39a0-491a-9392-94dfda2a7ad5,debit,288,127490.45000000001,2025-12-06T16:48:16.146Z
295763c9-7d68-41fe-9988-3df7c576ec42,99326bcd-2ed0-4319-b6a7-a9d1ac39f1b2,credit,288,34091,2025-12-06T16:48:16.146Z
5b12f0fa-a99a-49b0-8557-aa0ee103d738,4c9659e2-39a0-491a-9392-94dfda2a7ad5,credit,14.4,127504.85,2025-12-06T16:48:16.146Z
3673e979-c72a-44ad-9321-30f7b5061f19,4f64b206-7b74-44ce-b39f-89049ebd4e3f,debit,2456,176160.94999999998,2025-12-07T16:48:16.146Z
3673e979-c72a-44ad-9321-30f7b5061f19,68e8cdc4-a89c-4489-9d80-d6345ef95f59,credit,2456,153193,2025-12-07T16:48:16.146Z
d01877f1-dc5d-4b77-933d-58737a481b3c,2e25c793-17ff-4230-b58d-17dfcc222464,debit,18000,1095393,2025-12-07T16:48:16.146Z
d01877f1-dc5d-4b77-933d-58737a481b3c,655846c2-aeb1-41c7-b562-4937ad6f5c8b,credit,18000,72000,2025-12-07T16:48:16.146Z
ce6a0c94-54d0-4d8c-81b8-a04be91fb520,2e25c793-17ff-4230-b58d-17dfcc222464,debit,371,1095022,2025-12-07T16:48:16.146Z
ce6a0c94-54d0-4d8c-81b8-a04be91fb520,8c25909a-227f-4d95-86a1-9033ec6e34a4,credit,371,22867,2025-12-07T16:48:16.146Z
e10e5b48-5412-4410-99ab-a1e172fe40be,d53314e5-d645-464a-99cf-45ed1a35e9fd,debit,823,413132.25,2025-12-07T16:48:16.146Z
e10e5b48-5412-4410-99ab-a1e172fe40be,8c25909a-227f-4d95-86a1-9033ec6e34a4,credit,823,23690,2025-12-07T16:48:16.146Z
883cc3e3-6f7e-4971-b765-32af8ff23915,dfffab37-7984-45e6-bfd9-bcb0617b8a82,credit,5000,73338.35,2025-12-07T16:48:16.146Z
4f2bc55b-2ce1-4f46-a4c4-f6316ef01e22,dfffab37-7984-45e6-bfd9-bcb0617b8a82,debit,248,73090.35,2025-12-07T16:48:16.146Z
4f2bc55b-2ce1-4f46-a4c4-f6316ef01e22,77f216ae-66bd-4d6b-9dcf-ac7ac8c779cc,credit,248,27979,2025-12-07T16:48:16.146Z
89a52f2f-2ee9-4a4d-8611-6abab4fe9fcf,cc817b0a-5cde-4437-9047-eb0a6c1b8735,credit,4000,60034.8,2025-12-07T16:48:16.146Z
a5fbaf38-3c47-4720-8522-b6a5c6ded028,4c9659e2-39a0-491a-9392-94dfda2a7ad5,debit,526,126978.85,2025-12-07T16:48:16.146Z
a5fbaf38-3c47-4720-8522-b6a5c6ded028,99326bcd-2ed0-4319-b6a7-a9d1ac39f1b2,credit,526,34617,2025-12-07T16:48:16.146Z
4efffdea-d28b-4978-993e-376e603cd4cf,4f64b206-7b74-44ce-b39f-89049ebd4e3f,debit,207,175953.94999999998,2025-12-08T16:48:16.146Z
4efffdea-d28b-4978-993e-376e603cd4cf,77f216ae-66bd-4d6b-9dcf-ac7ac8c779cc,credit,207,28186,2025-12-08T16:48:16.146Z
d60ab16d-55da-4f85-8adb-486188930b96,2e25c793-17ff-4230-b58d-17dfcc222464,credit,14955,1109977,2025-12-08T16:48:16.146Z
7c32ec29-1794-409b-ac82-0c118a53ed0b,cc817b0a-5cde-4437-9047-eb0a6c1b8735,debit,131,59903.8,2025-12-08T16:48:16.146Z
7c32ec29-1794-409b-ac82-0c118a53ed0b,77f216ae-66bd-4d6b-9dcf-ac7ac8c779cc,credit,131,28317,2025-12-08T16:48:16.146Z
b5b8bf65-ad3b-4a43-8286-5f2943901b81,2e25c793-17ff-4230-b58d-17dfcc222464,credit,16728,1126705,2025-12-09T16:48:16.146Z
36c5e37c-55d2-48e6-8fff-9f318d0550a5,dfffab37-7984-45e6-bfd9-bcb0617b8a82,debit,295,72795.35,2025-12-09T16:48:16.146Z
36c5e37c-55d2-48e6-8fff-9f318d0550a5,99326bcd-2ed0-4319-b6a7-a9d1ac39f1b2,credit,295,34912,2025-12-09T16:48:16.146Z
189468d1-cb77-476c-88df-f585105928fe,cc817b0a-5cde-4437-9047-eb0a6c1b8735,debit,1008,58895.8,2025-12-09T16:48:16.146Z
189468d1-cb77-476c-88df-f585105928fe,68e8cdc4-a89c-4489-9d80-d6345ef95f59,credit,1008,154201,2025-12-09T16:48:16.146Z
a9ad6738-1097-40ee-80a2-74e4b7e7b37f,4c9659e2-39a0-491a-9392-94dfda2a7ad5,debit,459,126519.85,2025-12-09T16:48:16.146Z
a9ad6738-1097-40ee-80a2-74e4b7e7b37f,8c25909a-227f-4d95-86a1-9033ec6e34a4,credit,459,24149,2025-12-09T16:48:16.146Z
402228e6-8607-455f-b6e1-a50e80c13e05,4f64b206-7b74-44ce-b39f-89049ebd4e3f,debit,199,175754.94999999998,2025-12-10T16:48:16.146Z
402228e6-8607-455f-b6e1-a50e80c13e05,bcf7c323-ee7b-4313-95c0-68f74cfeb2bb,credit,199,995,2025-12-10T16:48:16.146Z
efff4a33-b94f-4496-81cc-929f7afb0e50,4f64b206-7b74-44ce-b39f-89049ebd4e3f,debit,699,175055.94999999998,2025-12-10T16:48:16.146Z
efff4a33-b94f-4496-81cc-929f7afb0e50,8f5bd58f-2868-4aff-b5da-41454b5bb662,credit,699,3495,2025-12-10T16:48:16.146Z
cfc1aa36-34d5-4731-b0ca-6cd6efb74ca9,4f64b206-7b74-44ce-b39f-89049ebd4e3f,debit,1810,173245.94999999998,2025-12-10T16:48:16.146Z
cfc1aa36-34d5-4731-b0ca-6cd6efb74ca9,68e8cdc4-a89c-4489-9d80-d6345ef95f59,credit,1810,156011,2025-12-10T16:48:16.146Z
2120a10b-5c42-4684-a627-e5157ecc19c4,2e25c793-17ff-4230-b58d-17dfcc222464,credit,17311,1144016,2025-12-10T16:48:16.146Z
1536bc03-f31f-45dd-a819-86977f2619b2,2e25c793-17ff-4230-b58d-17dfcc222464,debit,4228,1139788,2025-12-10T16:48:16.146Z
1536bc03-f31f-45dd-a819-86977f2619b2,68e8cdc4-a89c-4489-9d80-d6345ef95f59,credit,4228,160239,2025-12-10T16:48:16.146Z
93f1d54f-e973-4a7d-9e89-ca018d55c72e,d53314e5-d645-464a-99cf-45ed1a35e9fd,debit,948,412184.25,2025-12-10T16:48:16.146Z
93f1d54f-e973-4a7d-9e89-ca018d55c72e,8c25909a-227f-4d95-86a1-9033ec6e34a4,credit,948,25097,2025-12-10T16:48:16.146Z
9643ab1e-47bd-4feb-8146-c12ad23e226c,dfffab37-7984-45e6-bfd9-bcb0617b8a82,debit,299,72496.35,2025-12-10T16:48:16.146Z
9643ab1e-47bd-4feb-8146-c12ad23e226c,8f5bd58f-2868-4aff-b5da-41454b5bb662,credit,299,3794,2025-12-10T16:48:16.146Z
6b4c67e3-b7d1-40f5-8233-67b0d2ed2b11,4c9659e2-39a0-491a-9392-94dfda2a7ad5,debit,1583,124936.85,2025-12-10T16:48:16.146Z
6b4c67e3-b7d1-40f5-8233-67b0d2ed2b11,8fecc2ac-282e-4044-a1dd-0ef257c60926,credit,1583,63206,2025-12-10T16:48:16.146Z
cde9bb55-375b-43b8-9631-fea166379b78,2e25c793-17ff-4230-b58d-17dfcc222464,credit,14914,1154702,2025-12-11T16:48:16.146Z
50e6fa16-bbe5-45e5-8da9-64b3c87de6e6,d53314e5-d645-464a-99cf-45ed1a35e9fd,debit,949,411235.25,2025-12-11T16:48:16.146Z
50e6fa16-bbe5-45e5-8da9-64b3c87de6e6,77f216ae-66bd-4d6b-9dcf-ac7ac8c779cc,credit,949,29266,2025-12-11T16:48:16.146Z
f6348bf1-da35-4a5a-944e-0f773910d83c,d53314e5-d645-464a-99cf-45ed1a35e9fd,credit,47.45,411282.7,2025-12-11T16:48:16.146Z
348e3248-255d-42f1-a290-2379878b6955,dfffab37-7984-45e6-bfd9-bcb0617b8a82,debit,203,72293.35,2025-12-11T16:48:16.146Z
348e3248-255d-42f1-a290-2379878b6955,99326bcd-2ed0-4319-b6a7-a9d1ac39f1b2,credit,203,35115,2025-12-11T16:48:16.146Z
17fe9df4-42c5-4592-a8af-997a0d913898,cc817b0a-5cde-4437-9047-eb0a6c1b8735,debit,201,58694.8,2025-12-11T16:48:16.146Z
17fe9df4-42c5-4592-a8af-997a0d913898,77f216ae-66bd-4d6b-9dcf-ac7ac8c779cc,credit,201,29467,2025-12-11T16:48:16.146Z
51ae9709-9f9b-4c42-84b3-227188e51fe0,4c9659e2-39a0-491a-9392-94dfda2a7ad5,debit,285,124651.85,2025-12-11T16:48:16.146Z
51ae9709-9f9b-4c42-84b3-227188e51fe0,8c25909a-227f-4d95-86a1-9033ec6e34a4,credit,285,25382,2025-12-11T16:48:16.146Z
520df7b5-8eeb-400b-95aa-2ceeaf41c144,4f64b206-7b74-44ce-b39f-89049ebd4e3f,debit,478,172767.94999999998,2025-12-12T16:48:16.146Z
520df7b5-8eeb-400b-95aa-2ceeaf41c144,77f216ae-66bd-4d6b-9dcf-ac7ac8c779cc,credit,478,29945,2025-12-12T16:48:16.146Z
f52e9121-2d9c-4cb3-a419-2e6a113c69ce,2e25c793-17ff-4230-b58d-17dfcc222464,credit,16388,1171090,2025-12-12T16:48:16.146Z
309556d0-03a0-493a-9e55-e3247811c858,2e25c793-17ff-4230-b58d-17dfcc222464,credit,12197,1183287,2025-12-12T16:48:16.146Z
2ddb50bc-ef7e-4b9f-9739-0d2af6b84a87,d53314e5-d645-464a-99cf-45ed1a35e9fd,debit,316,410966.7,2025-12-12T16:48:16.146Z
2ddb50bc-ef7e-4b9f-9739-0d2af6b84a87,77f216ae-66bd-4d6b-9dcf-ac7ac8c779cc,credit,316,30261,2025-12-12T16:48:16.146Z
4f9c8763-d1f5-4fcb-92a3-1f82ae0cf185,dfffab37-7984-45e6-bfd9-bcb0617b8a82,debit,915,71378.35,2025-12-12T16:48:16.146Z
4f9c8763-d1f5-4fcb-92a3-1f82ae0cf185,68e8cdc4-a89c-4489-9d80-d6345ef95f59,credit,915,161154,2025-12-12T16:48:16.146Z
647abb47-34c8-43e1-a8a5-f8d207d533ab,4c9659e2-39a0-491a-9392-94dfda2a7ad5,debit,8000,116651.85,2025-12-12T16:48:16.146Z
647abb47-34c8-43e1-a8a5-f8d207d533ab,a56c78df-bd12-4093-8857-edaaef0c6ac6,credit,8000,32000,2025-12-12T16:48:16.146Z
6fc3c75d-1540-4a5e-b5a4-d2eb701f3dbc,4f64b206-7b74-44ce-b39f-89049ebd4e3f,debit,2794,169973.94999999998,2025-12-13T16:48:16.146Z
6fc3c75d-1540-4a5e-b5a4-d2eb701f3dbc,8fecc2ac-282e-4044-a1dd-0ef257c60926,credit,2794,66000,2025-12-13T16:48:16.146Z
6779f1b2-15e7-4c79-bc11-5c77e5fda7f1,4f64b206-7b74-44ce-b39f-89049ebd4e3f,debit,715,169258.94999999998,2025-12-13T16:48:16.146Z
6779f1b2-15e7-4c79-bc11-5c77e5fda7f1,99326bcd-2ed0-4319-b6a7-a9d1ac39f1b2,credit,715,35830,2025-12-13T16:48:16.146Z
eac71888-60bf-4083-9a30-864a7cc87bdd,2e25c793-17ff-4230-b58d-17dfcc222464,credit,7194,1190481,2025-12-13T16:48:16.146Z
9b90947c-81e6-4068-8edf-fe33ad7178f7,d53314e5-d645-464a-99cf-45ed1a35e9fd,debit,414,410552.7,2025-12-13T16:48:16.146Z
9b90947c-81e6-4068-8edf-fe33ad7178f7,77f216ae-66bd-4d6b-9dcf-ac7ac8c779cc,credit,414,30675,2025-12-13T16:48:16.146Z
5b593b2b-7346-4f25-bf9a-bbc92262aa01,2e25c793-17ff-4230-b58d-17dfcc222464,credit,9395,1199876,2025-12-14T16:48:16.146Z
57b41789-5d5d-4cf2-b4d3-8c869e0729dc,2e25c793-17ff-4230-b58d-17dfcc222464,credit,17056,1216932,2025-12-14T16:48:16.146Z
15529f1d-b1c9-4e22-bb2f-2fa427adc651,2e25c793-17ff-4230-b58d-17dfcc222464,debit,723,1216209,2025-12-14T16:48:16.146Z
15529f1d-b1c9-4e22-bb2f-2fa427adc651,77f216ae-66bd-4d6b-9dcf-ac7ac8c779cc,credit,723,31398,2025-12-14T16:48:16.146Z
22b43e33-4f28-4df3-a831-5f3950010d2f,dfffab37-7984-45e6-bfd9-bcb0617b8a82,credit,5000,76378.35,2025-12-14T16:48:16.146Z
351a807a-2717-4e9e-8661-cd1849653b24,cc817b0a-5cde-4437-9047-eb0a6c1b8735,credit,4000,62694.8,2025-12-14T16:48:16.146Z
734ce1b0-0e28-4e5a-b2d8-d1a1503af004,cc817b0a-5cde-4437-9047-eb0a6c1b8735,debit,194,62500.8,2025-12-14T16:48:16.146Z
734ce1b0-0e28-4e5a-b2d8-d1a1503af004,dfffab37-7984-45e6-bfd9-bcb0617b8a82,credit,194,76572.35,2025-12-14T16:48:16.146Z
98626087-ee73-40b9-ba41-75c7f7fd5f2a,2e25c793-17ff-4230-b58d-17dfcc222464,credit,9449,1225658,2025-12-15T16:48:16.146Z
713816f7-3357-4a53-a1df-e181169a1afa,2e25c793-17ff-4230-b58d-17dfcc222464,credit,15411,1241069,2025-12-15T16:48:16.146Z
481fc33f-a64d-4d9d-b4b4-ed134296fe07,2e25c793-17ff-4230-b58d-17dfcc222464,credit,7412,1248481,2025-12-15T16:48:16.146Z
ea2e49d2-1012-4a04-83dd-ffb9581559f5,2e25c793-17ff-4230-b58d-17dfcc222464,debit,60949,1187532,2025-12-15T16:48:16.146Z
ea2e49d2-1012-4a04-83dd-ffb9581559f5,78d754c3-7421-45c6-af19-62af10c7d7a7,credit,60949,620882,2025-12-15T16:48:16.146Z
1198b249-5788-46df-917a-33b8b5078366,cc817b0a-5cde-4437-9047-eb0a6c1b8735,debit,271,62229.8,2025-12-15T16:48:16.146Z
1198b249-5788-46df-917a-33b8b5078366,77f216ae-66bd-4d6b-9dcf-ac7ac8c779cc,credit,271,31669,2025-12-15T16:48:16.146Z
05c38c9d-d64b-489e-b5c8-b767e0fd9b50,4c9659e2-39a0-491a-9392-94dfda2a7ad5,debit,1505,115146.85,2025-12-15T16:48:16.146Z
05c38c9d-d64b-489e-b5c8-b767e0fd9b50,68e8cdc4-a89c-4489-9d80-d6345ef95f59,credit,1505,162659,2025-12-15T16:48:16.146Z
16563dfa-f403-4d3f-9bbc-0781ca804843,4c9659e2-39a0-491a-9392-94dfda2a7ad5,debit,469,114677.85,2025-12-15T16:48:16.146Z
16563dfa-f403-4d3f-9bbc-0781ca804843,8c25909a-227f-4d95-86a1-9033ec6e34a4,credit,469,25851,2025-12-15T16:48:16.146Z
9126756c-a103-480b-b745-7c44290fb006,4f64b206-7b74-44ce-b39f-89049ebd4e3f,debit,204,169054.94999999998,2025-12-16T16:48:16.146Z
9126756c-a103-480b-b745-7c44290fb006,77f216ae-66bd-4d6b-9dcf-ac7ac8c779cc,credit,204,31873,2025-12-16T16:48:16.146Z
f084bf78-1c8d-4f87-b445-c41d9f0f6c2b,2e25c793-17ff-4230-b58d-17dfcc222464,credit,15092,1202624,2025-12-16T16:48:16.146Z
c9321b13-3c4c-40d9-940b-c1e8d29718c9,2e25c793-17ff-4230-b58d-17dfcc222464,credit,7315,1209939,2025-12-16T16:48:16.146Z
9292d62e-db35-4f45-a017-8d312ed7f3cc,2e25c793-17ff-4230-b58d-17dfcc222464,debit,400,1209539,2025-12-16T16:48:16.146Z
9292d62e-db35-4f45-a017-8d312ed7f3cc,77f216ae-66bd-4d6b-9dcf-ac7ac8c779cc,credit,400,32273,2025-12-16T16:48:16.146Z
2dba32d4-a26d-40d0-ba52-37bb4bd4d970,cc817b0a-5cde-4437-9047-eb0a6c1b8735,debit,118,62111.8,2025-12-16T16:48:16.146Z
2dba32d4-a26d-40d0-ba52-37bb4bd4d970,dfffab37-7984-45e6-bfd9-bcb0617b8a82,credit,118,76690.35,2025-12-16T16:48:16.146Z
2410ce7b-e4f6-484f-b102-f3362c141fac,2e25c793-17ff-4230-b58d-17dfcc222464,credit,6379,1215918,2025-12-17T16:48:16.146Z
e524de88-dcb7-4366-b693-139bd5f10c62,2e25c793-17ff-4230-b58d-17dfcc222464,debit,346,1215572,2025-12-17T16:48:16.146Z
e524de88-dcb7-4366-b693-139bd5f10c62,8c25909a-227f-4d95-86a1-9033ec6e34a4,credit,346,26197,2025-12-17T16:48:16.146Z
8c320785-dd70-4b6e-a517-0223099b5482,4c9659e2-39a0-491a-9392-94dfda2a7ad5,debit,281,114396.85,2025-12-17T16:48:16.146Z
8c320785-dd70-4b6e-a517-0223099b5482,8c25909a-227f-4d95-86a1-9033ec6e34a4,credit,281,26478,2025-12-17T16:48:16.146Z
fc4a1099-242e-4bab-83c4-abacbecd4930,2e25c793-17ff-4230-b58d-17dfcc222464,credit,8924,1224496,2025-12-18T16:48:16.146Z
7d8a08d5-d669-4e5e-8765-20f88d04ce45,2e25c793-17ff-4230-b58d-17dfcc222464,credit,9886,1234382,2025-12-18T16:48:16.146Z
2333dcc5-70e4-4de1-97f5-c9ffb54d8009,d53314e5-d645-464a-99cf-45ed1a35e9fd,debit,534,410018.7,2025-12-18T16:48:16.146Z
2333dcc5-70e4-4de1-97f5-c9ffb54d8009,99326bcd-2ed0-4319-b6a7-a9d1ac39f1b2,credit,534,36364,2025-12-18T16:48:16.146Z
9271add4-4c4e-4aad-96f3-c9507251dcf6,4c9659e2-39a0-491a-9392-94dfda2a7ad5,debit,308,114088.85,2025-12-18T16:48:16.146Z
9271add4-4c4e-4aad-96f3-c9507251dcf6,99326bcd-2ed0-4319-b6a7-a9d1ac39f1b2,credit,308,36672,2025-12-18T16:48:16.146Z
ed4d01b1-fe8e-42ca-a72d-68a095230e18,2e25c793-17ff-4230-b58d-17dfcc222464,credit,7799,1242181,2025-12-19T16:48:16.146Z
0ede3c22-8a5b-4d41-a445-533e024d242a,2e25c793-17ff-4230-b58d-17dfcc222464,credit,15089,1257270,2025-12-19T16:48:16.146Z
dd95a963-c496-4dfd-9f31-56510e80a7c4,4c9659e2-39a0-491a-9392-94dfda2a7ad5,debit,205,113883.85,2025-12-19T16:48:16.146Z
dd95a963-c496-4dfd-9f31-56510e80a7c4,77f216ae-66bd-4d6b-9dcf-ac7ac8c779cc,credit,205,32478,2025-12-19T16:48:16.146Z
1c27e807-ba3b-4788-8ebc-4c09dc5d01f5,4f64b206-7b74-44ce-b39f-89049ebd4e3f,debit,3377,165677.94999999998,2025-12-20T16:48:16.146Z
1c27e807-ba3b-4788-8ebc-4c09dc5d01f5,8fecc2ac-282e-4044-a1dd-0ef257c60926,credit,3377,69377,2025-12-20T16:48:16.146Z
634db7ec-00c8-4220-bb6a-68d3b9d2d880,2e25c793-17ff-4230-b58d-17dfcc222464,credit,17842,1275112,2025-12-20T16:48:16.146Z
cc6a4d86-32e2-4f3f-b4d1-283ef8fc8d52,2e25c793-17ff-4230-b58d-17dfcc222464,credit,16538,1291650,2025-12-20T16:48:16.146Z
736a6f6a-44c3-4185-898f-b9647f0111eb,2e25c793-17ff-4230-b58d-17dfcc222464,debit,5275,1286375,2025-12-20T16:48:16.146Z
736a6f6a-44c3-4185-898f-b9647f0111eb,68e8cdc4-a89c-4489-9d80-d6345ef95f59,credit,5275,167934,2025-12-20T16:48:16.146Z
39599827-c7a7-45bf-a0b6-7d1842b0b53c,dfffab37-7984-45e6-bfd9-bcb0617b8a82,debit,174,76516.35,2025-12-20T16:48:16.146Z
39599827-c7a7-45bf-a0b6-7d1842b0b53c,77f216ae-66bd-4d6b-9dcf-ac7ac8c779cc,credit,174,32652,2025-12-20T16:48:16.146Z
7ae0e947-9b10-45df-badf-5bd7926b2170,cc817b0a-5cde-4437-9047-eb0a6c1b8735,debit,155,61956.8,2025-12-20T16:48:16.146Z
7ae0e947-9b10-45df-badf-5bd7926b2170,77f216ae-66bd-4d6b-9dcf-ac7ac8c779cc,credit,155,32807,2025-12-20T16:48:16.146Z
d51d1fbe-9de4-4647-b7a0-8aa89707ae0e,4f64b206-7b74-44ce-b39f-89049ebd4e3f,debit,477,165200.94999999998,2025-12-21T16:48:16.146Z
d51d1fbe-9de4-4647-b7a0-8aa89707ae0e,99326bcd-2ed0-4319-b6a7-a9d1ac39f1b2,credit,477,37149,2025-12-21T16:48:16.146Z
41fb4c0f-e638-41ff-b0ba-8dc81d1ca31c,2e25c793-17ff-4230-b58d-17dfcc222464,credit,9891,1296266,2025-12-21T16:48:16.146Z
562aec1c-4b88-4c34-8e96-d48cedf324e4,dfffab37-7984-45e6-bfd9-bcb0617b8a82,credit,5000,81516.35,2025-12-21T16:48:16.146Z
50c2dbd6-5347-4fca-9410-0eff570c59c3,cc817b0a-5cde-4437-9047-eb0a6c1b8735,credit,4000,65956.8,2025-12-21T16:48:16.146Z
2d610ee4-8776-4204-98c9-47b69264f12d,4c9659e2-39a0-491a-9392-94dfda2a7ad5,debit,432,113451.85,2025-12-21T16:48:16.146Z
2d610ee4-8776-4204-98c9-47b69264f12d,99326bcd-2ed0-4319-b6a7-a9d1ac39f1b2,credit,432,37581,2025-12-21T16:48:16.146Z
b16ec4ad-804e-4c79-a25a-52c8d6df6199,4f64b206-7b74-44ce-b39f-89049ebd4e3f,debit,346,164854.94999999998,2025-12-22T16:48:16.146Z
b16ec4ad-804e-4c79-a25a-52c8d6df6199,99326bcd-2ed0-4319-b6a7-a9d1ac39f1b2,credit,346,37927,2025-12-22T16:48:16.146Z
f049c694-f7a5-435c-b2f3-4f77ce16901f,2e25c793-17ff-4230-b58d-17dfcc222464,credit,13224,1309490,2025-12-22T16:48:16.146Z
8129f48d-707d-4adc-b0ff-1508deec58f6,2e25c793-17ff-4230-b58d-17dfcc222464,credit,5816,1315306,2025-12-22T16:48:16.146Z
2f910eb6-c121-4257-a177-1cbff51828c3,cc817b0a-5cde-4437-9047-eb0a6c1b8735,debit,177,65779.8,2025-12-22T16:48:16.146Z
2f910eb6-c121-4257-a177-1cbff51828c3,77f216ae-66bd-4d6b-9dcf-ac7ac8c779cc,credit,177,32984,2025-12-22T16:48:16.146Z
75870edc-e3d9-4201-8a6e-5fb9db18601f,4c9659e2-39a0-491a-9392-94dfda2a7ad5,debit,472,112979.85,2025-12-22T16:48:16.146Z
75870edc-e3d9-4201-8a6e-5fb9db18601f,99326bcd-2ed0-4319-b6a7-a9d1ac39f1b2,credit,472,38399,2025-12-22T16:48:16.146Z
2afc0437-3aef-4266-893d-034375289daf,4f64b206-7b74-44ce-b39f-89049ebd4e3f,debit,452,164402.94999999998,2025-12-23T16:48:16.146Z
2afc0437-3aef-4266-893d-034375289daf,99326bcd-2ed0-4319-b6a7-a9d1ac39f1b2,credit,452,38851,2025-12-23T16:48:16.146Z
6a016e44-66e7-4937-b83c-1cfd01043a34,2e25c793-17ff-4230-b58d-17dfcc222464,credit,8830,1324136,2025-12-23T16:48:16.146Z
a2025d07-df8c-43a3-90c8-dd6f7a2669d9,2e25c793-17ff-4230-b58d-17dfcc222464,credit,6273,1330409,2025-12-23T16:48:16.146Z
dbe09986-9c68-44d5-b4f7-0587bcd5074f,2e25c793-17ff-4230-b58d-17dfcc222464,credit,13337,1343746,2025-12-23T16:48:16.146Z
5ae7a790-02de-4d0f-abc6-dc06de84e01a,2e25c793-17ff-4230-b58d-17dfcc222464,debit,598,1343148,2025-12-23T16:48:16.146Z
5ae7a790-02de-4d0f-abc6-dc06de84e01a,8c25909a-227f-4d95-86a1-9033ec6e34a4,credit,598,27076,2025-12-23T16:48:16.146Z
30da8c0c-c47d-4932-ae8f-b1f9589a5941,d53314e5-d645-464a-99cf-45ed1a35e9fd,debit,449,409569.7,2025-12-23T16:48:16.146Z
30da8c0c-c47d-4932-ae8f-b1f9589a5941,77f216ae-66bd-4d6b-9dcf-ac7ac8c779cc,credit,449,33433,2025-12-23T16:48:16.146Z
6828c83b-9f7c-499f-ba67-04f80c17585a,cc817b0a-5cde-4437-9047-eb0a6c1b8735,debit,332,65447.8,2025-12-23T16:48:16.146Z
6828c83b-9f7c-499f-ba67-04f80c17585a,68e8cdc4-a89c-4489-9d80-d6345ef95f59,credit,332,168266,2025-12-23T16:48:16.146Z
cf143b0c-356b-45c7-a610-9a4eba3e8f59,4c9659e2-39a0-491a-9392-94dfda2a7ad5,debit,555,112424.85,2025-12-23T16:48:16.146Z
cf143b0c-356b-45c7-a610-9a4eba3e8f59,99326bcd-2ed0-4319-b6a7-a9d1ac39f1b2,credit,555,39406,2025-12-23T16:48:16.146Z
63bef6ba-7bc9-4c07-b1d8-60d9a50cf5f8,4f64b206-7b74-44ce-b39f-89049ebd4e3f,debit,560,163842.94999999998,2025-12-24T16:48:16.146Z
63bef6ba-7bc9-4c07-b1d8-60d9a50cf5f8,99326bcd-2ed0-4319-b6a7-a9d1ac39f1b2,credit,560,39966,2025-12-24T16:48:16.146Z
1a0e6b7d-6ac4-42c9-bf92-0575facbc9ca,4f64b206-7b74-44ce-b39f-89049ebd4e3f,credit,28,163870.94999999998,2025-12-24T16:48:16.146Z
de1cedc1-32c8-4b5a-a141-5060c473458b,2e25c793-17ff-4230-b58d-17dfcc222464,credit,6750,1349898,2025-12-24T16:48:16.146Z
af5ceda0-428c-4f13-8bcf-0627476d7b39,d53314e5-d645-464a-99cf-45ed1a35e9fd,debit,6407,403162.7,2025-12-24T16:48:16.146Z
af5ceda0-428c-4f13-8bcf-0627476d7b39,4778cfd7-bd59-44d1-88ad-ffa43d403800,credit,6407,41161,2025-12-24T16:48:16.146Z
81e3ae67-38ba-47c4-80a3-98819e5ffd99,dfffab37-7984-45e6-bfd9-bcb0617b8a82,debit,159,81357.35,2025-12-24T16:48:16.146Z
81e3ae67-38ba-47c4-80a3-98819e5ffd99,99326bcd-2ed0-4319-b6a7-a9d1ac39f1b2,credit,159,40125,2025-12-24T16:48:16.146Z
3370df1d-cbf6-4707-a456-88ca2d15c845,4c9659e2-39a0-491a-9392-94dfda2a7ad5,debit,282,112142.85,2025-12-24T16:48:16.146Z
3370df1d-cbf6-4707-a456-88ca2d15c845,8c25909a-227f-4d95-86a1-9033ec6e34a4,credit,282,27358,2025-12-24T16:48:16.146Z
4ad22b08-9d27-4c19-a92e-50d051db7496,2e25c793-17ff-4230-b58d-17dfcc222464,credit,17886,1367784,2025-12-25T16:48:16.146Z
f6750c7a-600c-4c09-9970-b58d8108ec08,2e25c793-17ff-4230-b58d-17dfcc222464,debit,49995,1317789,2025-12-25T16:48:16.146Z
f6750c7a-600c-4c09-9970-b58d8108ec08,78d754c3-7421-45c6-af19-62af10c7d7a7,credit,49995,670877,2025-12-25T16:48:16.146Z
274880a0-4c3c-4407-b385-a494c7643044,2e25c793-17ff-4230-b58d-17dfcc222464,debit,517,1317272,2025-12-25T16:48:16.146Z
274880a0-4c3c-4407-b385-a494c7643044,8c25909a-227f-4d95-86a1-9033ec6e34a4,credit,517,27875,2025-12-25T16:48:16.146Z
f04b848c-b9f3-443d-9886-7cc441cee05e,dfffab37-7984-45e6-bfd9-bcb0617b8a82,debit,376,80981.35,2025-12-25T16:48:16.146Z
f04b848c-b9f3-443d-9886-7cc441cee05e,99326bcd-2ed0-4319-b6a7-a9d1ac39f1b2,credit,376,40501,2025-12-25T16:48:16.146Z
7f91896d-77d6-49f8-88a1-8a8dcbab618f,4c9659e2-39a0-491a-9392-94dfda2a7ad5,debit,1296,110846.85,2025-12-25T16:48:16.146Z
7f91896d-77d6-49f8-88a1-8a8dcbab618f,8fecc2ac-282e-4044-a1dd-0ef257c60926,credit,1296,70673,2025-12-25T16:48:16.146Z
21318e40-569a-47dc-ba1f-9fefa41aee10,4f64b206-7b74-44ce-b39f-89049ebd4e3f,debit,345,163525.94999999998,2025-12-26T16:48:16.146Z
21318e40-569a-47dc-ba1f-9fefa41aee10,99326bcd-2ed0-4319-b6a7-a9d1ac39f1b2,credit,345,40846,2025-12-26T16:48:16.146Z
9e13f827-82eb-428a-a045-2fc4491f3774,2e25c793-17ff-4230-b58d-17dfcc222464,debit,858,1316414,2025-12-26T16:48:16.146Z
9e13f827-82eb-428a-a045-2fc4491f3774,77f216ae-66bd-4d6b-9dcf-ac7ac8c779cc,credit,858,34291,2025-12-26T16:48:16.146Z
0ff60291-eda0-4263-9a7a-b81e189d48ab,d53314e5-d645-464a-99cf-45ed1a35e9fd,debit,1730,401432.7,2025-12-26T16:48:16.146Z
0ff60291-eda0-4263-9a7a-b81e189d48ab,8c25909a-227f-4d95-86a1-9033ec6e34a4,credit,1730,29605,2025-12-26T16:48:16.146Z
faa0f69b-33af-4a62-8afe-3e28024431e4,dfffab37-7984-45e6-bfd9-bcb0617b8a82,debit,362,80619.35,2025-12-26T16:48:16.146Z
faa0f69b-33af-4a62-8afe-3e28024431e4,99326bcd-2ed0-4319-b6a7-a9d1ac39f1b2,credit,362,41208,2025-12-26T16:48:16.146Z
39833a25-2ae4-4f4f-b65a-232c67b5f098,4c9659e2-39a0-491a-9392-94dfda2a7ad5,debit,476,110370.85,2025-12-26T16:48:16.146Z
39833a25-2ae4-4f4f-b65a-232c67b5f098,99326bcd-2ed0-4319-b6a7-a9d1ac39f1b2,credit,476,41684,2025-12-26T16:48:16.146Z
73d26f2c-d057-4f44-9e74-7c33742c59bb,4f64b206-7b74-44ce-b39f-89049ebd4e3f,debit,2793,160732.94999999998,2025-12-27T16:48:16.146Z
73d26f2c-d057-4f44-9e74-7c33742c59bb,8fecc2ac-282e-4044-a1dd-0ef257c60926,credit,2793,73466,2025-12-27T16:48:16.146Z
da4196d0-51fe-444d-baaa-15093d5e530f,2e25c793-17ff-4230-b58d-17dfcc222464,credit,14540,1330954,2025-12-27T16:48:16.146Z
0a6d542d-a1b1-4262-a679-eab19c520043,2e25c793-17ff-4230-b58d-17dfcc222464,debit,7870,1323084,2025-12-27T16:48:16.146Z
0a6d542d-a1b1-4262-a679-eab19c520043,68e8cdc4-a89c-4489-9d80-d6345ef95f59,credit,7870,176136,2025-12-27T16:48:16.146Z
c2802874-10a2-4749-8fdf-e5411df447b2,d53314e5-d645-464a-99cf-45ed1a35e9fd,debit,1136,400296.7,2025-12-27T16:48:16.146Z
c2802874-10a2-4749-8fdf-e5411df447b2,77f216ae-66bd-4d6b-9dcf-ac7ac8c779cc,credit,1136,35427,2025-12-27T16:48:16.146Z
f10d9054-1303-47a0-85ac-9cedfbfbda9e,cc817b0a-5cde-4437-9047-eb0a6c1b8735,debit,338,65109.8,2025-12-27T16:48:16.146Z
f10d9054-1303-47a0-85ac-9cedfbfbda9e,99326bcd-2ed0-4319-b6a7-a9d1ac39f1b2,credit,338,42022,2025-12-27T16:48:16.146Z
fd5e8731-565c-4c61-a445-5dbcf89028ee,4c9659e2-39a0-491a-9392-94dfda2a7ad5,credit,28050,138420.85,2025-12-27T16:48:16.146Z
2499e150-99c0-4baa-9d0d-713bf87f99e5,4c9659e2-39a0-491a-9392-94dfda2a7ad5,debit,381,138039.85,2025-12-27T16:48:16.146Z
2499e150-99c0-4baa-9d0d-713bf87f99e5,8c25909a-227f-4d95-86a1-9033ec6e34a4,credit,381,29986,2025-12-27T16:48:16.146Z
b91cf34a-bf29-4825-abed-91667c711e3f,4f64b206-7b74-44ce-b39f-89049ebd4e3f,debit,3310,157422.94999999998,2025-12-28T16:48:16.146Z
b91cf34a-bf29-4825-abed-91667c711e3f,68e8cdc4-a89c-4489-9d80-d6345ef95f59,credit,3310,179446,2025-12-28T16:48:16.146Z
0b367aee-5ca2-4a7e-9011-01486c999972,2e25c793-17ff-4230-b58d-17dfcc222464,credit,5321,1328405,2025-12-28T16:48:16.146Z
0119a856-0fb4-49b6-a8b7-c16f166f8d34,2e25c793-17ff-4230-b58d-17dfcc222464,debit,7237,1321168,2025-12-28T16:48:16.146Z
0119a856-0fb4-49b6-a8b7-c16f166f8d34,68e8cdc4-a89c-4489-9d80-d6345ef95f59,credit,7237,186683,2025-12-28T16:48:16.146Z
cce45c9d-3ce7-45d7-8d09-5c98f84fae51,d53314e5-d645-464a-99cf-45ed1a35e9fd,debit,1545,398751.7,2025-12-28T16:48:16.146Z
cce45c9d-3ce7-45d7-8d09-5c98f84fae51,8c25909a-227f-4d95-86a1-9033ec6e34a4,credit,1545,31531,2025-12-28T16:48:16.146Z
f6b27e12-ed52-4935-b12a-d28862d56e77,dfffab37-7984-45e6-bfd9-bcb0617b8a82,credit,5000,85619.35,2025-12-28T16:48:16.146Z
02af90ca-b86d-49d9-9bbb-a709e5b56256,dfffab37-7984-45e6-bfd9-bcb0617b8a82,debit,566,85053.35,2025-12-28T16:48:16.146Z
02af90ca-b86d-49d9-9bbb-a709e5b56256,68e8cdc4-a89c-4489-9d80-d6345ef95f59,credit,566,187249,2025-12-28T16:48:16.146Z
1477cc66-fe36-4ca6-912f-fdebebac9b14,cc817b0a-5cde-4437-9047-eb0a6c1b8735,credit,4000,69109.8,2025-12-28T16:48:16.146Z
d03770c6-d43b-4912-ba45-15d99d8d0bd2,cc817b0a-5cde-4437-9047-eb0a6c1b8735,debit,135,68974.8,2025-12-28T16:48:16.146Z
d03770c6-d43b-4912-ba45-15d99d8d0bd2,dfffab37-7984-45e6-bfd9-bcb0617b8a82,credit,135,85188.35,2025-12-28T16:48:16.146Z
0f90b469-3779-4346-906a-359c359b374e,4f64b206-7b74-44ce-b39f-89049ebd4e3f,debit,419,157003.94999999998,2025-12-29T16:48:16.146Z
0f90b469-3779-4346-906a-359c359b374e,77f216ae-66bd-4d6b-9dcf-ac7ac8c779cc,credit,419,35846,2025-12-29T16:48:16.146Z
7df48feb-a1a5-4f59-9b48-c73a9942972a,2e25c793-17ff-4230-b58d-17dfcc222464,credit,7777,1328945,2025-12-29T16:48:16.146Z
33b4c5f3-2e85-405d-a708-9dbc106ad8da,2e25c793-17ff-4230-b58d-17dfcc222464,debit,535,1328410,2025-12-29T16:48:16.146Z
33b4c5f3-2e85-405d-a708-9dbc106ad8da,8c25909a-227f-4d95-86a1-9033ec6e34a4,credit,535,32066,2025-12-29T16:48:16.146Z
04f1411b-660c-4c84-a955-fd6d99f6e8ca,cc817b0a-5cde-4437-9047-eb0a6c1b8735,debit,414,68560.8,2025-12-29T16:48:16.146Z
04f1411b-660c-4c84-a955-fd6d99f6e8ca,99326bcd-2ed0-4319-b6a7-a9d1ac39f1b2,credit,414,42436,2025-12-29T16:48:16.146Z
55560d87-4d88-46f5-83fc-03f93397f535,4c9659e2-39a0-491a-9392-94dfda2a7ad5,credit,25023,163062.85,2025-12-29T16:48:16.146Z
97e44fb1-3919-4de3-88f9-fad795443ae7,4c9659e2-39a0-491a-9392-94dfda2a7ad5,debit,452,162610.85,2025-12-29T16:48:16.146Z
97e44fb1-3919-4de3-88f9-fad795443ae7,99326bcd-2ed0-4319-b6a7-a9d1ac39f1b2,credit,452,42888,2025-12-29T16:48:16.146Z
78a2ac10-4bee-446d-8aaa-a3fd757e3c04,2e25c793-17ff-4230-b58d-17dfcc222464,credit,6139,1334549,2025-12-30T16:48:16.146Z
ef8df94f-bf12-48b6-a877-8428f2d053c1,2e25c793-17ff-4230-b58d-17dfcc222464,debit,6992,1327557,2025-12-30T16:48:16.146Z
ef8df94f-bf12-48b6-a877-8428f2d053c1,68e8cdc4-a89c-4489-9d80-d6345ef95f59,credit,6992,194241,2025-12-30T16:48:16.146Z
c3601faf-2f57-4a2c-8c0c-8265ef50fa4e,d53314e5-d645-464a-99cf-45ed1a35e9fd,debit,933,397818.7,2025-12-30T16:48:16.146Z
c3601faf-2f57-4a2c-8c0c-8265ef50fa4e,77f216ae-66bd-4d6b-9dcf-ac7ac8c779cc,credit,933,36779,2025-12-30T16:48:16.146Z
fe139c95-0d4d-434a-8efc-1d6b5e2a4944,4f64b206-7b74-44ce-b39f-89049ebd4e3f,debit,462,156541.94999999998,2025-12-31T16:48:16.146Z
fe139c95-0d4d-434a-8efc-1d6b5e2a4944,99326bcd-2ed0-4319-b6a7-a9d1ac39f1b2,credit,462,43350,2025-12-31T16:48:16.146Z
e8140159-9d5d-47d0-8670-15c47598c47b,4f64b206-7b74-44ce-b39f-89049ebd4e3f,credit,23.1,156565.05,2025-12-31T16:48:16.146Z
33c9d193-9d50-4258-8de3-9bfde48dde63,2e25c793-17ff-4230-b58d-17dfcc222464,credit,16571,1344128,2025-12-31T16:48:16.146Z
088c146a-1c57-4249-a6e1-0bd53a6b8aaf,2e25c793-17ff-4230-b58d-17dfcc222464,debit,604,1343524,2025-12-31T16:48:16.146Z
088c146a-1c57-4249-a6e1-0bd53a6b8aaf,77f216ae-66bd-4d6b-9dcf-ac7ac8c779cc,credit,604,37383,2025-12-31T16:48:16.146Z
4552f1e1-5b4e-4eb0-8ea1-9b196204e0f3,d53314e5-d645-464a-99cf-45ed1a35e9fd,debit,967,396851.7,2025-12-31T16:48:16.146Z
4552f1e1-5b4e-4eb0-8ea1-9b196204e0f3,8c25909a-227f-4d95-86a1-9033ec6e34a4,credit,967,33033,2025-12-31T16:48:16.146Z
07cdbf3d-ef8a-41b1-8df9-b4197aef2b0f,cc817b0a-5cde-4437-9047-eb0a6c1b8735,debit,585,67975.8,2025-12-31T16:48:16.146Z
07cdbf3d-ef8a-41b1-8df9-b4197aef2b0f,68e8cdc4-a89c-4489-9d80-d6345ef95f59,credit,585,194826,2025-12-31T16:48:16.146Z
0a0b0f22-30bd-4b7a-9343-29ce77ee5ac5,4c9659e2-39a0-491a-9392-94dfda2a7ad5,credit,16618,179228.85,2025-12-31T16:48:16.146Z
96e5dced-f35a-4228-bd0a-8fe40eaad0e2,4c9659e2-39a0-491a-9392-94dfda2a7ad5,debit,189,179039.85,2025-12-31T16:48:16.146Z
96e5dced-f35a-4228-bd0a-8fe40eaad0e2,8c25909a-227f-4d95-86a1-9033ec6e34a4,credit,189,33222,2025-12-31T16:48:16.146Z
33fdc231-e0d2-44bd-acb3-e877036eacd4,4f64b206-7b74-44ce-b39f-89049ebd4e3f,credit,85000,241565.05,2026-01-01T16:48:16.146Z
d83c28ce-15d4-46dd-90ed-ff89c8624133,2e25c793-17ff-4230-b58d-17dfcc222464,credit,7352,1350876,2026-01-01T16:48:16.146Z
f935ccab-e742-4077-b951-afba9a4535e5,d53314e5-d645-464a-99cf-45ed1a35e9fd,credit,120000,516851.7,2026-01-01T16:48:16.146Z
f672d3c5-f825-43a5-afaf-3af4e29d5d44,4c9659e2-39a0-491a-9392-94dfda2a7ad5,debit,141,178898.85,2026-01-01T16:48:16.146Z
f672d3c5-f825-43a5-afaf-3af4e29d5d44,77f216ae-66bd-4d6b-9dcf-ac7ac8c779cc,credit,141,37524,2026-01-01T16:48:16.146Z
f17176f0-8270-4018-a02e-80b5e1e6c903,2e25c793-17ff-4230-b58d-17dfcc222464,credit,16491,1367367,2026-01-02T16:48:16.146Z
dae4557c-9f65-48f8-a948-b1df56e1ff39,2e25c793-17ff-4230-b58d-17dfcc222464,credit,9964,1377331,2026-01-02T16:48:16.146Z
c420c7d5-ec8c-4261-8244-df1cff2502b8,2e25c793-17ff-4230-b58d-17dfcc222464,credit,14711,1392042,2026-01-02T16:48:16.146Z
13daf2e9-c114-46a8-a9b1-7e09a2738217,2e25c793-17ff-4230-b58d-17dfcc222464,debit,35000,1357042,2026-01-02T16:48:16.146Z
13daf2e9-c114-46a8-a9b1-7e09a2738217,396aaa88-f522-47e1-a4dd-f2107cc69e7a,credit,35000,300000,2026-01-02T16:48:16.146Z
be72fb1e-3e6c-46fc-9ac9-ddb0e4c5fa06,d53314e5-d645-464a-99cf-45ed1a35e9fd,debit,1150,515701.7,2026-01-02T16:48:16.146Z
be72fb1e-3e6c-46fc-9ac9-ddb0e4c5fa06,77f216ae-66bd-4d6b-9dcf-ac7ac8c779cc,credit,1150,38674,2026-01-02T16:48:16.146Z
2ce2bbb3-a050-4025-b978-bfa7fe4602e8,4c9659e2-39a0-491a-9392-94dfda2a7ad5,debit,1058,177840.85,2026-01-02T16:48:16.146Z
2ce2bbb3-a050-4025-b978-bfa7fe4602e8,8fecc2ac-282e-4044-a1dd-0ef257c60926,credit,1058,74524,2026-01-02T16:48:16.146Z
92d5cbaa-de04-4f45-8fa8-f2b07185f491,4f64b206-7b74-44ce-b39f-89049ebd4e3f,debit,25000,216565.05,2026-01-03T16:48:16.146Z
92d5cbaa-de04-4f45-8fa8-f2b07185f491,396aaa88-f522-47e1-a4dd-f2107cc69e7a,credit,25000,325000,2026-01-03T16:48:16.146Z
806106f6-18d0-4ebb-ad74-6a9bd0960681,4f64b206-7b74-44ce-b39f-89049ebd4e3f,debit,3215,213350.05,2026-01-03T16:48:16.146Z
806106f6-18d0-4ebb-ad74-6a9bd0960681,8fecc2ac-282e-4044-a1dd-0ef257c60926,credit,3215,77739,2026-01-03T16:48:16.146Z
6ae883ac-f226-444c-b56c-5739688d1092,d53314e5-d645-464a-99cf-45ed1a35e9fd,debit,474,515227.7,2026-01-03T16:48:16.146Z
6ae883ac-f226-444c-b56c-5739688d1092,77f216ae-66bd-4d6b-9dcf-ac7ac8c779cc,credit,474,39148,2026-01-03T16:48:16.146Z
ad5f3a6a-9c63-4023-8057-e41af0176c3d,dfffab37-7984-45e6-bfd9-bcb0617b8a82,debit,395,84793.35,2026-01-03T16:48:16.146Z
ad5f3a6a-9c63-4023-8057-e41af0176c3d,99326bcd-2ed0-4319-b6a7-a9d1ac39f1b2,credit,395,43745,2026-01-03T16:48:16.146Z
23329fef-8e21-4781-9639-47362f8adf3b,4c9659e2-39a0-491a-9392-94dfda2a7ad5,debit,347,177493.85,2026-01-03T16:48:16.146Z
23329fef-8e21-4781-9639-47362f8adf3b,99326bcd-2ed0-4319-b6a7-a9d1ac39f1b2,credit,347,44092,2026-01-03T16:48:16.146Z
df11692f-cd2d-4344-8468-dccaf3621847,2e25c793-17ff-4230-b58d-17dfcc222464,credit,11200,1368242,2026-01-04T16:48:16.146Z
7dd0e0e6-f4ea-41e7-b9ef-19d5fbade0af,2e25c793-17ff-4230-b58d-17dfcc222464,credit,6255,1374497,2026-01-04T16:48:16.146Z
b6c43f20-4f7e-40a6-af24-d7dbe67f61d2,2e25c793-17ff-4230-b58d-17dfcc222464,credit,9270,1383767,2026-01-04T16:48:16.146Z
56e42632-698b-4d84-8252-9e7ed3707c3f,2e25c793-17ff-4230-b58d-17dfcc222464,debit,7067,1376700,2026-01-04T16:48:16.146Z
56e42632-698b-4d84-8252-9e7ed3707c3f,68e8cdc4-a89c-4489-9d80-d6345ef95f59,credit,7067,201893,2026-01-04T16:48:16.146Z
cc40a787-b90f-4602-aa9a-dc194438d655,dfffab37-7984-45e6-bfd9-bcb0617b8a82,credit,5000,89793.35,2026-01-04T16:48:16.146Z
4774fa34-46f9-4d65-9ccf-fe9b2d741d41,cc817b0a-5cde-4437-9047-eb0a6c1b8735,credit,4000,71975.8,2026-01-04T16:48:16.146Z
9922bce1-1e1c-4300-a99c-7c00b77130ed,4c9659e2-39a0-491a-9392-94dfda2a7ad5,debit,238,177255.85,2026-01-04T16:48:16.146Z
9922bce1-1e1c-4300-a99c-7c00b77130ed,8c25909a-227f-4d95-86a1-9033ec6e34a4,credit,238,33460,2026-01-04T16:48:16.146Z
514fc148-d046-467e-9769-7ea283d624ad,4c9659e2-39a0-491a-9392-94dfda2a7ad5,credit,11.9,177267.75,2026-01-04T16:48:16.146Z
0565ca9b-9b9e-4e6a-97c7-096b5083f2ec,4f64b206-7b74-44ce-b39f-89049ebd4e3f,debit,3138,210212.05,2026-01-05T16:48:16.146Z
0565ca9b-9b9e-4e6a-97c7-096b5083f2ec,0e5d4bb0-d613-443b-beef-163eb4214b67,credit,3138,20825,2026-01-05T16:48:16.146Z
f28003bb-27f9-4c3a-89b7-a93706bc2816,4f64b206-7b74-44ce-b39f-89049ebd4e3f,debit,718,209494.05,2026-01-05T16:48:16.146Z
f28003bb-27f9-4c3a-89b7-a93706bc2816,99326bcd-2ed0-4319-b6a7-a9d1ac39f1b2,credit,718,44810,2026-01-05T16:48:16.146Z
3380c7fd-6172-41d8-aa75-0bbdc5eaac1a,2e25c793-17ff-4230-b58d-17dfcc222464,credit,16794,1393494,2026-01-05T16:48:16.146Z
c1f63aed-65be-4143-ab7d-c47c7514f727,2e25c793-17ff-4230-b58d-17dfcc222464,debit,45414,1348080,2026-01-05T16:48:16.146Z
c1f63aed-65be-4143-ab7d-c47c7514f727,78d754c3-7421-45c6-af19-62af10c7d7a7,credit,45414,716291,2026-01-05T16:48:16.146Z
8aa2111b-a172-4763-8de9-0b3ce55b9636,2e25c793-17ff-4230-b58d-17dfcc222464,debit,391,1347689,2026-01-05T16:48:16.146Z
8aa2111b-a172-4763-8de9-0b3ce55b9636,77f216ae-66bd-4d6b-9dcf-ac7ac8c779cc,credit,391,39539,2026-01-05T16:48:16.146Z
498adc56-64cf-46ac-b67a-487c2a8e8e1a,dfffab37-7984-45e6-bfd9-bcb0617b8a82,debit,180,89613.35,2026-01-05T16:48:16.146Z
498adc56-64cf-46ac-b67a-487c2a8e8e1a,cc817b0a-5cde-4437-9047-eb0a6c1b8735,credit,180,72155.8,2026-01-05T16:48:16.146Z
7ded1616-7060-4038-92cd-df5b601b902d,4c9659e2-39a0-491a-9392-94dfda2a7ad5,credit,18061,195328.75,2026-01-05T16:48:16.146Z
308b4efd-342d-4da0-b0e7-8001506adbb6,2e25c793-17ff-4230-b58d-17dfcc222464,credit,14356,1362045,2026-01-06T16:48:16.146Z
9664111c-ae6b-4c30-87df-fde27c4c5e89,4c9659e2-39a0-491a-9392-94dfda2a7ad5,debit,341,194987.75,2026-01-06T16:48:16.146Z
9664111c-ae6b-4c30-87df-fde27c4c5e89,8c25909a-227f-4d95-86a1-9033ec6e34a4,credit,341,33801,2026-01-06T16:48:16.146Z
f9948b28-ff1b-4a9d-8f9c-dc76fdd0499e,2e25c793-17ff-4230-b58d-17dfcc222464,credit,4571,1366616,2026-01-07T16:48:16.146Z
0a29d198-f917-4cee-9637-feeb4a4641d2,2e25c793-17ff-4230-b58d-17dfcc222464,credit,5331,1371947,2026-01-07T16:48:16.146Z
28ff4ac3-d581-4827-9081-49dc437085cf,2e25c793-17ff-4230-b58d-17dfcc222464,debit,18000,1353947,2026-01-07T16:48:16.146Z
28ff4ac3-d581-4827-9081-49dc437085cf,655846c2-aeb1-41c7-b562-4937ad6f5c8b,credit,18000,90000,2026-01-07T16:48:16.146Z
db63afca-553e-449d-b8a4-579dbf2b9dfc,4c9659e2-39a0-491a-9392-94dfda2a7ad5,debit,323,194664.75,2026-01-07T16:48:16.146Z
db63afca-553e-449d-b8a4-579dbf2b9dfc,8c25909a-227f-4d95-86a1-9033ec6e34a4,credit,323,34124,2026-01-07T16:48:16.146Z
2e0cabb3-1f49-4aed-9022-a807e7714884,4f64b206-7b74-44ce-b39f-89049ebd4e3f,debit,506,208988.05,2026-01-08T16:48:16.146Z
2e0cabb3-1f49-4aed-9022-a807e7714884,99326bcd-2ed0-4319-b6a7-a9d1ac39f1b2,credit,506,45316,2026-01-08T16:48:16.146Z
2a9a42cd-a233-4e37-a1d9-9154357f19d3,dfffab37-7984-45e6-bfd9-bcb0617b8a82,debit,161,89452.35,2026-01-08T16:48:16.146Z
2a9a42cd-a233-4e37-a1d9-9154357f19d3,77f216ae-66bd-4d6b-9dcf-ac7ac8c779cc,credit,161,39700,2026-01-08T16:48:16.146Z
896eb79f-ff41-4550-925d-1c1b8a55dc10,cc817b0a-5cde-4437-9047-eb0a6c1b8735,debit,147,72008.8,2026-01-08T16:48:16.146Z
896eb79f-ff41-4550-925d-1c1b8a55dc10,77f216ae-66bd-4d6b-9dcf-ac7ac8c779cc,credit,147,39847,2026-01-08T16:48:16.146Z
7b7d00cf-0952-4047-82fa-9a23ab8dddb9,2e25c793-17ff-4230-b58d-17dfcc222464,credit,16977,1370924,2026-01-09T16:48:16.146Z
f2818f9b-61f5-4cc6-bcc2-a7d137879296,2e25c793-17ff-4230-b58d-17dfcc222464,credit,4528,1375452,2026-01-09T16:48:16.146Z
eae6219c-e855-4a11-9b23-5559939fb484,2e25c793-17ff-4230-b58d-17dfcc222464,debit,603,1374849,2026-01-09T16:48:16.146Z
eae6219c-e855-4a11-9b23-5559939fb484,8c25909a-227f-4d95-86a1-9033ec6e34a4,credit,603,34727,2026-01-09T16:48:16.146Z
fe7a02be-6d19-46e5-a78c-d16a36b8e9f8,d53314e5-d645-464a-99cf-45ed1a35e9fd,debit,589,514638.7,2026-01-09T16:48:16.146Z
fe7a02be-6d19-46e5-a78c-d16a36b8e9f8,99326bcd-2ed0-4319-b6a7-a9d1ac39f1b2,credit,589,45905,2026-01-09T16:48:16.146Z
2453f8eb-6b07-4b62-8e0e-1d01c1a444c3,dfffab37-7984-45e6-bfd9-bcb0617b8a82,debit,274,89178.35,2026-01-09T16:48:16.146Z
2453f8eb-6b07-4b62-8e0e-1d01c1a444c3,77f216ae-66bd-4d6b-9dcf-ac7ac8c779cc,credit,274,40121,2026-01-09T16:48:16.146Z
5061d6da-797a-413b-ac9e-d7bfd3f697e3,cc817b0a-5cde-4437-9047-eb0a6c1b8735,debit,846,71162.8,2026-01-09T16:48:16.146Z
5061d6da-797a-413b-ac9e-d7bfd3f697e3,68e8cdc4-a89c-4489-9d80-d6345ef95f59,credit,846,202739,2026-01-09T16:48:16.146Z
86c5203d-3968-4cff-81bc-64172962a737,4c9659e2-39a0-491a-9392-94dfda2a7ad5,debit,381,194283.75,2026-01-09T16:48:16.146Z
86c5203d-3968-4cff-81bc-64172962a737,99326bcd-2ed0-4319-b6a7-a9d1ac39f1b2,credit,381,46286,2026-01-09T16:48:16.146Z
b3852e90-334f-4fe2-95cb-18f87f836ebd,4f64b206-7b74-44ce-b39f-89049ebd4e3f,debit,199,208789.05,2026-01-10T16:48:16.146Z
b3852e90-334f-4fe2-95cb-18f87f836ebd,bcf7c323-ee7b-4313-95c0-68f74cfeb2bb,credit,199,1194,2026-01-10T16:48:16.146Z
05b73ec7-03b6-45af-9c59-de6b346b2a78,4f64b206-7b74-44ce-b39f-89049ebd4e3f,debit,699,208090.05,2026-01-10T16:48:16.146Z
05b73ec7-03b6-45af-9c59-de6b346b2a78,8f5bd58f-2868-4aff-b5da-41454b5bb662,credit,699,4493,2026-01-10T16:48:16.146Z
ccdd6139-74df-45d1-87f8-a38ed179fc01,4f64b206-7b74-44ce-b39f-89049ebd4e3f,debit,2018,206072.05,2026-01-10T16:48:16.146Z
ccdd6139-74df-45d1-87f8-a38ed179fc01,8fecc2ac-282e-4044-a1dd-0ef257c60926,credit,2018,79757,2026-01-10T16:48:16.146Z
518c1014-c887-4556-b708-18ec04ca41e6,4f64b206-7b74-44ce-b39f-89049ebd4e3f,debit,534,205538.05,2026-01-10T16:48:16.146Z
518c1014-c887-4556-b708-18ec04ca41e6,77f216ae-66bd-4d6b-9dcf-ac7ac8c779cc,credit,534,40655,2026-01-10T16:48:16.146Z
197a0fd0-2ec1-4fa8-aced-a502cfe513e6,2e25c793-17ff-4230-b58d-17dfcc222464,credit,5483,1380332,2026-01-10T16:48:16.146Z
a9acc2c2-7576-4314-925e-fe9f7540dbd1,2e25c793-17ff-4230-b58d-17dfcc222464,credit,12575,1392907,2026-01-10T16:48:16.146Z
dca02563-9e37-444a-8c49-59464a4981ca,d53314e5-d645-464a-99cf-45ed1a35e9fd,debit,336,514302.7,2026-01-10T16:48:16.146Z
dca02563-9e37-444a-8c49-59464a4981ca,77f216ae-66bd-4d6b-9dcf-ac7ac8c779cc,credit,336,40991,2026-01-10T16:48:16.146Z
1f7f5dfa-bdfe-4611-ba82-275937d7206d,dfffab37-7984-45e6-bfd9-bcb0617b8a82,debit,209,88969.35,2026-01-10T16:48:16.146Z
1f7f5dfa-bdfe-4611-ba82-275937d7206d,77f216ae-66bd-4d6b-9dcf-ac7ac8c779cc,credit,209,41200,2026-01-10T16:48:16.146Z
6cb7412f-9f1f-45a9-9ffe-c45bdadfda5f,cc817b0a-5cde-4437-9047-eb0a6c1b8735,debit,172,70990.8,2026-01-10T16:48:16.146Z
6cb7412f-9f1f-45a9-9ffe-c45bdadfda5f,99326bcd-2ed0-4319-b6a7-a9d1ac39f1b2,credit,172,46458,2026-01-10T16:48:16.146Z
03712d0f-6082-4ea8-84f7-60a4d877a60f,4c9659e2-39a0-491a-9392-94dfda2a7ad5,debit,247,194036.75,2026-01-10T16:48:16.146Z
03712d0f-6082-4ea8-84f7-60a4d877a60f,8c25909a-227f-4d95-86a1-9033ec6e34a4,credit,247,34974,2026-01-10T16:48:16.146Z
49ee6e2b-7cc9-48ab-a6b7-872586045b56,2e25c793-17ff-4230-b58d-17dfcc222464,credit,15384,1408291,2026-01-11T16:48:16.146Z
3a80436c-1026-4a5b-a407-0ce8a0d0bc9e,dfffab37-7984-45e6-bfd9-bcb0617b8a82,credit,5000,93969.35,2026-01-11T16:48:16.146Z
c656de0c-dfb1-4346-a6ff-23c3eb9d1889,cc817b0a-5cde-4437-9047-eb0a6c1b8735,credit,4000,74990.8,2026-01-11T16:48:16.146Z
286b739f-3297-4d8d-934b-3f8a8109e718,2e25c793-17ff-4230-b58d-17dfcc222464,credit,5568,1413859,2026-01-12T16:48:16.146Z
6697a33e-7c92-43fd-8312-1acd4b237506,4c9659e2-39a0-491a-9392-94dfda2a7ad5,debit,8000,186036.75,2026-01-12T16:48:16.146Z
6697a33e-7c92-43fd-8312-1acd4b237506,a56c78df-bd12-4093-8857-edaaef0c6ac6,credit,8000,40000,2026-01-12T16:48:16.146Z
5f9866cb-d16a-4361-bae5-230dc6c9601c,4c9659e2-39a0-491a-9392-94dfda2a7ad5,debit,458,185578.75,2026-01-12T16:48:16.146Z
5f9866cb-d16a-4361-bae5-230dc6c9601c,8c25909a-227f-4d95-86a1-9033ec6e34a4,credit,458,35432,2026-01-12T16:48:16.146Z
fb5596cf-0b1b-4fd8-ac40-9d151b75cd80,4f64b206-7b74-44ce-b39f-89049ebd4e3f,debit,4172,201366.05,2026-01-13T16:48:16.146Z
fb5596cf-0b1b-4fd8-ac40-9d151b75cd80,68e8cdc4-a89c-4489-9d80-d6345ef95f59,credit,4172,206911,2026-01-13T16:48:16.146Z
cba11c24-1c5c-437d-a8ea-20702c7924bb,2e25c793-17ff-4230-b58d-17dfcc222464,credit,4589,1418448,2026-01-13T16:48:16.146Z
8faadc8f-155a-4f00-8f4c-a322aed57fe4,2e25c793-17ff-4230-b58d-17dfcc222464,credit,10589,1429037,2026-01-13T16:48:16.146Z
0cd096a1-1098-425b-ba37-f9e6c617e453,2e25c793-17ff-4230-b58d-17dfcc222464,credit,7594,1436631,2026-01-14T16:48:16.146Z
6f0296a4-9c08-4737-822b-a95355558b0e,2e25c793-17ff-4230-b58d-17dfcc222464,credit,7493,1444124,2026-01-14T16:48:16.146Z
f4e5d63e-ed34-4eda-a2e1-eb45d2161a7c,d53314e5-d645-464a-99cf-45ed1a35e9fd,debit,477,513825.7,2026-01-14T16:48:16.146Z
f4e5d63e-ed34-4eda-a2e1-eb45d2161a7c,99326bcd-2ed0-4319-b6a7-a9d1ac39f1b2,credit,477,46935,2026-01-14T16:48:16.146Z
07e187de-e7f0-4607-9f95-1c1efb21a236,dfffab37-7984-45e6-bfd9-bcb0617b8a82,debit,196,93773.35,2026-01-14T16:48:16.146Z
07e187de-e7f0-4607-9f95-1c1efb21a236,77f216ae-66bd-4d6b-9dcf-ac7ac8c779cc,credit,196,41396,2026-01-14T16:48:16.146Z
55dde0b7-3bd2-48bd-ab85-a0d9b459bba4,2e25c793-17ff-4230-b58d-17dfcc222464,credit,9130,1453254,2026-01-15T16:48:16.146Z
0b5de259-8e5e-4526-be2f-81bfdb1c6a2c,2e25c793-17ff-4230-b58d-17dfcc222464,credit,14264,1467518,2026-01-15T16:48:16.146Z
cfd31cf1-77d3-49cb-acad-0fe9a36192c7,2e25c793-17ff-4230-b58d-17dfcc222464,debit,46693,1420825,2026-01-15T16:48:16.146Z
cfd31cf1-77d3-49cb-acad-0fe9a36192c7,78d754c3-7421-45c6-af19-62af10c7d7a7,credit,46693,762984,2026-01-15T16:48:16.146Z
565a69f5-e007-4863-b8a1-3b78e0f3ced9,4c9659e2-39a0-491a-9392-94dfda2a7ad5,debit,2575,183003.75,2026-01-15T16:48:16.146Z
565a69f5-e007-4863-b8a1-3b78e0f3ced9,68e8cdc4-a89c-4489-9d80-d6345ef95f59,credit,2575,209486,2026-01-15T16:48:16.146Z
a8701178-1497-47ef-9b59-fec960e6570a,4c9659e2-39a0-491a-9392-94dfda2a7ad5,debit,286,182717.75,2026-01-15T16:48:16.146Z
a8701178-1497-47ef-9b59-fec960e6570a,77f216ae-66bd-4d6b-9dcf-ac7ac8c779cc,credit,286,41682,2026-01-15T16:48:16.146Z
71b59d9b-b547-4076-8378-c3cfee597fab,4f64b206-7b74-44ce-b39f-89049ebd4e3f,debit,410,200956.05,2026-01-16T16:48:16.146Z
71b59d9b-b547-4076-8378-c3cfee597fab,99326bcd-2ed0-4319-b6a7-a9d1ac39f1b2,credit,410,47345,2026-01-16T16:48:16.146Z
9d55f015-387c-4adc-a50d-fcafd785523c,2e25c793-17ff-4230-b58d-17dfcc222464,credit,7291,1428116,2026-01-16T16:48:16.146Z
fc89d50e-b3cd-4e2d-9731-9f1b244c2dae,2e25c793-17ff-4230-b58d-17dfcc222464,credit,5323,1433439,2026-01-16T16:48:16.146Z
d63fc532-f966-4788-bff7-091ab8e9ce9f,2e25c793-17ff-4230-b58d-17dfcc222464,debit,6389,1427050,2026-01-16T16:48:16.146Z
d63fc532-f966-4788-bff7-091ab8e9ce9f,68e8cdc4-a89c-4489-9d80-d6345ef95f59,credit,6389,215875,2026-01-16T16:48:16.146Z
ffe0af3f-e43a-405f-8e41-da2a104758f2,cc817b0a-5cde-4437-9047-eb0a6c1b8735,debit,153,74837.8,2026-01-16T16:48:16.146Z
ffe0af3f-e43a-405f-8e41-da2a104758f2,99326bcd-2ed0-4319-b6a7-a9d1ac39f1b2,credit,153,47498,2026-01-16T16:48:16.146Z
64516f00-bfc3-4a2f-bc7a-42da90bdc311,4f64b206-7b74-44ce-b39f-89049ebd4e3f,debit,2353,198603.05,2026-01-17T16:48:16.146Z
64516f00-bfc3-4a2f-bc7a-42da90bdc311,8fecc2ac-282e-4044-a1dd-0ef257c60926,credit,2353,82110,2026-01-17T16:48:16.146Z
05bc4964-9842-4a42-9a54-d6e6a77e0492,4f64b206-7b74-44ce-b39f-89049ebd4e3f,debit,3145,195458.05,2026-01-17T16:48:16.146Z
05bc4964-9842-4a42-9a54-d6e6a77e0492,68e8cdc4-a89c-4489-9d80-d6345ef95f59,credit,3145,219020,2026-01-17T16:48:16.146Z
ab44c036-89b0-4f77-91fe-2f740751d398,2e25c793-17ff-4230-b58d-17dfcc222464,credit,8323,1435373,2026-01-17T16:48:16.146Z
0447f15d-2188-4109-9d22-0e358af21064,2e25c793-17ff-4230-b58d-17dfcc222464,credit,5358,1440731,2026-01-17T16:48:16.146Z
a624505c-0c60-4428-8f8c-04d79497bd76,d53314e5-d645-464a-99cf-45ed1a35e9fd,debit,1913,511912.7,2026-01-17T16:48:16.146Z
a624505c-0c60-4428-8f8c-04d79497bd76,68e8cdc4-a89c-4489-9d80-d6345ef95f59,credit,1913,220933,2026-01-17T16:48:16.146Z
6e8d4b79-9922-4915-89c3-d260409d2251,cc817b0a-5cde-4437-9047-eb0a6c1b8735,debit,176,74661.8,2026-01-17T16:48:16.146Z
6e8d4b79-9922-4915-89c3-d260409d2251,99326bcd-2ed0-4319-b6a7-a9d1ac39f1b2,credit,176,47674,2026-01-17T16:48:16.146Z
a3b7ae39-5cb4-49c8-b5af-59cd50681aef,4c9659e2-39a0-491a-9392-94dfda2a7ad5,debit,1035,181682.75,2026-01-17T16:48:16.146Z
a3b7ae39-5cb4-49c8-b5af-59cd50681aef,8fecc2ac-282e-4044-a1dd-0ef257c60926,credit,1035,83145,2026-01-17T16:48:16.146Z
d21e0b72-be11-4252-8cd0-1c4ec07cbad3,4f64b206-7b74-44ce-b39f-89049ebd4e3f,debit,362,195096.05,2026-01-18T16:48:16.146Z
d21e0b72-be11-4252-8cd0-1c4ec07cbad3,77f216ae-66bd-4d6b-9dcf-ac7ac8c779cc,credit,362,42044,2026-01-18T16:48:16.146Z
c9a106ec-b12b-4897-8631-dee6cf6774cd,2e25c793-17ff-4230-b58d-17dfcc222464,credit,8819,1449550,2026-01-18T16:48:16.146Z
97411f68-3994-4ee1-a7d5-265a1d02ad2a,2e25c793-17ff-4230-b58d-17dfcc222464,debit,3209,1446341,2026-01-18T16:48:16.146Z
97411f68-3994-4ee1-a7d5-265a1d02ad2a,68e8cdc4-a89c-4489-9d80-d6345ef95f59,credit,3209,224142,2026-01-18T16:48:16.146Z
d75a1de1-1006-4560-960d-813ba2c4b7f3,dfffab37-7984-45e6-bfd9-bcb0617b8a82,credit,5000,98773.35,2026-01-18T16:48:16.146Z
ff6f022f-de62-48bf-abae-14f4e8784416,dfffab37-7984-45e6-bfd9-bcb0617b8a82,debit,432,98341.35,2026-01-18T16:48:16.146Z
ff6f022f-de62-48bf-abae-14f4e8784416,99326bcd-2ed0-4319-b6a7-a9d1ac39f1b2,credit,432,48106,2026-01-18T16:48:16.146Z
06cf18f6-b00b-4d2b-911e-c258e388b001,cc817b0a-5cde-4437-9047-eb0a6c1b8735,credit,4000,78661.8,2026-01-18T16:48:16.146Z
8fbaf1e1-3b2d-4646-af47-434514d853d9,cc817b0a-5cde-4437-9047-eb0a6c1b8735,debit,171,78490.8,2026-01-18T16:48:16.146Z
8fbaf1e1-3b2d-4646-af47-434514d853d9,99326bcd-2ed0-4319-b6a7-a9d1ac39f1b2,credit,171,48277,2026-01-18T16:48:16.146Z
821d89e7-07b9-4fc0-9164-63471a9e16b2,2e25c793-17ff-4230-b58d-17dfcc222464,credit,15939,1462280,2026-01-19T16:48:16.146Z
a21f0695-8a73-4d83-94e0-aa5520f5cbed,2e25c793-17ff-4230-b58d-17dfcc222464,debit,902,1461378,2026-01-19T16:48:16.146Z
a21f0695-8a73-4d83-94e0-aa5520f5cbed,77f216ae-66bd-4d6b-9dcf-ac7ac8c779cc,credit,902,42946,2026-01-19T16:48:16.146Z
77529585-b1a9-444c-ad41-3a8529b38a17,cc817b0a-5cde-4437-9047-eb0a6c1b8735,debit,238,78252.8,2026-01-19T16:48:16.146Z
77529585-b1a9-444c-ad41-3a8529b38a17,99326bcd-2ed0-4319-b6a7-a9d1ac39f1b2,credit,238,48515,2026-01-19T16:48:16.146Z
f9fd63e9-e4e8-41b4-a99b-4a30c11b43d8,4c9659e2-39a0-491a-9392-94dfda2a7ad5,credit,28923,210605.75,2026-01-19T16:48:16.146Z
dcb96dac-5484-4169-ae9b-d57c7f6880fb,4c9659e2-39a0-491a-9392-94dfda2a7ad5,debit,494,210111.75,2026-01-19T16:48:16.146Z
dcb96dac-5484-4169-ae9b-d57c7f6880fb,99326bcd-2ed0-4319-b6a7-a9d1ac39f1b2,credit,494,49009,2026-01-19T16:48:16.146Z
7e5cf2ab-87e7-4d2a-9eac-87a7b0f364d1,4f64b206-7b74-44ce-b39f-89049ebd4e3f,debit,366,194730.05,2026-01-20T16:48:16.146Z
7e5cf2ab-87e7-4d2a-9eac-87a7b0f364d1,99326bcd-2ed0-4319-b6a7-a9d1ac39f1b2,credit,366,49375,2026-01-20T16:48:16.146Z
68ed921c-f964-4268-b01a-f1a1fd37b385,2e25c793-17ff-4230-b58d-17dfcc222464,credit,12419,1473797,2026-01-20T16:48:16.146Z
2ba13732-8bc4-4ddc-b50a-ba60de508a34,2e25c793-17ff-4230-b58d-17dfcc222464,credit,9020,1482817,2026-01-20T16:48:16.146Z
5ca226e4-58c4-45f7-8f99-40a78e8587fc,4f64b206-7b74-44ce-b39f-89049ebd4e3f,debit,381,194349.05,2026-01-21T16:48:16.146Z
5ca226e4-58c4-45f7-8f99-40a78e8587fc,99326bcd-2ed0-4319-b6a7-a9d1ac39f1b2,credit,381,49756,2026-01-21T16:48:16.146Z
1b50cf25-b556-4f5a-a577-2b05eb3e024c,2e25c793-17ff-4230-b58d-17dfcc222464,credit,16909,1499726,2026-01-21T16:48:16.146Z
018b03db-a163-4b7a-8bb4-0b7df36cb66d,2e25c793-17ff-4230-b58d-17dfcc222464,credit,17260,1516986,2026-01-21T16:48:16.146Z
c423c2b7-158d-46d3-88ee-f09de31803ba,cc817b0a-5cde-4437-9047-eb0a6c1b8735,debit,339,77913.8,2026-01-21T16:48:16.146Z
c423c2b7-158d-46d3-88ee-f09de31803ba,99326bcd-2ed0-4319-b6a7-a9d1ac39f1b2,credit,339,50095,2026-01-21T16:48:16.146Z
43eb837a-6b29-4310-a88d-05c0d1e25b42,4c9659e2-39a0-491a-9392-94dfda2a7ad5,credit,17114,227225.75,2026-01-21T16:48:16.146Z
c441e77d-9569-4330-8207-4659c47e86e7,4c9659e2-39a0-491a-9392-94dfda2a7ad5,debit,435,226790.75,2026-01-21T16:48:16.146Z
c441e77d-9569-4330-8207-4659c47e86e7,8c25909a-227f-4d95-86a1-9033ec6e34a4,credit,435,35867,2026-01-21T16:48:16.146Z
d466a51f-3fd8-4e27-a634-aa0f7eb3e027,2e25c793-17ff-4230-b58d-17dfcc222464,credit,6515,1523501,2026-01-22T16:48:16.146Z
d8473917-1199-42ae-8b67-5de289b3e6be,2e25c793-17ff-4230-b58d-17dfcc222464,credit,8898,1532399,2026-01-22T16:48:16.146Z
ed3bbb52-30e9-41eb-822b-f977400aa50c,d53314e5-d645-464a-99cf-45ed1a35e9fd,debit,377,511535.7,2026-01-22T16:48:16.146Z
ed3bbb52-30e9-41eb-822b-f977400aa50c,99326bcd-2ed0-4319-b6a7-a9d1ac39f1b2,credit,377,50472,2026-01-22T16:48:16.146Z
2cf443b9-4490-465e-9be9-1c2aaf06b892,dfffab37-7984-45e6-bfd9-bcb0617b8a82,debit,194,98147.35,2026-01-22T16:48:16.146Z
2cf443b9-4490-465e-9be9-1c2aaf06b892,cc817b0a-5cde-4437-9047-eb0a6c1b8735,credit,194,78107.8,2026-01-22T16:48:16.146Z
12ea9170-5c48-493e-9024-eb01decae8c1,cc817b0a-5cde-4437-9047-eb0a6c1b8735,debit,303,77804.8,2026-01-22T16:48:16.146Z
12ea9170-5c48-493e-9024-eb01decae8c1,99326bcd-2ed0-4319-b6a7-a9d1ac39f1b2,credit,303,50775,2026-01-22T16:48:16.146Z
66bae1c8-4822-4e2e-aaf7-94dbf09768cb,4c9659e2-39a0-491a-9392-94dfda2a7ad5,debit,439,226351.75,2026-01-22T16:48:16.146Z
66bae1c8-4822-4e2e-aaf7-94dbf09768cb,8c25909a-227f-4d95-86a1-9033ec6e34a4,credit,439,36306,2026-01-22T16:48:16.146Z
e8a9a7c5-8793-455c-9020-142d68e142ae,4f64b206-7b74-44ce-b39f-89049ebd4e3f,debit,280,194069.05,2026-01-23T16:48:16.146Z
e8a9a7c5-8793-455c-9020-142d68e142ae,77f216ae-66bd-4d6b-9dcf-ac7ac8c779cc,credit,280,43226,2026-01-23T16:48:16.146Z
fad6adfa-a05c-4080-b0b7-47595fdd26d6,4f64b206-7b74-44ce-b39f-89049ebd4e3f,credit,14,194083.05,2026-01-23T16:48:16.146Z
a24e1cb1-1aef-4bd5-a5f6-84634f32a2a2,2e25c793-17ff-4230-b58d-17dfcc222464,credit,4827,1537226,2026-01-23T16:48:16.146Z
6cf9e8ec-70f0-4d6b-b326-64f2b09dad48,2e25c793-17ff-4230-b58d-17dfcc222464,debit,251,1536975,2026-01-23T16:48:16.146Z
6cf9e8ec-70f0-4d6b-b326-64f2b09dad48,8c25909a-227f-4d95-86a1-9033ec6e34a4,credit,251,36557,2026-01-23T16:48:16.146Z
2e524e91-eba4-447b-8457-bf63e3e6da99,dfffab37-7984-45e6-bfd9-bcb0617b8a82,debit,270,97877.35,2026-01-23T16:48:16.146Z
2e524e91-eba4-447b-8457-bf63e3e6da99,68e8cdc4-a89c-4489-9d80-d6345ef95f59,credit,270,224412,2026-01-23T16:48:16.146Z
9c25efe0-0770-4573-b0ce-6659acdb9d2b,dfffab37-7984-45e6-bfd9-bcb0617b8a82,credit,13.5,97890.85,2026-01-23T16:48:16.146Z
85dd1d2e-9312-42d8-a589-90cba24d4e7a,4f64b206-7b74-44ce-b39f-89049ebd4e3f,debit,2010,192073.05,2026-01-24T16:48:16.146Z
85dd1d2e-9312-42d8-a589-90cba24d4e7a,8fecc2ac-282e-4044-a1dd-0ef257c60926,credit,2010,85155,2026-01-24T16:48:16.146Z
5a12c0c4-bbff-4e06-84d5-f1d50e1fc93f,2e25c793-17ff-4230-b58d-17dfcc222464,credit,7874,1544849,2026-01-24T16:48:16.146Z
04928a8a-e2d6-4965-adae-b2a1602f18ad,2e25c793-17ff-4230-b58d-17dfcc222464,debit,889,1543960,2026-01-24T16:48:16.146Z
04928a8a-e2d6-4965-adae-b2a1602f18ad,77f216ae-66bd-4d6b-9dcf-ac7ac8c779cc,credit,889,44115,2026-01-24T16:48:16.146Z
ed6ff5bc-ccfa-41d5-92f6-cf85ac3f2f38,d53314e5-d645-464a-99cf-45ed1a35e9fd,debit,1265,510270.7,2026-01-24T16:48:16.146Z
ed6ff5bc-ccfa-41d5-92f6-cf85ac3f2f38,68e8cdc4-a89c-4489-9d80-d6345ef95f59,credit,1265,225677,2026-01-24T16:48:16.146Z
55fb702e-5168-438b-8364-d7f324eebe3a,4c9659e2-39a0-491a-9392-94dfda2a7ad5,credit,27639,253990.75,2026-01-24T16:48:16.146Z
a2a15941-cd80-4aa6-b258-ef61b29d3200,2e25c793-17ff-4230-b58d-17dfcc222464,debit,26628,1517332,2026-01-25T16:48:16.146Z
a2a15941-cd80-4aa6-b258-ef61b29d3200,78d754c3-7421-45c6-af19-62af10c7d7a7,credit,26628,789612,2026-01-25T16:48:16.146Z
1940d246-64ba-454b-bd28-07b890eb0f53,dfffab37-7984-45e6-bfd9-bcb0617b8a82,credit,5000,102890.85,2026-01-25T16:48:16.146Z
8e3acaa8-a782-4a72-8555-0bc22329778c,dfffab37-7984-45e6-bfd9-bcb0617b8a82,debit,94,102796.85,2026-01-25T16:48:16.146Z
8e3acaa8-a782-4a72-8555-0bc22329778c,cc817b0a-5cde-4437-9047-eb0a6c1b8735,credit,94,77898.8,2026-01-25T16:48:16.146Z
a4e64b18-7f32-4e80-bc1c-056e6f705c8b,cc817b0a-5cde-4437-9047-eb0a6c1b8735,credit,4000,81898.8,2026-01-25T16:48:16.146Z
ea86a820-77da-42ae-a017-4b2d97d0781b,4c9659e2-39a0-491a-9392-94dfda2a7ad5,debit,523,253467.75,2026-01-25T16:48:16.146Z
ea86a820-77da-42ae-a017-4b2d97d0781b,99326bcd-2ed0-4319-b6a7-a9d1ac39f1b2,credit,523,51298,2026-01-25T16:48:16.146Z
cd86ddd5-6d37-4318-b0f2-13bec6a88771,4f64b206-7b74-44ce-b39f-89049ebd4e3f,debit,460,191613.05,2026-01-26T16:48:16.146Z
cd86ddd5-6d37-4318-b0f2-13bec6a88771,77f216ae-66bd-4d6b-9dcf-ac7ac8c779cc,credit,460,44575,2026-01-26T16:48:16.146Z
f600dc71-4fec-4782-93d7-bdd398538f64,2e25c793-17ff-4230-b58d-17dfcc222464,credit,10076,1527408,2026-01-26T16:48:16.146Z
226351ba-1907-4da9-a67f-4b5030578167,d53314e5-d645-464a-99cf-45ed1a35e9fd,debit,467,509803.7,2026-01-26T16:48:16.146Z
226351ba-1907-4da9-a67f-4b5030578167,77f216ae-66bd-4d6b-9dcf-ac7ac8c779cc,credit,467,45042,2026-01-26T16:48:16.146Z
399660b4-eda0-4873-b38d-1e6abcbe042c,cc817b0a-5cde-4437-9047-eb0a6c1b8735,debit,735,81163.8,2026-01-26T16:48:16.146Z
399660b4-eda0-4873-b38d-1e6abcbe042c,68e8cdc4-a89c-4489-9d80-d6345ef95f59,credit,735,226412,2026-01-26T16:48:16.146Z
f8667d11-cfae-4dee-923d-27beb985c567,4c9659e2-39a0-491a-9392-94dfda2a7ad5,debit,186,253281.75,2026-01-26T16:48:16.146Z
f8667d11-cfae-4dee-923d-27beb985c567,8c25909a-227f-4d95-86a1-9033ec6e34a4,credit,186,36743,2026-01-26T16:48:16.146Z
132f72fa-ea6a-47f0-85f0-497ee76b3df3,4f64b206-7b74-44ce-b39f-89049ebd4e3f,debit,737,190876.05,2026-01-27T16:48:16.146Z
132f72fa-ea6a-47f0-85f0-497ee76b3df3,99326bcd-2ed0-4319-b6a7-a9d1ac39f1b2,credit,737,52035,2026-01-27T16:48:16.146Z
278a277d-3a91-406b-91a7-0d25f14c9e64,2e25c793-17ff-4230-b58d-17dfcc222464,credit,15686,1543094,2026-01-27T16:48:16.146Z
243af432-644d-4322-a8dd-e908f33150e0,2e25c793-17ff-4230-b58d-17dfcc222464,debit,7219,1535875,2026-01-27T16:48:16.146Z
243af432-644d-4322-a8dd-e908f33150e0,68e8cdc4-a89c-4489-9d80-d6345ef95f59,credit,7219,233631,2026-01-27T16:48:16.146Z
97df20b8-89f9-4987-a175-9e1f935ed5dc,d53314e5-d645-464a-99cf-45ed1a35e9fd,debit,428,509375.7,2026-01-27T16:48:16.146Z
97df20b8-89f9-4987-a175-9e1f935ed5dc,99326bcd-2ed0-4319-b6a7-a9d1ac39f1b2,credit,428,52463,2026-01-27T16:48:16.146Z
6b8436d0-2133-4015-8be9-7ffb76a45c9c,dfffab37-7984-45e6-bfd9-bcb0617b8a82,debit,200,102596.85,2026-01-27T16:48:16.146Z
6b8436d0-2133-4015-8be9-7ffb76a45c9c,cc817b0a-5cde-4437-9047-eb0a6c1b8735,credit,200,81363.8,2026-01-27T16:48:16.146Z
ee5b5e61-1658-4078-be48-f50e0c8e6364,cc817b0a-5cde-4437-9047-eb0a6c1b8735,debit,847,80516.8,2026-01-27T16:48:16.146Z
ee5b5e61-1658-4078-be48-f50e0c8e6364,68e8cdc4-a89c-4489-9d80-d6345ef95f59,credit,847,234478,2026-01-27T16:48:16.146Z
f4a52f62-0d10-4594-ad43-be8d70cc86ca,4c9659e2-39a0-491a-9392-94dfda2a7ad5,debit,303,252978.75,2026-01-27T16:48:16.146Z
f4a52f62-0d10-4594-ad43-be8d70cc86ca,8c25909a-227f-4d95-86a1-9033ec6e34a4,credit,303,37046,2026-01-27T16:48:16.146Z
b80bee9e-42e4-45c5-a212-d70e4d75fdae,4f64b206-7b74-44ce-b39f-89049ebd4e3f,debit,1901,188975.05,2026-01-28T16:48:16.146Z
b80bee9e-42e4-45c5-a212-d70e4d75fdae,68e8cdc4-a89c-4489-9d80-d6345ef95f59,credit,1901,236379,2026-01-28T16:48:16.146Z
60b0e233-da5a-4387-83f1-113e26286f3c,dfffab37-7984-45e6-bfd9-bcb0617b8a82,debit,73,102523.85,2026-01-28T16:48:16.146Z
60b0e233-da5a-4387-83f1-113e26286f3c,cc817b0a-5cde-4437-9047-eb0a6c1b8735,credit,73,80589.8,2026-01-28T16:48:16.146Z
e2d407a1-a82d-49d4-9bd0-d9d41b78e374,cc817b0a-5cde-4437-9047-eb0a6c1b8735,debit,140,80449.8,2026-01-28T16:48:16.146Z
e2d407a1-a82d-49d4-9bd0-d9d41b78e374,dfffab37-7984-45e6-bfd9-bcb0617b8a82,credit,140,102663.85,2026-01-28T16:48:16.146Z
c0378a45-38a9-4111-89ef-94c333454ccb,4c9659e2-39a0-491a-9392-94dfda2a7ad5,credit,24649,277627.75,2026-01-28T16:48:16.146Z
23d7b02c-5684-4fdf-bf71-81a7f7ad714a,4c9659e2-39a0-491a-9392-94dfda2a7ad5,debit,254,277373.75,2026-01-28T16:48:16.146Z
23d7b02c-5684-4fdf-bf71-81a7f7ad714a,77f216ae-66bd-4d6b-9dcf-ac7ac8c779cc,credit,254,45296,2026-01-28T16:48:16.146Z
726bd5c5-549a-4c63-89c5-2ebf4854bd54,2e25c793-17ff-4230-b58d-17dfcc222464,credit,12049,1547924,2026-01-29T16:48:16.146Z
f25a6148-c386-46d2-8870-b42333e66930,2e25c793-17ff-4230-b58d-17dfcc222464,debit,7889,1540035,2026-01-29T16:48:16.146Z
f25a6148-c386-46d2-8870-b42333e66930,68e8cdc4-a89c-4489-9d80-d6345ef95f59,credit,7889,244268,2026-01-29T16:48:16.146Z
8f8167cc-ba88-4d86-aa07-b371b1f34db9,cc817b0a-5cde-4437-9047-eb0a6c1b8735,debit,319,80130.8,2026-01-29T16:48:16.146Z
8f8167cc-ba88-4d86-aa07-b371b1f34db9,77f216ae-66bd-4d6b-9dcf-ac7ac8c779cc,credit,319,45615,2026-01-29T16:48:16.146Z
02621df8-79ed-4e59-8c49-00a802c9c3f9,2e25c793-17ff-4230-b58d-17dfcc222464,credit,5607,1545642,2026-01-30T16:48:16.146Z
ca7c2f47-9664-4864-8ec3-36bf03865d8b,dfffab37-7984-45e6-bfd9-bcb0617b8a82,debit,157,102506.85,2026-01-30T16:48:16.146Z
ca7c2f47-9664-4864-8ec3-36bf03865d8b,cc817b0a-5cde-4437-9047-eb0a6c1b8735,credit,157,80287.8,2026-01-30T16:48:16.146Z
694db5dc-7723-4874-a444-4473befb704a,4c9659e2-39a0-491a-9392-94dfda2a7ad5,debit,1119,276254.75,2026-01-30T16:48:16.146Z
694db5dc-7723-4874-a444-4473befb704a,8fecc2ac-282e-4044-a1dd-0ef257c60926,credit,1119,86274,2026-01-30T16:48:16.146Z
d92f7f5b-127a-4039-a8ea-d153039e6dab,4f64b206-7b74-44ce-b39f-89049ebd4e3f,debit,2391,186584.05,2026-01-31T16:48:16.146Z
d92f7f5b-127a-4039-a8ea-d153039e6dab,8fecc2ac-282e-4044-a1dd-0ef257c60926,credit,2391,88665,2026-01-31T16:48:16.146Z
72b0049e-4b9d-41f6-8c10-4053d3d981ae,4f64b206-7b74-44ce-b39f-89049ebd4e3f,debit,401,186183.05,2026-01-31T16:48:16.146Z
72b0049e-4b9d-41f6-8c10-4053d3d981ae,99326bcd-2ed0-4319-b6a7-a9d1ac39f1b2,credit,401,52864,2026-01-31T16:48:16.146Z
42b8d343-5ed1-48ac-8e3c-2539c3549715,2e25c793-17ff-4230-b58d-17dfcc222464,credit,8648,1554290,2026-01-31T16:48:16.146Z
f4b53cc1-6ecf-4c78-93a4-abecce6f31d7,2e25c793-17ff-4230-b58d-17dfcc222464,credit,6727,1561017,2026-01-31T16:48:16.146Z
b31ee5b1-d936-4b76-86ba-c9842de57fab,2e25c793-17ff-4230-b58d-17dfcc222464,credit,17997,1579014,2026-01-31T16:48:16.146Z
dfb6bf16-692a-4388-be91-c7047f72179e,dfffab37-7984-45e6-bfd9-bcb0617b8a82,debit,217,102289.85,2026-01-31T16:48:16.146Z
dfb6bf16-692a-4388-be91-c7047f72179e,77f216ae-66bd-4d6b-9dcf-ac7ac8c779cc,credit,217,45832,2026-01-31T16:48:16.146Z
42a8368b-f1ca-4ef9-b62c-8f3653267238,dfffab37-7984-45e6-bfd9-bcb0617b8a82,credit,10.85,102300.70000000001,2026-01-31T16:48:16.146Z
ee2417c9-ff08-465f-af12-7d9c7ebf72db,cc817b0a-5cde-4437-9047-eb0a6c1b8735,debit,361,79926.8,2026-01-31T16:48:16.146Z
ee2417c9-ff08-465f-af12-7d9c7ebf72db,99326bcd-2ed0-4319-b6a7-a9d1ac39f1b2,credit,361,53225,2026-01-31T16:48:16.146Z
8da2e585-0a23-40e7-bf4f-3f223d2c0015,cc817b0a-5cde-4437-9047-eb0a6c1b8735,credit,18.05,79944.85,2026-01-31T16:48:16.146Z
a8cbf840-2331-47e3-a90d-c2744dd82fdf,4f64b206-7b74-44ce-b39f-89049ebd4e3f,credit,85000,271183.05,2026-02-01T16:48:16.146Z
a6824d73-04b0-4c6f-9265-5ed6efebcfed,4f64b206-7b74-44ce-b39f-89049ebd4e3f,debit,533,270650.05,2026-02-01T16:48:16.146Z
a6824d73-04b0-4c6f-9265-5ed6efebcfed,99326bcd-2ed0-4319-b6a7-a9d1ac39f1b2,credit,533,53758,2026-02-01T16:48:16.146Z
5139de10-cf76-4141-aab6-3948e83d39c9,2e25c793-17ff-4230-b58d-17dfcc222464,credit,8207,1587221,2026-02-01T16:48:16.146Z
d4e855ba-8ca4-429a-b3c0-de729eab3adb,2e25c793-17ff-4230-b58d-17dfcc222464,credit,11763,1598984,2026-02-01T16:48:16.146Z
d6db2482-6ca0-495f-bd4a-a4cb35e55fc7,d53314e5-d645-464a-99cf-45ed1a35e9fd,credit,120000,629375.7,2026-02-01T16:48:16.146Z
43f5382f-b693-492f-90ec-7152e3f5d90e,dfffab37-7984-45e6-bfd9-bcb0617b8a82,credit,5000,107300.70000000001,2026-02-01T16:48:16.146Z
d7671976-b5cf-46ea-b29d-9c8bd4d668da,dfffab37-7984-45e6-bfd9-bcb0617b8a82,debit,271,107029.70000000001,2026-02-01T16:48:16.146Z
d7671976-b5cf-46ea-b29d-9c8bd4d668da,68e8cdc4-a89c-4489-9d80-d6345ef95f59,credit,271,244539,2026-02-01T16:48:16.146Z
d51e618b-1442-46fc-9ec0-6e76caba6db4,cc817b0a-5cde-4437-9047-eb0a6c1b8735,credit,4000,83944.85,2026-02-01T16:48:16.146Z
34d25bc3-a0d9-41c5-9495-6d8044bf0468,4c9659e2-39a0-491a-9392-94dfda2a7ad5,debit,420,275834.75,2026-02-01T16:48:16.146Z
34d25bc3-a0d9-41c5-9495-6d8044bf0468,99326bcd-2ed0-4319-b6a7-a9d1ac39f1b2,credit,420,54178,2026-02-01T16:48:16.146Z
1cd2b31b-0bee-4c0a-bf4c-81bd6de6de88,4f64b206-7b74-44ce-b39f-89049ebd4e3f,debit,466,270184.05,2026-02-02T16:48:16.146Z
1cd2b31b-0bee-4c0a-bf4c-81bd6de6de88,77f216ae-66bd-4d6b-9dcf-ac7ac8c779cc,credit,466,46298,2026-02-02T16:48:16.146Z
69f18f8f-490e-41bd-8a00-7a38a34b9d4c,2e25c793-17ff-4230-b58d-17dfcc222464,credit,13381,1612365,2026-02-02T16:48:16.146Z
dffa2594-2375-4823-bfa2-2e479f2c26c1,2e25c793-17ff-4230-b58d-17dfcc222464,debit,35000,1577365,2026-02-02T16:48:16.146Z
dffa2594-2375-4823-bfa2-2e479f2c26c1,396aaa88-f522-47e1-a4dd-f2107cc69e7a,credit,35000,360000,2026-02-02T16:48:16.146Z
5908a284-332b-43cd-9a2f-3ca9cd59a115,cc817b0a-5cde-4437-9047-eb0a6c1b8735,debit,167,83777.85,2026-02-02T16:48:16.146Z
5908a284-332b-43cd-9a2f-3ca9cd59a115,99326bcd-2ed0-4319-b6a7-a9d1ac39f1b2,credit,167,54345,2026-02-02T16:48:16.146Z
e22be17f-0924-41ef-9992-0736133dfe6a,4c9659e2-39a0-491a-9392-94dfda2a7ad5,debit,589,275245.75,2026-02-02T16:48:16.146Z
e22be17f-0924-41ef-9992-0736133dfe6a,99326bcd-2ed0-4319-b6a7-a9d1ac39f1b2,credit,589,54934,2026-02-02T16:48:16.146Z
b1b02f34-b728-4403-9246-cf026697506f,4f64b206-7b74-44ce-b39f-89049ebd4e3f,debit,25000,245184.05,2026-02-03T16:48:16.146Z
b1b02f34-b728-4403-9246-cf026697506f,396aaa88-f522-47e1-a4dd-f2107cc69e7a,credit,25000,385000,2026-02-03T16:48:16.146Z
2d9300b4-aef8-44ab-ab3a-caab95ef4a65,2e25c793-17ff-4230-b58d-17dfcc222464,credit,9339,1586704,2026-02-03T16:48:16.146Z
470ca24d-028d-4abf-87bf-9ddddffa56d7,2e25c793-17ff-4230-b58d-17dfcc222464,debit,3984,1582720,2026-02-03T16:48:16.146Z
470ca24d-028d-4abf-87bf-9ddddffa56d7,68e8cdc4-a89c-4489-9d80-d6345ef95f59,credit,3984,248523,2026-02-03T16:48:16.146Z
78277bb5-cc77-46b2-bb1d-c012e6cf2886,cc817b0a-5cde-4437-9047-eb0a6c1b8735,debit,303,83474.85,2026-02-03T16:48:16.146Z
78277bb5-cc77-46b2-bb1d-c012e6cf2886,77f216ae-66bd-4d6b-9dcf-ac7ac8c779cc,credit,303,46601,2026-02-03T16:48:16.146Z
244e8866-66da-4fc4-b9b7-4cbff70ab003,2e25c793-17ff-4230-b58d-17dfcc222464,credit,9801,1592521,2026-02-04T16:48:16.146Z
de70ee8a-cc2e-4be4-9813-e240615aafb7,4f64b206-7b74-44ce-b39f-89049ebd4e3f,debit,4202,240982.05,2026-02-05T16:48:16.146Z
de70ee8a-cc2e-4be4-9813-e240615aafb7,0e5d4bb0-d613-443b-beef-163eb4214b67,credit,4202,25027,2026-02-05T16:48:16.146Z
de1c6d21-34b6-4c7e-98fb-47b93777efed,2e25c793-17ff-4230-b58d-17dfcc222464,credit,6963,1599484,2026-02-05T16:48:16.146Z
5d813b6e-d3d7-4570-8d5d-f8ad21793ee0,2e25c793-17ff-4230-b58d-17dfcc222464,credit,17994,1617478,2026-02-05T16:48:16.146Z
a61aa2d3-0d37-438b-8fbc-ebd6dec7046a,2e25c793-17ff-4230-b58d-17dfcc222464,debit,62428,1555050,2026-02-05T16:48:16.146Z
a61aa2d3-0d37-438b-8fbc-ebd6dec7046a,78d754c3-7421-45c6-af19-62af10c7d7a7,credit,62428,852040,2026-02-05T16:48:16.146Z
23b2ea06-34c3-4829-bdd9-4093212253b8,2e25c793-17ff-4230-b58d-17dfcc222464,debit,330,1554720,2026-02-05T16:48:16.146Z
23b2ea06-34c3-4829-bdd9-4093212253b8,8c25909a-227f-4d95-86a1-9033ec6e34a4,credit,330,37376,2026-02-05T16:48:16.146Z
eda2152e-057b-499e-a4a2-9f113ff7f8fd,dfffab37-7984-45e6-bfd9-bcb0617b8a82,debit,430,106599.70000000001,2026-02-05T16:48:16.146Z
eda2152e-057b-499e-a4a2-9f113ff7f8fd,99326bcd-2ed0-4319-b6a7-a9d1ac39f1b2,credit,430,55364,2026-02-05T16:48:16.146Z
5413513f-e1de-4687-a485-5cec015db359,2e25c793-17ff-4230-b58d-17dfcc222464,credit,16824,1571544,2026-02-06T16:48:16.146Z
00060b60-e360-4d69-b4af-a4c149b6d979,cc817b0a-5cde-4437-9047-eb0a6c1b8735,debit,399,83075.85,2026-02-06T16:48:16.146Z
00060b60-e360-4d69-b4af-a4c149b6d979,99326bcd-2ed0-4319-b6a7-a9d1ac39f1b2,credit,399,55763,2026-02-06T16:48:16.146Z
d4793cdf-bc77-4479-96e7-c747faad5361,4c9659e2-39a0-491a-9392-94dfda2a7ad5,debit,363,274882.75,2026-02-06T16:48:16.146Z
d4793cdf-bc77-4479-96e7-c747faad5361,8c25909a-227f-4d95-86a1-9033ec6e34a4,credit,363,37739,2026-02-06T16:48:16.146Z
729e61b0-6b0c-4b0c-93a2-e44683b56c79,4f64b206-7b74-44ce-b39f-89049ebd4e3f,debit,2118,238864.05,2026-02-07T16:48:16.146Z
729e61b0-6b0c-4b0c-93a2-e44683b56c79,8fecc2ac-282e-4044-a1dd-0ef257c60926,credit,2118,90783,2026-02-07T16:48:16.146Z
555b274e-6e90-417e-8e29-9209360d909c,2e25c793-17ff-4230-b58d-17dfcc222464,credit,8536,1580080,2026-02-07T16:48:16.146Z
84210b87-02c8-4e82-846a-f28d71b8bf25,2e25c793-17ff-4230-b58d-17dfcc222464,debit,18000,1562080,2026-02-07T16:48:16.146Z
84210b87-02c8-4e82-846a-f28d71b8bf25,655846c2-aeb1-41c7-b562-4937ad6f5c8b,credit,18000,108000,2026-02-07T16:48:16.146Z
a97c28af-9dce-4723-bdb6-6df657708e7c,d53314e5-d645-464a-99cf-45ed1a35e9fd,debit,11999,617376.7,2026-02-07T16:48:16.146Z
a97c28af-9dce-4723-bdb6-6df657708e7c,4778cfd7-bd59-44d1-88ad-ffa43d403800,credit,11999,53160,2026-02-07T16:48:16.146Z
087d8e47-bc60-4e86-84f3-0a907f1903eb,4f64b206-7b74-44ce-b39f-89049ebd4e3f,debit,410,238454.05,2026-02-08T16:48:16.146Z
087d8e47-bc60-4e86-84f3-0a907f1903eb,99326bcd-2ed0-4319-b6a7-a9d1ac39f1b2,credit,410,56173,2026-02-08T16:48:16.146Z
2df13c56-42ba-4b16-ab48-f18ecff5b221,2e25c793-17ff-4230-b58d-17dfcc222464,credit,13745,1575825,2026-02-08T16:48:16.146Z
95aeac85-6b57-4557-bbd4-da9371b370d6,d53314e5-d645-464a-99cf-45ed1a35e9fd,debit,8020,609356.7,2026-02-08T16:48:16.146Z
95aeac85-6b57-4557-bbd4-da9371b370d6,5a5c422f-2b4f-4e26-bd2e-db36096ce28f,credit,8020,22077,2026-02-08T16:48:16.146Z
6603fbf5-326b-40d1-beac-d3d878be466b,dfffab37-7984-45e6-bfd9-bcb0617b8a82,credit,5000,111599.70000000001,2026-02-08T16:48:16.146Z
2572798d-d4b1-454b-a562-49c5300507ca,dfffab37-7984-45e6-bfd9-bcb0617b8a82,debit,521,111078.70000000001,2026-02-08T16:48:16.146Z
2572798d-d4b1-454b-a562-49c5300507ca,68e8cdc4-a89c-4489-9d80-d6345ef95f59,credit,521,249044,2026-02-08T16:48:16.146Z
e2bac5ee-437e-4461-bb56-883e0637d256,cc817b0a-5cde-4437-9047-eb0a6c1b8735,credit,4000,87075.85,2026-02-08T16:48:16.146Z
3eb3451f-db8a-45d2-86bb-1562d0fa8cbe,2e25c793-17ff-4230-b58d-17dfcc222464,credit,15171,1590996,2026-02-09T16:48:16.146Z
1dc70da6-8821-4086-8e0a-860078af993a,2e25c793-17ff-4230-b58d-17dfcc222464,credit,12316,1603312,2026-02-09T16:48:16.146Z
31b983a1-9797-427b-9e39-1c49820f580b,2e25c793-17ff-4230-b58d-17dfcc222464,credit,5495,1608807,2026-02-09T16:48:16.146Z
fbd7a26e-5d18-4d39-b665-a706e858a29d,2e25c793-17ff-4230-b58d-17dfcc222464,debit,570,1608237,2026-02-09T16:48:16.146Z
fbd7a26e-5d18-4d39-b665-a706e858a29d,77f216ae-66bd-4d6b-9dcf-ac7ac8c779cc,credit,570,47171,2026-02-09T16:48:16.146Z
f8adc6b8-d08d-473c-bb90-7146632a0b45,4c9659e2-39a0-491a-9392-94dfda2a7ad5,debit,234,274648.75,2026-02-09T16:48:16.146Z
f8adc6b8-d08d-473c-bb90-7146632a0b45,8c25909a-227f-4d95-86a1-9033ec6e34a4,credit,234,37973,2026-02-09T16:48:16.146Z
79c72621-5ff0-46c4-94cc-f69bc26eae38,4f64b206-7b74-44ce-b39f-89049ebd4e3f,debit,199,238255.05,2026-02-10T16:48:16.146Z
79c72621-5ff0-46c4-94cc-f69bc26eae38,bcf7c323-ee7b-4313-95c0-68f74cfeb2bb,credit,199,1393,2026-02-10T16:48:16.146Z
0ddbb94d-1e31-4d34-b5ec-a4946e3d611b,4f64b206-7b74-44ce-b39f-89049ebd4e3f,debit,699,237556.05,2026-02-10T16:48:16.146Z
0ddbb94d-1e31-4d34-b5ec-a4946e3d611b,8f5bd58f-2868-4aff-b5da-41454b5bb662,credit,699,5192,2026-02-10T16:48:16.146Z
6f5f9096-2d05-4133-aa77-a46a4553d8fd,d53314e5-d645-464a-99cf-45ed1a35e9fd,debit,798,608558.7,2026-02-10T16:48:16.146Z
6f5f9096-2d05-4133-aa77-a46a4553d8fd,8c25909a-227f-4d95-86a1-9033ec6e34a4,credit,798,38771,2026-02-10T16:48:16.146Z
87b25c73-ab59-483d-8641-d6b39a13ea63,d53314e5-d645-464a-99cf-45ed1a35e9fd,credit,39.9,608598.6,2026-02-10T16:48:16.146Z
0bad6dfd-0099-413f-a52b-5db938a667a3,dfffab37-7984-45e6-bfd9-bcb0617b8a82,debit,57,111021.70000000001,2026-02-10T16:48:16.146Z
0bad6dfd-0099-413f-a52b-5db938a667a3,cc817b0a-5cde-4437-9047-eb0a6c1b8735,credit,57,87132.85,2026-02-10T16:48:16.146Z
6a084296-805c-4877-a6fd-86c1ba86038f,2e25c793-17ff-4230-b58d-17dfcc222464,credit,17170,1625407,2026-02-11T16:48:16.146Z
94ec947f-be88-4843-8ead-a91431eb84fb,2e25c793-17ff-4230-b58d-17dfcc222464,debit,602,1624805,2026-02-11T16:48:16.146Z
94ec947f-be88-4843-8ead-a91431eb84fb,8c25909a-227f-4d95-86a1-9033ec6e34a4,credit,602,39373,2026-02-11T16:48:16.146Z
4ceff3e8-c65c-4000-a625-f71c678a1a42,d53314e5-d645-464a-99cf-45ed1a35e9fd,debit,725,607873.6,2026-02-11T16:48:16.146Z
4ceff3e8-c65c-4000-a625-f71c678a1a42,8c25909a-227f-4d95-86a1-9033ec6e34a4,credit,725,40098,2026-02-11T16:48:16.146Z
d8cf6e6d-1364-453f-a275-5b31979ab8e2,cc817b0a-5cde-4437-9047-eb0a6c1b8735,debit,858,86274.85,2026-02-11T16:48:16.146Z
d8cf6e6d-1364-453f-a275-5b31979ab8e2,68e8cdc4-a89c-4489-9d80-d6345ef95f59,credit,858,249902,2026-02-11T16:48:16.146Z
e0cd2589-c816-424b-b04b-70ad57bdf102,4c9659e2-39a0-491a-9392-94dfda2a7ad5,debit,413,274235.75,2026-02-11T16:48:16.146Z
e0cd2589-c816-424b-b04b-70ad57bdf102,77f216ae-66bd-4d6b-9dcf-ac7ac8c779cc,credit,413,47584,2026-02-11T16:48:16.146Z
b7e41cb2-092c-4b8d-87ef-3ae42fde856c,2e25c793-17ff-4230-b58d-17dfcc222464,credit,11429,1636234,2026-02-12T16:48:16.146Z
47093d7f-076f-4109-ae8b-34e99b4985ac,2e25c793-17ff-4230-b58d-17dfcc222464,credit,10880,1647114,2026-02-12T16:48:16.146Z
1b31dd98-cb8f-4865-a2dd-ad55e949465f,2e25c793-17ff-4230-b58d-17dfcc222464,debit,867,1646247,2026-02-12T16:48:16.146Z
1b31dd98-cb8f-4865-a2dd-ad55e949465f,77f216ae-66bd-4d6b-9dcf-ac7ac8c779cc,credit,867,48451,2026-02-12T16:48:16.146Z
cf8c65ad-b602-4041-b17c-68dda6085d90,d53314e5-d645-464a-99cf-45ed1a35e9fd,debit,1013,606860.6,2026-02-12T16:48:16.146Z
cf8c65ad-b602-4041-b17c-68dda6085d90,77f216ae-66bd-4d6b-9dcf-ac7ac8c779cc,credit,1013,49464,2026-02-12T16:48:16.146Z
b09f4a09-db45-468e-8570-3bc34689cd67,dfffab37-7984-45e6-bfd9-bcb0617b8a82,debit,398,110623.70000000001,2026-02-12T16:48:16.146Z
b09f4a09-db45-468e-8570-3bc34689cd67,99326bcd-2ed0-4319-b6a7-a9d1ac39f1b2,credit,398,56571,2026-02-12T16:48:16.146Z
3eb381e6-bbe9-4971-a904-0a75d5cbb011,cc817b0a-5cde-4437-9047-eb0a6c1b8735,debit,82,86192.85,2026-02-12T16:48:16.146Z
3eb381e6-bbe9-4971-a904-0a75d5cbb011,dfffab37-7984-45e6-bfd9-bcb0617b8a82,credit,82,110705.70000000001,2026-02-12T16:48:16.146Z
8e4aacb3-9908-4e84-8b61-407b92599822,4c9659e2-39a0-491a-9392-94dfda2a7ad5,debit,8000,266235.75,2026-02-12T16:48:16.146Z
8e4aacb3-9908-4e84-8b61-407b92599822,a56c78df-bd12-4093-8857-edaaef0c6ac6,credit,8000,48000,2026-02-12T16:48:16.146Z
c856eee8-96ba-49d0-930c-07b0f767b6f2,4c9659e2-39a0-491a-9392-94dfda2a7ad5,debit,341,265894.75,2026-02-12T16:48:16.146Z
c856eee8-96ba-49d0-930c-07b0f767b6f2,8c25909a-227f-4d95-86a1-9033ec6e34a4,credit,341,40439,2026-02-12T16:48:16.146Z
904d52a9-284a-48c2-ba0a-6e6b5c7bd9e7,4f64b206-7b74-44ce-b39f-89049ebd4e3f,debit,2161,235395.05,2026-02-13T16:48:16.146Z
904d52a9-284a-48c2-ba0a-6e6b5c7bd9e7,68e8cdc4-a89c-4489-9d80-d6345ef95f59,credit,2161,252063,2026-02-13T16:48:16.146Z
b81fa3da-5315-4c18-991b-5098956b4d2d,2e25c793-17ff-4230-b58d-17dfcc222464,credit,12320,1658567,2026-02-13T16:48:16.146Z
e7263244-3ed3-4385-8d2b-d0f7ca85088e,2e25c793-17ff-4230-b58d-17dfcc222464,credit,6569,1665136,2026-02-13T16:48:16.146Z
c6256cd1-c0a3-476c-86f9-eba0b5eba2d0,2e25c793-17ff-4230-b58d-17dfcc222464,debit,1315,1663821,2026-02-13T16:48:16.146Z
c6256cd1-c0a3-476c-86f9-eba0b5eba2d0,68e8cdc4-a89c-4489-9d80-d6345ef95f59,credit,1315,253378,2026-02-13T16:48:16.146Z
b9d03ecd-4893-46f5-bb73-520667b29e1f,dfffab37-7984-45e6-bfd9-bcb0617b8a82,debit,346,110359.70000000001,2026-02-13T16:48:16.146Z
b9d03ecd-4893-46f5-bb73-520667b29e1f,68e8cdc4-a89c-4489-9d80-d6345ef95f59,credit,346,253724,2026-02-13T16:48:16.146Z
4e3cb291-360d-445e-a6be-fb04fc5496e0,cc817b0a-5cde-4437-9047-eb0a6c1b8735,debit,157,86035.85,2026-02-13T16:48:16.146Z
4e3cb291-360d-445e-a6be-fb04fc5496e0,dfffab37-7984-45e6-bfd9-bcb0617b8a82,credit,157,110516.70000000001,2026-02-13T16:48:16.146Z
a78717cd-ce3c-4918-9c8a-fa0a5dd32f54,4c9659e2-39a0-491a-9392-94dfda2a7ad5,debit,282,265612.75,2026-02-13T16:48:16.146Z
a78717cd-ce3c-4918-9c8a-fa0a5dd32f54,77f216ae-66bd-4d6b-9dcf-ac7ac8c779cc,credit,282,49746,2026-02-13T16:48:16.146Z
1c0dcdde-862f-40e0-a69a-b784aa4235e9,4f64b206-7b74-44ce-b39f-89049ebd4e3f,debit,2588,232807.05,2026-02-14T16:48:16.146Z
1c0dcdde-862f-40e0-a69a-b784aa4235e9,8fecc2ac-282e-4044-a1dd-0ef257c60926,credit,2588,93371,2026-02-14T16:48:16.146Z
87d1da1e-7b78-4dfa-94f9-1cb42127eb8c,4f64b206-7b74-44ce-b39f-89049ebd4e3f,debit,307,232500.05,2026-02-14T16:48:16.146Z
87d1da1e-7b78-4dfa-94f9-1cb42127eb8c,77f216ae-66bd-4d6b-9dcf-ac7ac8c779cc,credit,307,50053,2026-02-14T16:48:16.146Z
88309f80-df0b-4af3-8662-a11a7c828fda,2e25c793-17ff-4230-b58d-17dfcc222464,credit,13344,1677165,2026-02-14T16:48:16.146Z
043454f2-0875-4858-9f84-ff81de0fbec5,2e25c793-17ff-4230-b58d-17dfcc222464,debit,507,1676658,2026-02-14T16:48:16.146Z
043454f2-0875-4858-9f84-ff81de0fbec5,77f216ae-66bd-4d6b-9dcf-ac7ac8c779cc,credit,507,50560,2026-02-14T16:48:16.146Z
6ea9c50a-1cb3-42bd-9478-028e59f289b4,d53314e5-d645-464a-99cf-45ed1a35e9fd,debit,578,606282.6,2026-02-14T16:48:16.146Z
6ea9c50a-1cb3-42bd-9478-028e59f289b4,8c25909a-227f-4d95-86a1-9033ec6e34a4,credit,578,41017,2026-02-14T16:48:16.146Z
8bd4c974-b108-47eb-a2d0-e8d3fc1afbce,dfffab37-7984-45e6-bfd9-bcb0617b8a82,debit,219,110297.70000000001,2026-02-14T16:48:16.146Z
8bd4c974-b108-47eb-a2d0-e8d3fc1afbce,77f216ae-66bd-4d6b-9dcf-ac7ac8c779cc,credit,219,50779,2026-02-14T16:48:16.146Z
e646db8d-795e-4103-b1b8-8d131f217a04,cc817b0a-5cde-4437-9047-eb0a6c1b8735,debit,388,85647.85,2026-02-14T16:48:16.146Z
e646db8d-795e-4103-b1b8-8d131f217a04,99326bcd-2ed0-4319-b6a7-a9d1ac39f1b2,credit,388,56959,2026-02-14T16:48:16.146Z
2325458a-59f4-4302-ae0b-1463131ddfcd,4c9659e2-39a0-491a-9392-94dfda2a7ad5,debit,279,265333.75,2026-02-14T16:48:16.146Z
2325458a-59f4-4302-ae0b-1463131ddfcd,8c25909a-227f-4d95-86a1-9033ec6e34a4,credit,279,41296,2026-02-14T16:48:16.146Z
a6f906d5-fca5-49e1-9778-7fd91fc76367,4f64b206-7b74-44ce-b39f-89049ebd4e3f,debit,317,232183.05,2026-02-15T16:48:16.146Z
a6f906d5-fca5-49e1-9778-7fd91fc76367,77f216ae-66bd-4d6b-9dcf-ac7ac8c779cc,credit,317,51096,2026-02-15T16:48:16.146Z
bfdb8723-62af-4f42-81c6-92e9940247e6,2e25c793-17ff-4230-b58d-17dfcc222464,credit,16910,1693568,2026-02-15T16:48:16.146Z
85a5387e-ce39-4f76-8049-a3de5ea23203,2e25c793-17ff-4230-b58d-17dfcc222464,debit,57201,1636367,2026-02-15T16:48:16.146Z
85a5387e-ce39-4f76-8049-a3de5ea23203,78d754c3-7421-45c6-af19-62af10c7d7a7,credit,57201,909241,2026-02-15T16:48:16.146Z
0a0239a1-a9d6-4112-b29c-335cf97de217,dfffab37-7984-45e6-bfd9-bcb0617b8a82,credit,5000,115297.70000000001,2026-02-15T16:48:16.146Z
938bc7cc-b0a7-443d-ac91-3daa803fdeb2,cc817b0a-5cde-4437-9047-eb0a6c1b8735,credit,4000,89647.85,2026-02-15T16:48:16.146Z
d7ab6702-5dd5-46b0-8a9b-f75cfeebbda0,4c9659e2-39a0-491a-9392-94dfda2a7ad5,debit,3449,261884.75,2026-02-15T16:48:16.146Z
d7ab6702-5dd5-46b0-8a9b-f75cfeebbda0,68e8cdc4-a89c-4489-9d80-d6345ef95f59,credit,3449,257173,2026-02-15T16:48:16.146Z
f83017e5-9b40-4965-aeec-e3b07697e2fa,4c9659e2-39a0-491a-9392-94dfda2a7ad5,debit,1356,260528.75,2026-02-15T16:48:16.146Z
f83017e5-9b40-4965-aeec-e3b07697e2fa,8fecc2ac-282e-4044-a1dd-0ef257c60926,credit,1356,94727,2026-02-15T16:48:16.146Z
2f7d8017-26e1-4867-903d-44bd9c2252bd,2e25c793-17ff-4230-b58d-17dfcc222464,credit,16470,1652837,2026-02-16T16:48:16.146Z
29ee9544-5fd0-4ef3-ac07-c9a133b32c41,2e25c793-17ff-4230-b58d-17dfcc222464,credit,6645,1659482,2026-02-16T16:48:16.146Z
e0ba9393-b8b2-4afd-8151-77dfc87f6f98,d53314e5-d645-464a-99cf-45ed1a35e9fd,debit,9446,596836.6,2026-02-16T16:48:16.146Z
e0ba9393-b8b2-4afd-8151-77dfc87f6f98,5a5c422f-2b4f-4e26-bd2e-db36096ce28f,credit,9446,31523,2026-02-16T16:48:16.146Z
9427c0b1-8932-48eb-93cd-2b1badfe918c,dfffab37-7984-45e6-bfd9-bcb0617b8a82,debit,213,115084.70000000001,2026-02-16T16:48:16.146Z
9427c0b1-8932-48eb-93cd-2b1badfe918c,cc817b0a-5cde-4437-9047-eb0a6c1b8735,credit,213,89860.85,2026-02-16T16:48:16.146Z
477c72d7-93ca-4c05-877d-f2ffda1c4076,4c9659e2-39a0-491a-9392-94dfda2a7ad5,debit,302,260226.75,2026-02-16T16:48:16.146Z
477c72d7-93ca-4c05-877d-f2ffda1c4076,8c25909a-227f-4d95-86a1-9033ec6e34a4,credit,302,41598,2026-02-16T16:48:16.146Z
bf48359f-fbab-4d87-bc75-aeec6e17def2,4c9659e2-39a0-491a-9392-94dfda2a7ad5,credit,15.1,260241.85,2026-02-16T16:48:16.146Z
84a40420-8ec8-42d2-b117-4008c627c099,4f64b206-7b74-44ce-b39f-89049ebd4e3f,debit,1576,230607.05,2026-02-17T16:48:16.146Z
84a40420-8ec8-42d2-b117-4008c627c099,68e8cdc4-a89c-4489-9d80-d6345ef95f59,credit,1576,258749,2026-02-17T16:48:16.146Z
25f97567-6747-402c-bd68-2bdd2e98c5d9,2e25c793-17ff-4230-b58d-17dfcc222464,credit,10957,1670439,2026-02-17T16:48:16.146Z
98b35993-941e-4a46-b6ca-c7dbf5272b8a,d53314e5-d645-464a-99cf-45ed1a35e9fd,debit,623,596213.6,2026-02-17T16:48:16.146Z
98b35993-941e-4a46-b6ca-c7dbf5272b8a,77f216ae-66bd-4d6b-9dcf-ac7ac8c779cc,credit,623,51719,2026-02-17T16:48:16.146Z
e47b084f-1c93-4aa7-ae5d-a473ee59a853,4c9659e2-39a0-491a-9392-94dfda2a7ad5,debit,304,259937.85,2026-02-17T16:48:16.146Z
e47b084f-1c93-4aa7-ae5d-a473ee59a853,77f216ae-66bd-4d6b-9dcf-ac7ac8c779cc,credit,304,52023,2026-02-17T16:48:16.146Z
3b7ec443-9e54-4b36-97d5-149c67ab4be3,2e25c793-17ff-4230-b58d-17dfcc222464,credit,6735,1677174,2026-02-18T16:48:16.146Z
9c00e89a-0010-423a-a3a5-900723fe675d,2e25c793-17ff-4230-b58d-17dfcc222464,debit,573,1676601,2026-02-18T16:48:16.146Z
9c00e89a-0010-423a-a3a5-900723fe675d,77f216ae-66bd-4d6b-9dcf-ac7ac8c779cc,credit,573,52596,2026-02-18T16:48:16.146Z
995403a2-5d3e-4ce3-b795-86b96e991f4c,d53314e5-d645-464a-99cf-45ed1a35e9fd,debit,490,595723.6,2026-02-18T16:48:16.146Z
995403a2-5d3e-4ce3-b795-86b96e991f4c,8c25909a-227f-4d95-86a1-9033ec6e34a4,credit,490,42088,2026-02-18T16:48:16.146Z
8d87211a-4052-4b1a-b08c-cb5fb4b19349,4c9659e2-39a0-491a-9392-94dfda2a7ad5,debit,240,259697.85,2026-02-18T16:48:16.146Z
8d87211a-4052-4b1a-b08c-cb5fb4b19349,77f216ae-66bd-4d6b-9dcf-ac7ac8c779cc,credit,240,52836,2026-02-18T16:48:16.146Z
3791837f-a059-4681-b1ca-692cba5de51d,4f64b206-7b74-44ce-b39f-89049ebd4e3f,debit,534,230073.05,2026-02-19T16:48:16.146Z
3791837f-a059-4681-b1ca-692cba5de51d,99326bcd-2ed0-4319-b6a7-a9d1ac39f1b2,credit,534,57493,2026-02-19T16:48:16.146Z
bece8532-e1eb-42ce-84b2-3d286bf2bb51,2e25c793-17ff-4230-b58d-17dfcc222464,credit,13592,1690193,2026-02-19T16:48:16.146Z
a537c41c-5068-4e03-9f44-f6240876ce41,2e25c793-17ff-4230-b58d-17dfcc222464,credit,7457,1697650,2026-02-19T16:48:16.146Z
c0ab5014-46dd-4ed3-be7f-88b6ab7b833c,d53314e5-d645-464a-99cf-45ed1a35e9fd,debit,509,595214.6,2026-02-19T16:48:16.146Z
c0ab5014-46dd-4ed3-be7f-88b6ab7b833c,77f216ae-66bd-4d6b-9dcf-ac7ac8c779cc,credit,509,53345,2026-02-19T16:48:16.146Z
610068b8-e403-4299-8c47-ba22fdaf8aac,cc817b0a-5cde-4437-9047-eb0a6c1b8735,debit,299,89561.85,2026-02-19T16:48:16.146Z
610068b8-e403-4299-8c47-ba22fdaf8aac,77f216ae-66bd-4d6b-9dcf-ac7ac8c779cc,credit,299,53644,2026-02-19T16:48:16.146Z
d51265c1-c26d-41fc-8285-06dffa43b3b1,4f64b206-7b74-44ce-b39f-89049ebd4e3f,debit,577,229496.05,2026-02-20T16:48:16.146Z
d51265c1-c26d-41fc-8285-06dffa43b3b1,99326bcd-2ed0-4319-b6a7-a9d1ac39f1b2,credit,577,58070,2026-02-20T16:48:16.146Z
7ae40837-c74c-4b16-9fdb-7394df997ff8,2e25c793-17ff-4230-b58d-17dfcc222464,credit,12356,1710006,2026-02-20T16:48:16.146Z
e7120706-e2e8-4c7e-ae08-1ad71b3a8bce,2e25c793-17ff-4230-b58d-17dfcc222464,credit,17325,1727331,2026-02-20T16:48:16.146Z
3be2c347-e235-4c41-a6a2-aadd8dfb4d6b,dfffab37-7984-45e6-bfd9-bcb0617b8a82,debit,246,114838.70000000001,2026-02-20T16:48:16.146Z
3be2c347-e235-4c41-a6a2-aadd8dfb4d6b,99326bcd-2ed0-4319-b6a7-a9d1ac39f1b2,credit,246,58316,2026-02-20T16:48:16.146Z
16268903-d640-408d-a45e-6d491691669c,4c9659e2-39a0-491a-9392-94dfda2a7ad5,debit,287,259410.85,2026-02-20T16:48:16.146Z
16268903-d640-408d-a45e-6d491691669c,77f216ae-66bd-4d6b-9dcf-ac7ac8c779cc,credit,287,53931,2026-02-20T16:48:16.146Z
8b2231c3-bf06-404b-833e-7befbbd561a0,4f64b206-7b74-44ce-b39f-89049ebd4e3f,debit,3219,226277.05,2026-02-21T16:48:16.146Z
8b2231c3-bf06-404b-833e-7befbbd561a0,8fecc2ac-282e-4044-a1dd-0ef257c60926,credit,3219,97946,2026-02-21T16:48:16.146Z
fb3af544-09e2-477a-992a-8fe21210f087,2e25c793-17ff-4230-b58d-17dfcc222464,credit,13221,1740552,2026-02-21T16:48:16.146Z
2d62fc0b-e1de-4d87-b83c-1c7130227fb5,2e25c793-17ff-4230-b58d-17dfcc222464,credit,15391,1755943,2026-02-21T16:48:16.146Z
f22b83cc-d508-4437-803c-2e5c02b81196,4c9659e2-39a0-491a-9392-94dfda2a7ad5,debit,525,258885.85,2026-02-21T16:48:16.146Z
f22b83cc-d508-4437-803c-2e5c02b81196,99326bcd-2ed0-4319-b6a7-a9d1ac39f1b2,credit,525,58841,2026-02-21T16:48:16.146Z
06cb0c00-f9c4-48e7-bd71-3b77839043c1,2e25c793-17ff-4230-b58d-17dfcc222464,credit,7094,1763037,2026-02-22T16:48:16.146Z
34c88960-fce1-4369-ba24-8838600af58d,dfffab37-7984-45e6-bfd9-bcb0617b8a82,credit,5000,119838.70000000001,2026-02-22T16:48:16.146Z
de294ab8-0a45-42e4-acba-93605db2e39b,dfffab37-7984-45e6-bfd9-bcb0617b8a82,debit,494,119344.70000000001,2026-02-22T16:48:16.146Z
de294ab8-0a45-42e4-acba-93605db2e39b,68e8cdc4-a89c-4489-9d80-d6345ef95f59,credit,494,259243,2026-02-22T16:48:16.146Z
ea69cb24-444e-4e7b-a274-a4880496eae2,cc817b0a-5cde-4437-9047-eb0a6c1b8735,credit,4000,93561.85,2026-02-22T16:48:16.146Z
914cfdf3-2f4e-41dc-b9c2-99eebe1f6e27,cc817b0a-5cde-4437-9047-eb0a6c1b8735,debit,86,93475.85,2026-02-22T16:48:16.146Z
914cfdf3-2f4e-41dc-b9c2-99eebe1f6e27,dfffab37-7984-45e6-bfd9-bcb0617b8a82,credit,86,119430.70000000001,2026-02-22T16:48:16.146Z
5275a532-26ab-4d10-a16c-74c4e54d5cff,2e25c793-17ff-4230-b58d-17dfcc222464,credit,14333,1777370,2026-02-23T16:48:16.146Z
c95681d6-e1a6-4f7c-9ff9-2ce7101197c9,d53314e5-d645-464a-99cf-45ed1a35e9fd,debit,224,594990.6,2026-02-23T16:48:16.146Z
c95681d6-e1a6-4f7c-9ff9-2ce7101197c9,77f216ae-66bd-4d6b-9dcf-ac7ac8c779cc,credit,224,54155,2026-02-23T16:48:16.146Z
c383721f-a184-47c6-9f72-64ebd26a6e82,cc817b0a-5cde-4437-9047-eb0a6c1b8735,debit,135,93340.85,2026-02-23T16:48:16.146Z
c383721f-a184-47c6-9f72-64ebd26a6e82,dfffab37-7984-45e6-bfd9-bcb0617b8a82,credit,135,119565.70000000001,2026-02-23T16:48:16.146Z
22119491-3cd9-4bf9-be75-4651565386f2,4f64b206-7b74-44ce-b39f-89049ebd4e3f,debit,331,225946.05,2026-02-24T16:48:16.146Z
22119491-3cd9-4bf9-be75-4651565386f2,77f216ae-66bd-4d6b-9dcf-ac7ac8c779cc,credit,331,54486,2026-02-24T16:48:16.146Z
db66d9e2-10b6-45a1-afb0-84419eaa5b0d,2e25c793-17ff-4230-b58d-17dfcc222464,credit,9468,1786838,2026-02-24T16:48:16.146Z
c39010d7-427d-416e-93fa-408efa3c7632,2e25c793-17ff-4230-b58d-17dfcc222464,credit,15764,1802602,2026-02-24T16:48:16.146Z
b3a3d7b6-8752-42d4-aa82-0bbce79f4e04,2e25c793-17ff-4230-b58d-17dfcc222464,debit,389,1802213,2026-02-24T16:48:16.146Z
b3a3d7b6-8752-42d4-aa82-0bbce79f4e04,8c25909a-227f-4d95-86a1-9033ec6e34a4,credit,389,42477,2026-02-24T16:48:16.146Z
3ac5f36d-11eb-4adb-8f8b-b4f6d7831c25,d53314e5-d645-464a-99cf-45ed1a35e9fd,debit,7094,587896.6,2026-02-24T16:48:16.146Z
3ac5f36d-11eb-4adb-8f8b-b4f6d7831c25,4778cfd7-bd59-44d1-88ad-ffa43d403800,credit,7094,60254,2026-02-24T16:48:16.146Z
2f831332-d1ed-4df8-828a-e07a39ca9ba7,dfffab37-7984-45e6-bfd9-bcb0617b8a82,debit,204,119361.70000000001,2026-02-24T16:48:16.146Z
2f831332-d1ed-4df8-828a-e07a39ca9ba7,77f216ae-66bd-4d6b-9dcf-ac7ac8c779cc,credit,204,54690,2026-02-24T16:48:16.146Z
4d19e715-a61e-49b0-b3cb-478d60e6b8d1,2e25c793-17ff-4230-b58d-17dfcc222464,credit,13460,1815673,2026-02-25T16:48:16.146Z
8676aea6-ae0e-4567-a44f-94c53b868599,2e25c793-17ff-4230-b58d-17dfcc222464,debit,55993,1759680,2026-02-25T16:48:16.146Z
8676aea6-ae0e-4567-a44f-94c53b868599,78d754c3-7421-45c6-af19-62af10c7d7a7,credit,55993,965234,2026-02-25T16:48:16.146Z
39e87e26-6b78-468d-92e5-173d84497697,d53314e5-d645-464a-99cf-45ed1a35e9fd,debit,482,587414.6,2026-02-25T16:48:16.146Z
39e87e26-6b78-468d-92e5-173d84497697,8c25909a-227f-4d95-86a1-9033ec6e34a4,credit,482,42959,2026-02-25T16:48:16.146Z
513aa867-118e-4406-a313-ea1fdb89ced9,dfffab37-7984-45e6-bfd9-bcb0617b8a82,debit,252,119109.70000000001,2026-02-25T16:48:16.146Z
513aa867-118e-4406-a313-ea1fdb89ced9,99326bcd-2ed0-4319-b6a7-a9d1ac39f1b2,credit,252,59093,2026-02-25T16:48:16.146Z
2d8b6029-331e-4c04-8932-0e36d7800955,4c9659e2-39a0-491a-9392-94dfda2a7ad5,debit,566,258319.85,2026-02-25T16:48:16.146Z
2d8b6029-331e-4c04-8932-0e36d7800955,99326bcd-2ed0-4319-b6a7-a9d1ac39f1b2,credit,566,59659,2026-02-25T16:48:16.146Z
0a5ab2b8-30d4-43ee-94d0-2bbda0a203cf,4f64b206-7b74-44ce-b39f-89049ebd4e3f,debit,1050,224896.05,2026-02-26T16:48:16.146Z
0a5ab2b8-30d4-43ee-94d0-2bbda0a203cf,68e8cdc4-a89c-4489-9d80-d6345ef95f59,credit,1050,260293,2026-02-26T16:48:16.146Z
40633767-bd53-4670-9fc6-56016fc34349,2e25c793-17ff-4230-b58d-17dfcc222464,credit,10825,1770505,2026-02-26T16:48:16.146Z
ac5013db-a5e2-415b-b538-4da7ddc58649,2e25c793-17ff-4230-b58d-17dfcc222464,credit,15133,1785638,2026-02-26T16:48:16.146Z
539ef8ce-990c-4691-803c-191e971bae5d,d53314e5-d645-464a-99cf-45ed1a35e9fd,debit,1689,585725.6,2026-02-26T16:48:16.146Z
539ef8ce-990c-4691-803c-191e971bae5d,8c25909a-227f-4d95-86a1-9033ec6e34a4,credit,1689,44648,2026-02-26T16:48:16.146Z
46d35888-9e60-4e3e-8ae5-de9f699b1a36,2e25c793-17ff-4230-b58d-17dfcc222464,credit,10141,1795779,2026-02-27T16:48:16.146Z
c32c2807-c51b-4c2c-aa65-ccd60c6c22f4,2e25c793-17ff-4230-b58d-17dfcc222464,credit,17181,1812960,2026-02-27T16:48:16.146Z
9a50e98c-881e-4e18-acc9-d31e4a26a26c,d53314e5-d645-464a-99cf-45ed1a35e9fd,debit,413,585312.6,2026-02-27T16:48:16.146Z
9a50e98c-881e-4e18-acc9-d31e4a26a26c,8c25909a-227f-4d95-86a1-9033ec6e34a4,credit,413,45061,2026-02-27T16:48:16.146Z
55e20a67-8fe0-4674-8b9f-fb59c070ff8a,dfffab37-7984-45e6-bfd9-bcb0617b8a82,debit,62,119047.70000000001,2026-02-27T16:48:16.146Z
55e20a67-8fe0-4674-8b9f-fb59c070ff8a,cc817b0a-5cde-4437-9047-eb0a6c1b8735,credit,62,93402.85,2026-02-27T16:48:16.146Z
62525926-420d-43ad-95b0-e67ed088f6f7,4c9659e2-39a0-491a-9392-94dfda2a7ad5,credit,24290,282609.85,2026-02-27T16:48:16.146Z
96f4cb76-901f-4e0d-a678-e1112f3e1c3f,4f64b206-7b74-44ce-b39f-89049ebd4e3f,debit,1865,223031.05,2026-02-28T16:48:16.146Z
96f4cb76-901f-4e0d-a678-e1112f3e1c3f,8fecc2ac-282e-4044-a1dd-0ef257c60926,credit,1865,99811,2026-02-28T16:48:16.146Z
3b2c1bca-c015-4fcd-a117-2eb34d5bc507,2e25c793-17ff-4230-b58d-17dfcc222464,credit,9362,1822322,2026-02-28T16:48:16.146Z
9775bcc2-604b-457d-ba17-8bb1fbbcced7,2e25c793-17ff-4230-b58d-17dfcc222464,credit,14117,1836439,2026-02-28T16:48:16.146Z
0c8034a6-aae0-4f44-b8ad-deaea4a50423,d53314e5-d645-464a-99cf-45ed1a35e9fd,debit,1289,584023.6,2026-02-28T16:48:16.146Z
0c8034a6-aae0-4f44-b8ad-deaea4a50423,8c25909a-227f-4d95-86a1-9033ec6e34a4,credit,1289,46350,2026-02-28T16:48:16.146Z
4083f4df-bd80-4819-b32a-3387dc65e358,d53314e5-d645-464a-99cf-45ed1a35e9fd,credit,64.45,584088.0499999999,2026-02-28T16:48:16.146Z
67ead9f2-f4c8-4b66-860e-a4da278c33f6,dfffab37-7984-45e6-bfd9-bcb0617b8a82,debit,238,118809.70000000001,2026-02-28T16:48:16.146Z
67ead9f2-f4c8-4b66-860e-a4da278c33f6,cc817b0a-5cde-4437-9047-eb0a6c1b8735,credit,238,93640.85,2026-02-28T16:48:16.146Z
3f23ad2f-4114-4a22-b002-85e8bbd29261,cc817b0a-5cde-4437-9047-eb0a6c1b8735,debit,284,93356.85,2026-02-28T16:48:16.146Z
3f23ad2f-4114-4a22-b002-85e8bbd29261,99326bcd-2ed0-4319-b6a7-a9d1ac39f1b2,credit,284,59943,2026-02-28T16:48:16.146Z
cba18178-b388-4dfa-86bc-df8641bdf34f,4c9659e2-39a0-491a-9392-94dfda2a7ad5,credit,24820,307429.85,2026-02-28T16:48:16.146Z
2ba781f8-a59c-482d-b295-8e9acd9ee353,4c9659e2-39a0-491a-9392-94dfda2a7ad5,debit,431,306998.85,2026-02-28T16:48:16.146Z
2ba781f8-a59c-482d-b295-8e9acd9ee353,8c25909a-227f-4d95-86a1-9033ec6e34a4,credit,431,46781,2026-02-28T16:48:16.146Z
9098f207-c2b5-44fd-89fe-5851a9541f46,4f64b206-7b74-44ce-b39f-89049ebd4e3f,credit,85000,308031.05,2026-03-01T16:48:16.146Z
b172a47f-579a-45b3-bd73-5872fb4f5fbc,4f64b206-7b74-44ce-b39f-89049ebd4e3f,debit,2097,305934.05,2026-03-01T16:48:16.146Z
b172a47f-579a-45b3-bd73-5872fb4f5fbc,68e8cdc4-a89c-4489-9d80-d6345ef95f59,credit,2097,262390,2026-03-01T16:48:16.146Z
586ba570-66a6-4749-beb5-d220e9cd644e,2e25c793-17ff-4230-b58d-17dfcc222464,credit,10705,1847144,2026-03-01T16:48:16.146Z
92343bbb-6528-439b-94f5-33c4c1ea94f7,2e25c793-17ff-4230-b58d-17dfcc222464,credit,4970,1852114,2026-03-01T16:48:16.146Z
69bd8c63-d5e1-452e-80fa-6ad9e411c163,2e25c793-17ff-4230-b58d-17dfcc222464,credit,13996,1866110,2026-03-01T16:48:16.146Z
97935a4e-77f1-4639-8572-f72d34fa7407,2e25c793-17ff-4230-b58d-17dfcc222464,debit,562,1865548,2026-03-01T16:48:16.146Z
97935a4e-77f1-4639-8572-f72d34fa7407,77f216ae-66bd-4d6b-9dcf-ac7ac8c779cc,credit,562,55252,2026-03-01T16:48:16.146Z
6eeede46-2fc0-40a2-af87-e1f908ec463c,d53314e5-d645-464a-99cf-45ed1a35e9fd,credit,120000,704088.0499999999,2026-03-01T16:48:16.146Z
2a965e20-3047-4970-ae40-34e018d5f8b7,d53314e5-d645-464a-99cf-45ed1a35e9fd,debit,1785,702303.0499999999,2026-03-01T16:48:16.146Z
2a965e20-3047-4970-ae40-34e018d5f8b7,8c25909a-227f-4d95-86a1-9033ec6e34a4,credit,1785,48566,2026-03-01T16:48:16.146Z
e04db5fa-5e37-4588-8a3f-9c102b9909b0,dfffab37-7984-45e6-bfd9-bcb0617b8a82,credit,5000,123809.70000000001,2026-03-01T16:48:16.146Z
d9b6da5f-5c5f-4fab-86b0-a4e954ec6b94,cc817b0a-5cde-4437-9047-eb0a6c1b8735,credit,4000,97356.85,2026-03-01T16:48:16.146Z
7f8673d9-6f2b-4cf8-9fa2-63f382c9a10b,4f64b206-7b74-44ce-b39f-89049ebd4e3f,debit,598,305336.05,2026-03-02T16:48:16.146Z
7f8673d9-6f2b-4cf8-9fa2-63f382c9a10b,99326bcd-2ed0-4319-b6a7-a9d1ac39f1b2,credit,598,60541,2026-03-02T16:48:16.146Z
04dff240-5aa8-4c24-8d0e-7ab1d9e8469c,2e25c793-17ff-4230-b58d-17dfcc222464,credit,5401,1870949,2026-03-02T16:48:16.146Z
8bd4be1a-ee0d-4617-b662-c999aa4aa159,2e25c793-17ff-4230-b58d-17dfcc222464,debit,35000,1835949,2026-03-02T16:48:16.146Z
8bd4be1a-ee0d-4617-b662-c999aa4aa159,396aaa88-f522-47e1-a4dd-f2107cc69e7a,credit,35000,420000,2026-03-02T16:48:16.146Z
f5e5db46-90a3-44d6-8b5a-f122e355957b,2e25c793-17ff-4230-b58d-17dfcc222464,debit,3341,1832608,2026-03-02T16:48:16.146Z
f5e5db46-90a3-44d6-8b5a-f122e355957b,68e8cdc4-a89c-4489-9d80-d6345ef95f59,credit,3341,265731,2026-03-02T16:48:16.146Z
07c0133f-c6bb-4e11-bb49-da5e87dcbba5,d53314e5-d645-464a-99cf-45ed1a35e9fd,debit,449,701854.0499999999,2026-03-02T16:48:16.146Z
07c0133f-c6bb-4e11-bb49-da5e87dcbba5,8c25909a-227f-4d95-86a1-9033ec6e34a4,credit,449,49015,2026-03-02T16:48:16.146Z
02694603-cd07-4b6b-8d3c-7955ce2cd64b,4c9659e2-39a0-491a-9392-94dfda2a7ad5,debit,404,306594.85,2026-03-02T16:48:16.146Z
02694603-cd07-4b6b-8d3c-7955ce2cd64b,99326bcd-2ed0-4319-b6a7-a9d1ac39f1b2,credit,404,60945,2026-03-02T16:48:16.146Z
1c658567-69da-408c-bebb-1dfb6a2225fd,4f64b206-7b74-44ce-b39f-89049ebd4e3f,debit,25000,280336.05,2026-03-03T16:48:16.146Z
1c658567-69da-408c-bebb-1dfb6a2225fd,396aaa88-f522-47e1-a4dd-f2107cc69e7a,credit,25000,445000,2026-03-03T16:48:16.146Z
97368c0f-74c8-4d9b-a38f-e7f98d9d60ca,2e25c793-17ff-4230-b58d-17dfcc222464,debit,302,1832306,2026-03-03T16:48:16.146Z
97368c0f-74c8-4d9b-a38f-e7f98d9d60ca,8c25909a-227f-4d95-86a1-9033ec6e34a4,credit,302,49317,2026-03-03T16:48:16.146Z
f8e50bdf-bda9-4069-98ca-b2bd54544483,d53314e5-d645-464a-99cf-45ed1a35e9fd,debit,8556,693298.0499999999,2026-03-03T16:48:16.146Z
f8e50bdf-bda9-4069-98ca-b2bd54544483,5a5c422f-2b4f-4e26-bd2e-db36096ce28f,credit,8556,40079,2026-03-03T16:48:16.146Z
3c275561-14b4-4df5-bb34-4b939f5c23a3,4c9659e2-39a0-491a-9392-94dfda2a7ad5,credit,24931,331525.85,2026-03-03T16:48:16.146Z
c234a0b5-676b-4813-bbc6-f4cc7c2eb021,4f64b206-7b74-44ce-b39f-89049ebd4e3f,debit,532,279804.05,2026-03-04T16:48:16.146Z
c234a0b5-676b-4813-bbc6-f4cc7c2eb021,99326bcd-2ed0-4319-b6a7-a9d1ac39f1b2,credit,532,61477,2026-03-04T16:48:16.146Z
ad5137e9-0bc1-451b-9384-44d97b392213,2e25c793-17ff-4230-b58d-17dfcc222464,credit,7425,1839731,2026-03-04T16:48:16.146Z
c1c83489-160e-4ced-bc67-27fc43bd62e3,2e25c793-17ff-4230-b58d-17dfcc222464,credit,13848,1853579,2026-03-04T16:48:16.146Z
db13be57-9a2a-486f-a52b-899d6d829245,dfffab37-7984-45e6-bfd9-bcb0617b8a82,debit,170,123639.70000000001,2026-03-04T16:48:16.146Z
db13be57-9a2a-486f-a52b-899d6d829245,99326bcd-2ed0-4319-b6a7-a9d1ac39f1b2,credit,170,61647,2026-03-04T16:48:16.146Z
89996de0-79f3-41e7-9820-3e5a163464a7,cc817b0a-5cde-4437-9047-eb0a6c1b8735,debit,216,97140.85,2026-03-04T16:48:16.146Z
89996de0-79f3-41e7-9820-3e5a163464a7,77f216ae-66bd-4d6b-9dcf-ac7ac8c779cc,credit,216,55468,2026-03-04T16:48:16.146Z
0460b605-c73e-4f86-8659-47d7480dfd2d,4f64b206-7b74-44ce-b39f-89049ebd4e3f,debit,3131,276673.05,2026-03-05T16:48:16.146Z
0460b605-c73e-4f86-8659-47d7480dfd2d,0e5d4bb0-d613-443b-beef-163eb4214b67,credit,3131,28158,2026-03-05T16:48:16.146Z
cf017aa4-3a6f-4b19-a933-1f1203940a7c,2e25c793-17ff-4230-b58d-17dfcc222464,credit,17077,1870656,2026-03-05T16:48:16.146Z
ba1f8244-8772-4e5c-a569-acfcb30cb662,2e25c793-17ff-4230-b58d-17dfcc222464,credit,4843,1875499,2026-03-05T16:48:16.146Z
04d6f1ce-c5e7-471b-94e2-88b670777e7f,2e25c793-17ff-4230-b58d-17dfcc222464,debit,42265,1833234,2026-03-05T16:48:16.146Z
04d6f1ce-c5e7-471b-94e2-88b670777e7f,78d754c3-7421-45c6-af19-62af10c7d7a7,credit,42265,1007499,2026-03-05T16:48:16.146Z
544c75a3-eaa7-4cd7-8742-c157710e0a7b,2e25c793-17ff-4230-b58d-17dfcc222464,debit,565,1832669,2026-03-05T16:48:16.146Z
544c75a3-eaa7-4cd7-8742-c157710e0a7b,77f216ae-66bd-4d6b-9dcf-ac7ac8c779cc,credit,565,56033,2026-03-05T16:48:16.146Z
45ddffe5-9a75-49b7-b71a-eebba291671d,dfffab37-7984-45e6-bfd9-bcb0617b8a82,debit,198,123441.70000000001,2026-03-05T16:48:16.146Z
45ddffe5-9a75-49b7-b71a-eebba291671d,77f216ae-66bd-4d6b-9dcf-ac7ac8c779cc,credit,198,56231,2026-03-05T16:48:16.146Z
ce1462bb-ce09-4054-8cd5-390e118c4233,cc817b0a-5cde-4437-9047-eb0a6c1b8735,debit,567,96573.85,2026-03-05T16:48:16.146Z
ce1462bb-ce09-4054-8cd5-390e118c4233,68e8cdc4-a89c-4489-9d80-d6345ef95f59,credit,567,266298,2026-03-05T16:48:16.146Z
ccff4463-9bff-48e7-bf2b-ad6fab82fa2f,2e25c793-17ff-4230-b58d-17dfcc222464,credit,9979,1842648,2026-03-06T16:48:16.146Z
5ea20635-4acb-49e6-8dc1-636fece071ce,2e25c793-17ff-4230-b58d-17dfcc222464,credit,15081,1857729,2026-03-06T16:48:16.146Z
bf29a373-abc8-4083-8804-e9230eeb1459,d53314e5-d645-464a-99cf-45ed1a35e9fd,debit,1745,691553.0499999999,2026-03-06T16:48:16.146Z
bf29a373-abc8-4083-8804-e9230eeb1459,8c25909a-227f-4d95-86a1-9033ec6e34a4,credit,1745,51062,2026-03-06T16:48:16.146Z
3e800653-c4e2-4bbc-a8f5-b4b86b71008d,4c9659e2-39a0-491a-9392-94dfda2a7ad5,debit,257,331268.85,2026-03-06T16:48:16.146Z
3e800653-c4e2-4bbc-a8f5-b4b86b71008d,8c25909a-227f-4d95-86a1-9033ec6e34a4,credit,257,51319,2026-03-06T16:48:16.146Z
7d26d13a-ac2c-45bc-a148-0573ffed38e7,4f64b206-7b74-44ce-b39f-89049ebd4e3f,debit,2822,273851.05,2026-03-07T16:48:16.146Z
7d26d13a-ac2c-45bc-a148-0573ffed38e7,8fecc2ac-282e-4044-a1dd-0ef257c60926,credit,2822,102633,2026-03-07T16:48:16.146Z
f4b60a6a-f53f-4e37-93ad-2c819ddb5db3,2e25c793-17ff-4230-b58d-17dfcc222464,credit,15209,1872938,2026-03-07T16:48:16.146Z
7fbaccc0-8d90-425d-b44f-aa594ce7675b,2e25c793-17ff-4230-b58d-17dfcc222464,debit,18000,1854938,2026-03-07T16:48:16.146Z
7fbaccc0-8d90-425d-b44f-aa594ce7675b,655846c2-aeb1-41c7-b562-4937ad6f5c8b,credit,18000,126000,2026-03-07T16:48:16.146Z
1b0fb7ab-c037-41ca-ae4c-f3ee0409147b,4c9659e2-39a0-491a-9392-94dfda2a7ad5,debit,302,330966.85,2026-03-07T16:48:16.146Z
1b0fb7ab-c037-41ca-ae4c-f3ee0409147b,77f216ae-66bd-4d6b-9dcf-ac7ac8c779cc,credit,302,56533,2026-03-07T16:48:16.146Z
840f2cbc-384b-4e3f-87bf-bdb764ff3bce,2e25c793-17ff-4230-b58d-17dfcc222464,credit,15839,1870777,2026-03-08T16:48:16.146Z
34a8edc2-83ec-4c46-ae59-408a8d67a4f7,2e25c793-17ff-4230-b58d-17dfcc222464,credit,6173,1876950,2026-03-08T16:48:16.146Z
b47d4eaa-4bb1-48c5-9c46-c29f5a000298,2e25c793-17ff-4230-b58d-17dfcc222464,credit,11338,1888288,2026-03-08T16:48:16.146Z
bb794625-c941-4cb4-9e48-6288e00d0359,2e25c793-17ff-4230-b58d-17dfcc222464,debit,479,1887809,2026-03-08T16:48:16.146Z
bb794625-c941-4cb4-9e48-6288e00d0359,77f216ae-66bd-4d6b-9dcf-ac7ac8c779cc,credit,479,57012,2026-03-08T16:48:16.146Z
581ab39a-6dbd-4183-b7e6-9f79212f4413,dfffab37-7984-45e6-bfd9-bcb0617b8a82,credit,5000,128441.70000000001,2026-03-08T16:48:16.146Z
2a44064c-da51-40a5-8939-997777d4d1ce,cc817b0a-5cde-4437-9047-eb0a6c1b8735,credit,4000,100573.85,2026-03-08T16:48:16.146Z
413cf622-ace0-4faf-8a82-bb1cbb2113d8,cc817b0a-5cde-4437-9047-eb0a6c1b8735,debit,1089,99484.85,2026-03-08T16:48:16.146Z
413cf622-ace0-4faf-8a82-bb1cbb2113d8,68e8cdc4-a89c-4489-9d80-d6345ef95f59,credit,1089,267387,2026-03-08T16:48:16.146Z
defe729c-83ab-45a9-a3e5-4f4c707299bf,4c9659e2-39a0-491a-9392-94dfda2a7ad5,debit,229,330737.85,2026-03-08T16:48:16.146Z
defe729c-83ab-45a9-a3e5-4f4c707299bf,8c25909a-227f-4d95-86a1-9033ec6e34a4,credit,229,51548,2026-03-08T16:48:16.146Z
22af9f8c-ce60-48da-85bd-946e71be7d42,2e25c793-17ff-4230-b58d-17dfcc222464,credit,6433,1894242,2026-03-09T16:48:16.146Z
8e960b3f-c343-47da-a281-16537cdec83f,2e25c793-17ff-4230-b58d-17dfcc222464,credit,10045,1904287,2026-03-09T16:48:16.146Z
0c1bbae5-86a7-43d9-8dc4-c5797e61db04,d53314e5-d645-464a-99cf-45ed1a35e9fd,debit,537,691016.0499999999,2026-03-09T16:48:16.146Z
0c1bbae5-86a7-43d9-8dc4-c5797e61db04,99326bcd-2ed0-4319-b6a7-a9d1ac39f1b2,credit,537,62184,2026-03-09T16:48:16.146Z
2e8ddf2a-3e00-42d4-ab5c-7c75c23d0f45,4c9659e2-39a0-491a-9392-94dfda2a7ad5,debit,355,330382.85,2026-03-09T16:48:16.146Z
2e8ddf2a-3e00-42d4-ab5c-7c75c23d0f45,77f216ae-66bd-4d6b-9dcf-ac7ac8c779cc,credit,355,57367,2026-03-09T16:48:16.146Z
16dfb187-e310-4d89-8d5f-64a76d7e033c,4f64b206-7b74-44ce-b39f-89049ebd4e3f,debit,199,273652.05,2026-03-10T16:48:16.146Z
16dfb187-e310-4d89-8d5f-64a76d7e033c,bcf7c323-ee7b-4313-95c0-68f74cfeb2bb,credit,199,1592,2026-03-10T16:48:16.146Z
32287bdb-768d-49eb-a3a4-21463541f0d0,4f64b206-7b74-44ce-b39f-89049ebd4e3f,debit,699,272953.05,2026-03-10T16:48:16.146Z
32287bdb-768d-49eb-a3a4-21463541f0d0,8f5bd58f-2868-4aff-b5da-41454b5bb662,credit,699,5891,2026-03-10T16:48:16.146Z
da6887b1-2421-49d8-ad62-ece7eca26343,4f64b206-7b74-44ce-b39f-89049ebd4e3f,debit,3191,269762.05,2026-03-10T16:48:16.146Z
da6887b1-2421-49d8-ad62-ece7eca26343,68e8cdc4-a89c-4489-9d80-d6345ef95f59,credit,3191,270578,2026-03-10T16:48:16.146Z
7f653acb-4649-4d90-aa04-5bc9dc0d8efa,2e25c793-17ff-4230-b58d-17dfcc222464,credit,15616,1919903,2026-03-10T16:48:16.146Z
98121f62-acce-4f4e-8d46-6032f67272ad,2e25c793-17ff-4230-b58d-17dfcc222464,debit,201,1919702,2026-03-10T16:48:16.146Z
98121f62-acce-4f4e-8d46-6032f67272ad,8c25909a-227f-4d95-86a1-9033ec6e34a4,credit,201,51749,2026-03-10T16:48:16.146Z
6cdba38d-69f8-466c-adb2-9327644111a2,dfffab37-7984-45e6-bfd9-bcb0617b8a82,debit,291,128150.70000000001,2026-03-10T16:48:16.146Z
6cdba38d-69f8-466c-adb2-9327644111a2,77f216ae-66bd-4d6b-9dcf-ac7ac8c779cc,credit,291,57658,2026-03-10T16:48:16.146Z
759b4c01-6b46-4e2f-8f0f-e95ee6c1e196,4c9659e2-39a0-491a-9392-94dfda2a7ad5,debit,324,330058.85,2026-03-10T16:48:16.146Z
759b4c01-6b46-4e2f-8f0f-e95ee6c1e196,77f216ae-66bd-4d6b-9dcf-ac7ac8c779cc,credit,324,57982,2026-03-10T16:48:16.146Z
87b94b68-d478-4830-9271-a2f9f83d072d,2e25c793-17ff-4230-b58d-17dfcc222464,credit,5224,1924926,2026-03-11T16:48:16.146Z
be133901-00c8-419c-a211-8294aa0553a9,2e25c793-17ff-4230-b58d-17dfcc222464,debit,718,1924208,2026-03-11T16:48:16.146Z
be133901-00c8-419c-a211-8294aa0553a9,77f216ae-66bd-4d6b-9dcf-ac7ac8c779cc,credit,718,58700,2026-03-11T16:48:16.146Z
706b58ec-f88c-42ce-a3d7-d93100354554,4c9659e2-39a0-491a-9392-94dfda2a7ad5,debit,388,329670.85,2026-03-11T16:48:16.146Z
706b58ec-f88c-42ce-a3d7-d93100354554,77f216ae-66bd-4d6b-9dcf-ac7ac8c779cc,credit,388,59088,2026-03-11T16:48:16.146Z
2d598b0a-636c-499f-8a52-7b095153fb3e,2e25c793-17ff-4230-b58d-17dfcc222464,credit,5979,1930187,2026-03-12T16:48:16.146Z
9c8486e0-23cd-4f12-95f8-7e479242e816,2e25c793-17ff-4230-b58d-17dfcc222464,debit,676,1929511,2026-03-12T16:48:16.146Z
9c8486e0-23cd-4f12-95f8-7e479242e816,77f216ae-66bd-4d6b-9dcf-ac7ac8c779cc,credit,676,59764,2026-03-12T16:48:16.146Z
1e748af1-24e4-4b98-9414-f3c5688138c7,d53314e5-d645-464a-99cf-45ed1a35e9fd,debit,696,690320.0499999999,2026-03-12T16:48:16.146Z
1e748af1-24e4-4b98-9414-f3c5688138c7,99326bcd-2ed0-4319-b6a7-a9d1ac39f1b2,credit,696,62880,2026-03-12T16:48:16.146Z
36bd15c4-9e85-4fad-aa64-d75d4cf344ea,4c9659e2-39a0-491a-9392-94dfda2a7ad5,debit,8000,321670.85,2026-03-12T16:48:16.146Z
36bd15c4-9e85-4fad-aa64-d75d4cf344ea,a56c78df-bd12-4093-8857-edaaef0c6ac6,credit,8000,56000,2026-03-12T16:48:16.146Z
f8fed59a-5d2b-436a-bf19-f298a96eb478,2e25c793-17ff-4230-b58d-17dfcc222464,credit,9433,1938944,2026-03-13T16:48:16.146Z
7386ca64-4abe-4271-98b6-9abc780861a3,2e25c793-17ff-4230-b58d-17dfcc222464,debit,5231,1933713,2026-03-13T16:48:16.146Z
7386ca64-4abe-4271-98b6-9abc780861a3,68e8cdc4-a89c-4489-9d80-d6345ef95f59,credit,5231,275809,2026-03-13T16:48:16.146Z
4a6b3e9a-892c-44d1-8e64-45dbb6346522,d53314e5-d645-464a-99cf-45ed1a35e9fd,debit,398,689922.0499999999,2026-03-13T16:48:16.146Z
4a6b3e9a-892c-44d1-8e64-45dbb6346522,99326bcd-2ed0-4319-b6a7-a9d1ac39f1b2,credit,398,63278,2026-03-13T16:48:16.146Z
6e3c2772-80f8-4108-9b60-0982dd20a5cf,dfffab37-7984-45e6-bfd9-bcb0617b8a82,debit,550,127600.70000000001,2026-03-13T16:48:16.146Z
6e3c2772-80f8-4108-9b60-0982dd20a5cf,68e8cdc4-a89c-4489-9d80-d6345ef95f59,credit,550,276359,2026-03-13T16:48:16.146Z
10e17989-0cd3-42bf-9b68-3edf406e5c4e,cc817b0a-5cde-4437-9047-eb0a6c1b8735,debit,226,99258.85,2026-03-13T16:48:16.146Z
10e17989-0cd3-42bf-9b68-3edf406e5c4e,99326bcd-2ed0-4319-b6a7-a9d1ac39f1b2,credit,226,63504,2026-03-13T16:48:16.146Z
58dfe584-48bf-48b2-bd9c-9dec98d4ea0e,4f64b206-7b74-44ce-b39f-89049ebd4e3f,debit,2382,267380.05,2026-03-14T16:48:16.146Z
58dfe584-48bf-48b2-bd9c-9dec98d4ea0e,8fecc2ac-282e-4044-a1dd-0ef257c60926,credit,2382,105015,2026-03-14T16:48:16.146Z
6e5869d3-43fe-4a53-a645-08da08b4919e,4f64b206-7b74-44ce-b39f-89049ebd4e3f,debit,404,266976.05,2026-03-14T16:48:16.146Z
6e5869d3-43fe-4a53-a645-08da08b4919e,99326bcd-2ed0-4319-b6a7-a9d1ac39f1b2,credit,404,63908,2026-03-14T16:48:16.146Z
c8d43927-7579-427b-a63a-d196d3aa9fc6,d53314e5-d645-464a-99cf-45ed1a35e9fd,debit,263,689659.0499999999,2026-03-14T16:48:16.146Z
c8d43927-7579-427b-a63a-d196d3aa9fc6,77f216ae-66bd-4d6b-9dcf-ac7ac8c779cc,credit,263,60027,2026-03-14T16:48:16.146Z
d15a71a0-b72e-4440-98c7-3762a4830e24,4c9659e2-39a0-491a-9392-94dfda2a7ad5,debit,389,321281.85,2026-03-14T16:48:16.146Z
d15a71a0-b72e-4440-98c7-3762a4830e24,8c25909a-227f-4d95-86a1-9033ec6e34a4,credit,389,52138,2026-03-14T16:48:16.146Z
61244cb5-6914-4c40-aea2-8177725a58a7,2e25c793-17ff-4230-b58d-17dfcc222464,credit,12692,1946405,2026-03-15T16:48:16.146Z
0f4d4b5c-5a41-45dc-a019-d637c1dc6717,2e25c793-17ff-4230-b58d-17dfcc222464,credit,13510,1959915,2026-03-15T16:48:16.146Z
63c91c32-2493-4e56-b4ee-3baf7796c255,2e25c793-17ff-4230-b58d-17dfcc222464,credit,16920,1976835,2026-03-15T16:48:16.146Z
793aa2c5-b128-495c-ad7d-58d1a4b5d115,2e25c793-17ff-4230-b58d-17dfcc222464,debit,62140,1914695,2026-03-15T16:48:16.146Z
793aa2c5-b128-495c-ad7d-58d1a4b5d115,78d754c3-7421-45c6-af19-62af10c7d7a7,credit,62140,1069639,2026-03-15T16:48:16.146Z
7c0cc252-74c8-4e34-8119-d3c9335f27b4,dfffab37-7984-45e6-bfd9-bcb0617b8a82,credit,5000,132600.7,2026-03-15T16:48:16.146Z
5b864feb-9456-4c19-be95-599f80788ed8,cc817b0a-5cde-4437-9047-eb0a6c1b8735,credit,4000,103258.85,2026-03-15T16:48:16.146Z
860783c1-c0a5-4a11-b82a-c77e399de978,cc817b0a-5cde-4437-9047-eb0a6c1b8735,debit,243,103015.85,2026-03-15T16:48:16.146Z
860783c1-c0a5-4a11-b82a-c77e399de978,dfffab37-7984-45e6-bfd9-bcb0617b8a82,credit,243,132843.7,2026-03-15T16:48:16.146Z
7e5d0fe1-3bb2-43f2-b067-e29d58f00914,4c9659e2-39a0-491a-9392-94dfda2a7ad5,debit,1919,319362.85,2026-03-15T16:48:16.146Z
7e5d0fe1-3bb2-43f2-b067-e29d58f00914,68e8cdc4-a89c-4489-9d80-d6345ef95f59,credit,1919,278278,2026-03-15T16:48:16.146Z
df46ed42-498f-40fb-ac35-c2bd0bb89a3a,4c9659e2-39a0-491a-9392-94dfda2a7ad5,debit,290,319072.85,2026-03-15T16:48:16.146Z
df46ed42-498f-40fb-ac35-c2bd0bb89a3a,8c25909a-227f-4d95-86a1-9033ec6e34a4,credit,290,52428,2026-03-15T16:48:16.146Z
7552ea88-4ee0-4553-bada-3c3c048d4ab6,4f64b206-7b74-44ce-b39f-89049ebd4e3f,debit,295,266681.05,2026-03-16T16:48:16.146Z
7552ea88-4ee0-4553-bada-3c3c048d4ab6,77f216ae-66bd-4d6b-9dcf-ac7ac8c779cc,credit,295,60322,2026-03-16T16:48:16.146Z
f6ba06e5-c731-455c-a3d6-38dcfd5de725,2e25c793-17ff-4230-b58d-17dfcc222464,credit,12015,1926710,2026-03-16T16:48:16.146Z
d12e12fb-580f-4f4f-9f37-13daf6759fe7,2e25c793-17ff-4230-b58d-17dfcc222464,credit,13790,1940500,2026-03-16T16:48:16.146Z
155b795a-eab5-43c8-ab95-fca8b8884a2d,d53314e5-d645-464a-99cf-45ed1a35e9fd,debit,469,689190.0499999999,2026-03-16T16:48:16.146Z
155b795a-eab5-43c8-ab95-fca8b8884a2d,99326bcd-2ed0-4319-b6a7-a9d1ac39f1b2,credit,469,64377,2026-03-16T16:48:16.146Z
a55e8f9b-e871-458b-9a27-2538939dd577,dfffab37-7984-45e6-bfd9-bcb0617b8a82,debit,302,132541.7,2026-03-16T16:48:16.146Z
a55e8f9b-e871-458b-9a27-2538939dd577,99326bcd-2ed0-4319-b6a7-a9d1ac39f1b2,credit,302,64679,2026-03-16T16:48:16.146Z
3faec9f7-4acc-4d64-8d66-b2952df845a0,4c9659e2-39a0-491a-9392-94dfda2a7ad5,debit,323,318749.85,2026-03-16T16:48:16.146Z
3faec9f7-4acc-4d64-8d66-b2952df845a0,8c25909a-227f-4d95-86a1-9033ec6e34a4,credit,323,52751,2026-03-16T16:48:16.146Z
d95fdf45-b782-43ba-938f-301b0d807246,2e25c793-17ff-4230-b58d-17dfcc222464,credit,11767,1952267,2026-03-17T16:48:16.146Z
8dd6ef3f-0bc6-4af1-8b3e-a94fb964b1cf,2e25c793-17ff-4230-b58d-17dfcc222464,debit,284,1951983,2026-03-17T16:48:16.146Z
8dd6ef3f-0bc6-4af1-8b3e-a94fb964b1cf,8c25909a-227f-4d95-86a1-9033ec6e34a4,credit,284,53035,2026-03-17T16:48:16.146Z
43ef17a3-4be7-47eb-9daa-e7cc053589da,d53314e5-d645-464a-99cf-45ed1a35e9fd,debit,7398,681792.0499999999,2026-03-17T16:48:16.146Z
43ef17a3-4be7-47eb-9daa-e7cc053589da,4778cfd7-bd59-44d1-88ad-ffa43d403800,credit,7398,67652,2026-03-17T16:48:16.146Z
63ef6305-e2a0-4a2e-b753-bbfe0cdfbe18,2e25c793-17ff-4230-b58d-17dfcc222464,credit,13466,1965449,2026-03-18T16:48:16.146Z
eb80b743-f9ed-4b75-bfab-53728648195e,d53314e5-d645-464a-99cf-45ed1a35e9fd,debit,1455,680337.0499999999,2026-03-18T16:48:16.146Z
eb80b743-f9ed-4b75-bfab-53728648195e,8c25909a-227f-4d95-86a1-9033ec6e34a4,credit,1455,54490,2026-03-18T16:48:16.146Z
7e11353d-7c47-4365-9cdd-384cf2818473,dfffab37-7984-45e6-bfd9-bcb0617b8a82,debit,424,132117.7,2026-03-18T16:48:16.146Z
7e11353d-7c47-4365-9cdd-384cf2818473,99326bcd-2ed0-4319-b6a7-a9d1ac39f1b2,credit,424,65103,2026-03-18T16:48:16.146Z
b3d69a64-c0d9-4c81-a272-5b5c621a41bc,cc817b0a-5cde-4437-9047-eb0a6c1b8735,debit,60,102955.85,2026-03-18T16:48:16.146Z
b3d69a64-c0d9-4c81-a272-5b5c621a41bc,dfffab37-7984-45e6-bfd9-bcb0617b8a82,credit,60,132177.7,2026-03-18T16:48:16.146Z
e16230da-31cc-43b6-b7b8-90fe317fbef0,4c9659e2-39a0-491a-9392-94dfda2a7ad5,debit,1629,317120.85,2026-03-18T16:48:16.146Z
e16230da-31cc-43b6-b7b8-90fe317fbef0,8fecc2ac-282e-4044-a1dd-0ef257c60926,credit,1629,106644,2026-03-18T16:48:16.146Z
1b619075-c52f-40f1-9b52-c7bd22af6cb1,2e25c793-17ff-4230-b58d-17dfcc222464,credit,5904,1971353,2026-03-19T16:48:16.146Z
dca006cc-835f-43db-b0f6-24ce360aa338,d53314e5-d645-464a-99cf-45ed1a35e9fd,debit,1112,679225.0499999999,2026-03-19T16:48:16.146Z
dca006cc-835f-43db-b0f6-24ce360aa338,77f216ae-66bd-4d6b-9dcf-ac7ac8c779cc,credit,1112,61434,2026-03-19T16:48:16.146Z
87696f36-18ee-4c7c-9efd-5f538ef7163b,dfffab37-7984-45e6-bfd9-bcb0617b8a82,debit,309,131868.7,2026-03-19T16:48:16.146Z
87696f36-18ee-4c7c-9efd-5f538ef7163b,68e8cdc4-a89c-4489-9d80-d6345ef95f59,credit,309,278587,2026-03-19T16:48:16.146Z
90e9f46c-120b-4b4c-86a9-9ec9d3cc2b61,cc817b0a-5cde-4437-9047-eb0a6c1b8735,debit,309,102646.85,2026-03-19T16:48:16.146Z
90e9f46c-120b-4b4c-86a9-9ec9d3cc2b61,77f216ae-66bd-4d6b-9dcf-ac7ac8c779cc,credit,309,61743,2026-03-19T16:48:16.146Z
d3fb8e19-08e4-4bb9-b748-3404c55143dc,4c9659e2-39a0-491a-9392-94dfda2a7ad5,credit,17161,334281.85,2026-03-19T16:48:16.146Z
20944869-2293-4bb1-bb85-963ff5a07a66,4f64b206-7b74-44ce-b39f-89049ebd4e3f,debit,391,266290.05,2026-03-20T16:48:16.146Z
20944869-2293-4bb1-bb85-963ff5a07a66,99326bcd-2ed0-4319-b6a7-a9d1ac39f1b2,credit,391,65494,2026-03-20T16:48:16.146Z
42f71354-22af-40fb-85a3-a959b21d32ff,2e25c793-17ff-4230-b58d-17dfcc222464,credit,14102,1985455,2026-03-20T16:48:16.146Z
16ccc741-1b72-488f-91ad-e6656d51372b,2e25c793-17ff-4230-b58d-17dfcc222464,credit,8699,1994154,2026-03-20T16:48:16.146Z
87aacdc4-1b1f-47c7-9b8e-3d63e55dcae8,2e25c793-17ff-4230-b58d-17dfcc222464,debit,7754,1986400,2026-03-20T16:48:16.146Z
87aacdc4-1b1f-47c7-9b8e-3d63e55dcae8,68e8cdc4-a89c-4489-9d80-d6345ef95f59,credit,7754,286341,2026-03-20T16:48:16.146Z
c68268b9-3857-4b79-a2b4-11b963fcb1e8,d53314e5-d645-464a-99cf-45ed1a35e9fd,debit,5289,673936.0499999999,2026-03-20T16:48:16.146Z
c68268b9-3857-4b79-a2b4-11b963fcb1e8,5a5c422f-2b4f-4e26-bd2e-db36096ce28f,credit,5289,45368,2026-03-20T16:48:16.146Z
cc732a6d-07f5-47db-9361-7577614ce7a8,cc817b0a-5cde-4437-9047-eb0a6c1b8735,debit,868,101778.85,2026-03-20T16:48:16.146Z
cc732a6d-07f5-47db-9361-7577614ce7a8,68e8cdc4-a89c-4489-9d80-d6345ef95f59,credit,868,287209,2026-03-20T16:48:16.146Z
5184ac89-c29f-4625-ac6a-b024111ab9de,4c9659e2-39a0-491a-9392-94dfda2a7ad5,debit,341,333940.85,2026-03-20T16:48:16.146Z
5184ac89-c29f-4625-ac6a-b024111ab9de,77f216ae-66bd-4d6b-9dcf-ac7ac8c779cc,credit,341,62084,2026-03-20T16:48:16.146Z
8e0e988a-3f58-4335-8d26-a4dfbeb31cc2,4f64b206-7b74-44ce-b39f-89049ebd4e3f,debit,2229,264061.05,2026-03-21T16:48:16.146Z
8e0e988a-3f58-4335-8d26-a4dfbeb31cc2,8fecc2ac-282e-4044-a1dd-0ef257c60926,credit,2229,108873,2026-03-21T16:48:16.146Z
90eecae7-0d63-4b96-b63f-cf1ea8cfc872,2e25c793-17ff-4230-b58d-17dfcc222464,credit,17613,2004013,2026-03-21T16:48:16.146Z
ae6d598b-3057-4b59-92de-b85713747f87,2e25c793-17ff-4230-b58d-17dfcc222464,credit,9301,2013314,2026-03-21T16:48:16.146Z
1ce9099c-eabe-4697-8729-42e463b5ba76,2e25c793-17ff-4230-b58d-17dfcc222464,debit,299,2013015,2026-03-21T16:48:16.146Z
1ce9099c-eabe-4697-8729-42e463b5ba76,8c25909a-227f-4d95-86a1-9033ec6e34a4,credit,299,54789,2026-03-21T16:48:16.146Z
e491ef35-a36e-4d88-a45f-9e6c1bb730d1,d53314e5-d645-464a-99cf-45ed1a35e9fd,debit,763,673173.0499999999,2026-03-21T16:48:16.146Z
e491ef35-a36e-4d88-a45f-9e6c1bb730d1,77f216ae-66bd-4d6b-9dcf-ac7ac8c779cc,credit,763,62847,2026-03-21T16:48:16.146Z
027ccb35-0791-47e8-a9d4-86b7a7967a6d,dfffab37-7984-45e6-bfd9-bcb0617b8a82,debit,945,130923.70000000001,2026-03-21T16:48:16.146Z
027ccb35-0791-47e8-a9d4-86b7a7967a6d,68e8cdc4-a89c-4489-9d80-d6345ef95f59,credit,945,288154,2026-03-21T16:48:16.146Z
ab9479e9-3914-49e1-8a81-cc619fafd75a,cc817b0a-5cde-4437-9047-eb0a6c1b8735,debit,203,101575.85,2026-03-21T16:48:16.146Z
ab9479e9-3914-49e1-8a81-cc619fafd75a,99326bcd-2ed0-4319-b6a7-a9d1ac39f1b2,credit,203,65697,2026-03-21T16:48:16.146Z
7accf603-44f8-425a-99a3-0cfa54c5802e,4c9659e2-39a0-491a-9392-94dfda2a7ad5,credit,22537,356477.85,2026-03-21T16:48:16.146Z
877e5049-6f0d-4af7-9982-6d8b16d34549,4c9659e2-39a0-491a-9392-94dfda2a7ad5,debit,214,356263.85,2026-03-21T16:48:16.146Z
877e5049-6f0d-4af7-9982-6d8b16d34549,8c25909a-227f-4d95-86a1-9033ec6e34a4,credit,214,55003,2026-03-21T16:48:16.146Z
a4086986-3730-4a78-8315-8fdffa68128f,4f64b206-7b74-44ce-b39f-89049ebd4e3f,debit,1794,262267.05,2026-03-22T16:48:16.146Z
a4086986-3730-4a78-8315-8fdffa68128f,68e8cdc4-a89c-4489-9d80-d6345ef95f59,credit,1794,289948,2026-03-22T16:48:16.146Z
1509c523-293f-4228-a355-a3e11c1409e6,2e25c793-17ff-4230-b58d-17dfcc222464,debit,3893,2009122,2026-03-22T16:48:16.146Z
1509c523-293f-4228-a355-a3e11c1409e6,68e8cdc4-a89c-4489-9d80-d6345ef95f59,credit,3893,293841,2026-03-22T16:48:16.146Z
3b2457ef-122d-4b08-8ccd-cafa6aadc948,d53314e5-d645-464a-99cf-45ed1a35e9fd,debit,530,672643.0499999999,2026-03-22T16:48:16.146Z
3b2457ef-122d-4b08-8ccd-cafa6aadc948,8c25909a-227f-4d95-86a1-9033ec6e34a4,credit,530,55533,2026-03-22T16:48:16.146Z
b3b1ce10-63e5-4bcd-b2ae-ea7039787140,dfffab37-7984-45e6-bfd9-bcb0617b8a82,credit,5000,135923.7,2026-03-22T16:48:16.146Z
c72b1b17-b2f0-4256-8368-fccba2457ecb,dfffab37-7984-45e6-bfd9-bcb0617b8a82,debit,426,135497.7,2026-03-22T16:48:16.146Z
c72b1b17-b2f0-4256-8368-fccba2457ecb,99326bcd-2ed0-4319-b6a7-a9d1ac39f1b2,credit,426,66123,2026-03-22T16:48:16.146Z
54d5ffe7-a7d4-428b-9da1-a43e06ea5697,cc817b0a-5cde-4437-9047-eb0a6c1b8735,credit,4000,105575.85,2026-03-22T16:48:16.146Z
c980bda0-cb18-404e-afb5-f0a4326318f5,cc817b0a-5cde-4437-9047-eb0a6c1b8735,debit,168,105407.85,2026-03-22T16:48:16.146Z
c980bda0-cb18-404e-afb5-f0a4326318f5,99326bcd-2ed0-4319-b6a7-a9d1ac39f1b2,credit,168,66291,2026-03-22T16:48:16.146Z
2f43dd1f-12b6-49e0-b0fc-9225825fc7db,4c9659e2-39a0-491a-9392-94dfda2a7ad5,debit,382,355881.85,2026-03-22T16:48:16.146Z
2f43dd1f-12b6-49e0-b0fc-9225825fc7db,77f216ae-66bd-4d6b-9dcf-ac7ac8c779cc,credit,382,63229,2026-03-22T16:48:16.146Z
4499e312-fcc5-41a6-ac17-27f813396e88,4f64b206-7b74-44ce-b39f-89049ebd4e3f,debit,2592,259675.05,2026-03-23T16:48:16.146Z
4499e312-fcc5-41a6-ac17-27f813396e88,68e8cdc4-a89c-4489-9d80-d6345ef95f59,credit,2592,296433,2026-03-23T16:48:16.146Z
94a1ead9-262c-4e48-9fed-c310258366ff,2e25c793-17ff-4230-b58d-17dfcc222464,credit,6352,2015474,2026-03-23T16:48:16.146Z
0ceafded-d079-4f73-9a9f-4399938fccb2,2e25c793-17ff-4230-b58d-17dfcc222464,credit,6958,2022432,2026-03-23T16:48:16.146Z
272849b5-5fa3-477a-b095-7b3a222e8d55,2e25c793-17ff-4230-b58d-17dfcc222464,debit,7205,2015227,2026-03-23T16:48:16.146Z
272849b5-5fa3-477a-b095-7b3a222e8d55,68e8cdc4-a89c-4489-9d80-d6345ef95f59,credit,7205,303638,2026-03-23T16:48:16.146Z
508f1f43-9713-45d0-a376-833536df8d9f,d53314e5-d645-464a-99cf-45ed1a35e9fd,debit,1093,671550.0499999999,2026-03-23T16:48:16.146Z
508f1f43-9713-45d0-a376-833536df8d9f,8c25909a-227f-4d95-86a1-9033ec6e34a4,credit,1093,56626,2026-03-23T16:48:16.146Z
8540c29d-308f-4d40-802e-4a10d7404d7c,cc817b0a-5cde-4437-9047-eb0a6c1b8735,debit,229,105178.85,2026-03-23T16:48:16.146Z
8540c29d-308f-4d40-802e-4a10d7404d7c,99326bcd-2ed0-4319-b6a7-a9d1ac39f1b2,credit,229,66520,2026-03-23T16:48:16.146Z
8c17e91f-1ef2-443c-b952-085bbb67efc6,2e25c793-17ff-4230-b58d-17dfcc222464,credit,14157,2029384,2026-03-24T16:48:16.146Z
d5ad996c-14da-44cd-b28f-cc189bc67f4a,2e25c793-17ff-4230-b58d-17dfcc222464,credit,10499,2039883,2026-03-24T16:48:16.146Z
a8eef2d5-a332-451d-8027-141695a0823e,2e25c793-17ff-4230-b58d-17dfcc222464,credit,8606,2048489,2026-03-24T16:48:16.146Z
656e6ad7-f652-4dcf-b02a-12f97f4199fc,2e25c793-17ff-4230-b58d-17dfcc222464,debit,639,2047850,2026-03-24T16:48:16.146Z
656e6ad7-f652-4dcf-b02a-12f97f4199fc,77f216ae-66bd-4d6b-9dcf-ac7ac8c779cc,credit,639,63868,2026-03-24T16:48:16.146Z
4672e449-6ae5-44bd-96ed-1ec16a84b86b,d53314e5-d645-464a-99cf-45ed1a35e9fd,debit,7038,664512.0499999999,2026-03-24T16:48:16.146Z
4672e449-6ae5-44bd-96ed-1ec16a84b86b,5a5c422f-2b4f-4e26-bd2e-db36096ce28f,credit,7038,52406,2026-03-24T16:48:16.146Z
95d03032-608b-439c-885f-89c423403245,cc817b0a-5cde-4437-9047-eb0a6c1b8735,debit,585,104593.85,2026-03-24T16:48:16.146Z
95d03032-608b-439c-885f-89c423403245,68e8cdc4-a89c-4489-9d80-d6345ef95f59,credit,585,304223,2026-03-24T16:48:16.146Z
74cc7712-0144-4cb9-b28d-3fa24704cbbf,4c9659e2-39a0-491a-9392-94dfda2a7ad5,debit,456,355425.85,2026-03-24T16:48:16.146Z
74cc7712-0144-4cb9-b28d-3fa24704cbbf,8c25909a-227f-4d95-86a1-9033ec6e34a4,credit,456,57082,2026-03-24T16:48:16.146Z
723269ae-8c4c-4274-b21e-ed899492f7c0,2e25c793-17ff-4230-b58d-17dfcc222464,credit,7267,2055117,2026-03-25T16:48:16.146Z
778c2e4a-25e8-4ef7-9c3c-9bf7805416f0,2e25c793-17ff-4230-b58d-17dfcc222464,debit,63587,1991530,2026-03-25T16:48:16.146Z
778c2e4a-25e8-4ef7-9c3c-9bf7805416f0,78d754c3-7421-45c6-af19-62af10c7d7a7,credit,63587,1133226,2026-03-25T16:48:16.146Z
1f96a862-e6d4-441e-9bd9-f260c6304cfd,2e25c793-17ff-4230-b58d-17dfcc222464,debit,487,1991043,2026-03-25T16:48:16.146Z
1f96a862-e6d4-441e-9bd9-f260c6304cfd,8c25909a-227f-4d95-86a1-9033ec6e34a4,credit,487,57569,2026-03-25T16:48:16.146Z
74974bfe-98a1-4eb7-bdad-22b3178fb9b5,cc817b0a-5cde-4437-9047-eb0a6c1b8735,debit,441,104152.85,2026-03-25T16:48:16.146Z
74974bfe-98a1-4eb7-bdad-22b3178fb9b5,99326bcd-2ed0-4319-b6a7-a9d1ac39f1b2,credit,441,66961,2026-03-25T16:48:16.146Z
d7dd54b1-abf6-4f30-8dce-a713cfb7e9a8,4c9659e2-39a0-491a-9392-94dfda2a7ad5,debit,448,354977.85,2026-03-25T16:48:16.146Z
d7dd54b1-abf6-4f30-8dce-a713cfb7e9a8,77f216ae-66bd-4d6b-9dcf-ac7ac8c779cc,credit,448,64316,2026-03-25T16:48:16.146Z
328afd50-2c49-4c85-801d-c02f133e9049,d53314e5-d645-464a-99cf-45ed1a35e9fd,debit,412,664100.0499999999,2026-03-26T16:48:16.146Z
328afd50-2c49-4c85-801d-c02f133e9049,77f216ae-66bd-4d6b-9dcf-ac7ac8c779cc,credit,412,64728,2026-03-26T16:48:16.146Z
5007dd50-37f8-415c-b676-0c6829bcd502,4c9659e2-39a0-491a-9392-94dfda2a7ad5,credit,29034,384011.85,2026-03-26T16:48:16.146Z
8b6d4c0f-f2d4-4022-9aa2-464e723dde14,4c9659e2-39a0-491a-9392-94dfda2a7ad5,debit,232,383779.85,2026-03-26T16:48:16.146Z
8b6d4c0f-f2d4-4022-9aa2-464e723dde14,8c25909a-227f-4d95-86a1-9033ec6e34a4,credit,232,57801,2026-03-26T16:48:16.146Z
b45a7f7c-db23-4296-9897-fa75c5312446,4f64b206-7b74-44ce-b39f-89049ebd4e3f,debit,633,259042.05,2026-03-27T16:48:16.146Z
b45a7f7c-db23-4296-9897-fa75c5312446,99326bcd-2ed0-4319-b6a7-a9d1ac39f1b2,credit,633,67594,2026-03-27T16:48:16.146Z
844754e3-c205-4905-b26a-144db212dff9,2e25c793-17ff-4230-b58d-17dfcc222464,credit,16354,2007397,2026-03-27T16:48:16.146Z
adafe764-1794-4c32-bea0-b57a6a726024,2e25c793-17ff-4230-b58d-17dfcc222464,credit,5082,2012479,2026-03-27T16:48:16.146Z
a3dea8cb-13e1-4ded-8a89-5d99da6309ee,2e25c793-17ff-4230-b58d-17dfcc222464,credit,17034,2029513,2026-03-27T16:48:16.146Z
6c8d4e49-5340-4166-aa6f-b7dbe1aa7e6c,d53314e5-d645-464a-99cf-45ed1a35e9fd,debit,886,663214.0499999999,2026-03-27T16:48:16.146Z
6c8d4e49-5340-4166-aa6f-b7dbe1aa7e6c,8c25909a-227f-4d95-86a1-9033ec6e34a4,credit,886,58687,2026-03-27T16:48:16.146Z
051ed37a-c313-4866-9110-0bb7ee274502,cc817b0a-5cde-4437-9047-eb0a6c1b8735,debit,391,103761.85,2026-03-27T16:48:16.146Z
051ed37a-c313-4866-9110-0bb7ee274502,99326bcd-2ed0-4319-b6a7-a9d1ac39f1b2,credit,391,67985,2026-03-27T16:48:16.146Z
599fb6f0-67e8-4117-98ee-8c0f796891d2,4c9659e2-39a0-491a-9392-94dfda2a7ad5,debit,443,383336.85,2026-03-27T16:48:16.146Z
599fb6f0-67e8-4117-98ee-8c0f796891d2,77f216ae-66bd-4d6b-9dcf-ac7ac8c779cc,credit,443,65171,2026-03-27T16:48:16.146Z
c5a2c8bb-afee-483e-8399-a9140ec16058,4f64b206-7b74-44ce-b39f-89049ebd4e3f,debit,3343,255699.05,2026-03-28T16:48:16.146Z
c5a2c8bb-afee-483e-8399-a9140ec16058,8fecc2ac-282e-4044-a1dd-0ef257c60926,credit,3343,112216,2026-03-28T16:48:16.146Z
de3c6833-3bbc-4a8e-86cb-6d6e0da8c06d,4f64b206-7b74-44ce-b39f-89049ebd4e3f,debit,200,255499.05,2026-03-28T16:48:16.146Z
de3c6833-3bbc-4a8e-86cb-6d6e0da8c06d,77f216ae-66bd-4d6b-9dcf-ac7ac8c779cc,credit,200,65371,2026-03-28T16:48:16.146Z
432ba0d4-02eb-4f51-825d-c4f0b7956e7c,2e25c793-17ff-4230-b58d-17dfcc222464,credit,14247,2043760,2026-03-28T16:48:16.146Z
a2f2dfa4-c13b-47cf-af15-62d25d0fe822,cc817b0a-5cde-4437-9047-eb0a6c1b8735,debit,215,103546.85,2026-03-28T16:48:16.146Z
a2f2dfa4-c13b-47cf-af15-62d25d0fe822,dfffab37-7984-45e6-bfd9-bcb0617b8a82,credit,215,135712.7,2026-03-28T16:48:16.146Z
791aab68-34f7-4bbc-8f73-fe709650622e,4c9659e2-39a0-491a-9392-94dfda2a7ad5,debit,285,383051.85,2026-03-28T16:48:16.146Z
791aab68-34f7-4bbc-8f73-fe709650622e,8c25909a-227f-4d95-86a1-9033ec6e34a4,credit,285,58972,2026-03-28T16:48:16.146Z
4d839fba-f0aa-4eb8-989f-4bfdffad1984,dfffab37-7984-45e6-bfd9-bcb0617b8a82,credit,5000,140712.7,2026-03-29T16:48:16.146Z
ef257a91-a552-4efa-a096-dc2df0caae67,dfffab37-7984-45e6-bfd9-bcb0617b8a82,debit,159,140553.7,2026-03-29T16:48:16.146Z
ef257a91-a552-4efa-a096-dc2df0caae67,99326bcd-2ed0-4319-b6a7-a9d1ac39f1b2,credit,159,68144,2026-03-29T16:48:16.146Z
d2ceed93-5602-481d-aa34-9c4f804d608e,cc817b0a-5cde-4437-9047-eb0a6c1b8735,credit,4000,107546.85,2026-03-29T16:48:16.146Z
785e1ea7-ceea-4f6a-a0dd-c116264ffa86,cc817b0a-5cde-4437-9047-eb0a6c1b8735,debit,84,107462.85,2026-03-29T16:48:16.146Z
785e1ea7-ceea-4f6a-a0dd-c116264ffa86,dfffab37-7984-45e6-bfd9-bcb0617b8a82,credit,84,140637.7,2026-03-29T16:48:16.146Z
f5e5aeff-5123-45f7-b7d4-d339d069d201,4c9659e2-39a0-491a-9392-94dfda2a7ad5,debit,1735,381316.85,2026-03-29T16:48:16.146Z
f5e5aeff-5123-45f7-b7d4-d339d069d201,8fecc2ac-282e-4044-a1dd-0ef257c60926,credit,1735,113951,2026-03-29T16:48:16.146Z
38c5bf85-9130-4e00-8c6f-3b919538beb3,4f64b206-7b74-44ce-b39f-89049ebd4e3f,debit,729,254770.05,2026-03-30T16:48:16.146Z
38c5bf85-9130-4e00-8c6f-3b919538beb3,99326bcd-2ed0-4319-b6a7-a9d1ac39f1b2,credit,729,68873,2026-03-30T16:48:16.146Z
188f5e55-e8ff-403e-9eb6-c4a189cd583e,4f64b206-7b74-44ce-b39f-89049ebd4e3f,credit,36.45,254806.5,2026-03-30T16:48:16.146Z
e9d5f8d4-bf68-4250-9f46-a1debd22b86d,2e25c793-17ff-4230-b58d-17dfcc222464,credit,15512,2059272,2026-03-30T16:48:16.146Z
18e1e5b6-5336-4d8f-b89c-500050568f83,2e25c793-17ff-4230-b58d-17dfcc222464,credit,12795,2072067,2026-03-30T16:48:16.146Z
c5b6c140-7a32-4eaa-b8fd-338feb24bab4,2e25c793-17ff-4230-b58d-17dfcc222464,credit,8766,2080833,2026-03-30T16:48:16.146Z
46039dcc-57ad-4d91-8949-166804996e9c,d53314e5-d645-464a-99cf-45ed1a35e9fd,debit,606,662608.0499999999,2026-03-30T16:48:16.146Z
46039dcc-57ad-4d91-8949-166804996e9c,99326bcd-2ed0-4319-b6a7-a9d1ac39f1b2,credit,606,69479,2026-03-30T16:48:16.146Z
7fcd494c-f526-4658-bbb1-4fd739c9126b,dfffab37-7984-45e6-bfd9-bcb0617b8a82,debit,221,140416.7,2026-03-30T16:48:16.146Z
7fcd494c-f526-4658-bbb1-4fd739c9126b,99326bcd-2ed0-4319-b6a7-a9d1ac39f1b2,credit,221,69700,2026-03-30T16:48:16.146Z
16ef6292-b5bb-46cb-a109-7bfec5c3bdde,4c9659e2-39a0-491a-9392-94dfda2a7ad5,debit,544,380772.85,2026-03-30T16:48:16.146Z
16ef6292-b5bb-46cb-a109-7bfec5c3bdde,99326bcd-2ed0-4319-b6a7-a9d1ac39f1b2,credit,544,70244,2026-03-30T16:48:16.146Z
9e17e23a-e86a-4fad-8560-d933542e7b4b,4c9659e2-39a0-491a-9392-94dfda2a7ad5,credit,27.2,380800.05,2026-03-30T16:48:16.146Z
bd1c8cb2-e79f-4f76-942f-55c145c63ffd,2e25c793-17ff-4230-b58d-17dfcc222464,credit,8373,2089206,2026-03-31T16:48:16.146Z
326ae0c9-ab4f-4817-a897-5e20ca103469,2e25c793-17ff-4230-b58d-17dfcc222464,credit,6458,2095664,2026-03-31T16:48:16.146Z
ba009593-8a38-4886-93e2-79bff24f06ad,d53314e5-d645-464a-99cf-45ed1a35e9fd,debit,748,661860.0499999999,2026-03-31T16:48:16.146Z
ba009593-8a38-4886-93e2-79bff24f06ad,68e8cdc4-a89c-4489-9d80-d6345ef95f59,credit,748,304971,2026-03-31T16:48:16.146Z
a99cbb04-345e-4567-bfdd-ccf6b225a07b,4c9659e2-39a0-491a-9392-94dfda2a7ad5,debit,418,380382.05,2026-03-31T16:48:16.146Z
a99cbb04-345e-4567-bfdd-ccf6b225a07b,99326bcd-2ed0-4319-b6a7-a9d1ac39f1b2,credit,418,70662,2026-03-31T16:48:16.146Z
ea9f31a4-a959-4a9c-beca-231af195548a,4f64b206-7b74-44ce-b39f-89049ebd4e3f,credit,85000,339806.5,2026-04-01T16:48:16.146Z
1e7d3cd4-34e5-4847-ac32-a6fe798a9875,2e25c793-17ff-4230-b58d-17dfcc222464,credit,13322,2108986,2026-04-01T16:48:16.146Z
6480876a-d304-46cc-81e1-1570022408a4,2e25c793-17ff-4230-b58d-17dfcc222464,credit,11939,2120925,2026-04-01T16:48:16.146Z
1c87cd25-f36c-4ec0-9d15-9ae2f98abaf5,d53314e5-d645-464a-99cf-45ed1a35e9fd,credit,120000,781860.0499999999,2026-04-01T16:48:16.146Z
d820c92d-a22c-4093-8c7d-0e7ecc78a113,d53314e5-d645-464a-99cf-45ed1a35e9fd,debit,304,781556.0499999999,2026-04-01T16:48:16.146Z
d820c92d-a22c-4093-8c7d-0e7ecc78a113,77f216ae-66bd-4d6b-9dcf-ac7ac8c779cc,credit,304,65675,2026-04-01T16:48:16.146Z
64f32758-0fd2-4282-b71d-bb06ae542735,cc817b0a-5cde-4437-9047-eb0a6c1b8735,debit,375,107087.85,2026-04-01T16:48:16.146Z
64f32758-0fd2-4282-b71d-bb06ae542735,99326bcd-2ed0-4319-b6a7-a9d1ac39f1b2,credit,375,71037,2026-04-01T16:48:16.146Z
dad2f8c8-1d3b-42f4-af65-ca27bd55715a,4c9659e2-39a0-491a-9392-94dfda2a7ad5,debit,356,380026.05,2026-04-01T16:48:16.146Z
dad2f8c8-1d3b-42f4-af65-ca27bd55715a,8c25909a-227f-4d95-86a1-9033ec6e34a4,credit,356,59328,2026-04-01T16:48:16.146Z
3142c3b7-62c4-4ea4-9aa9-41150f90df53,2e25c793-17ff-4230-b58d-17dfcc222464,credit,8080,2129005,2026-04-02T16:48:16.146Z
9bd400c6-492f-4fe3-955c-480bde220f93,2e25c793-17ff-4230-b58d-17dfcc222464,credit,14271,2143276,2026-04-02T16:48:16.146Z
653c4a51-22a0-4fce-b5cb-b2186323eb0f,2e25c793-17ff-4230-b58d-17dfcc222464,debit,35000,2108276,2026-04-02T16:48:16.146Z
653c4a51-22a0-4fce-b5cb-b2186323eb0f,396aaa88-f522-47e1-a4dd-f2107cc69e7a,credit,35000,480000,2026-04-02T16:48:16.146Z
439e4e71-b97f-4f72-85fc-ced6dfdd7725,d53314e5-d645-464a-99cf-45ed1a35e9fd,debit,12210,769346.0499999999,2026-04-02T16:48:16.146Z
439e4e71-b97f-4f72-85fc-ced6dfdd7725,4778cfd7-bd59-44d1-88ad-ffa43d403800,credit,12210,79862,2026-04-02T16:48:16.146Z
a8bd945a-b7e2-4ce8-94c0-83f8d2d091f1,4f64b206-7b74-44ce-b39f-89049ebd4e3f,debit,25000,314806.5,2026-04-03T16:48:16.146Z
a8bd945a-b7e2-4ce8-94c0-83f8d2d091f1,396aaa88-f522-47e1-a4dd-f2107cc69e7a,credit,25000,505000,2026-04-03T16:48:16.146Z
80091d6c-4f27-48fa-ae7d-9b1017325d8c,4f64b206-7b74-44ce-b39f-89049ebd4e3f,debit,180,314626.5,2026-04-03T16:48:16.146Z
80091d6c-4f27-48fa-ae7d-9b1017325d8c,77f216ae-66bd-4d6b-9dcf-ac7ac8c779cc,credit,180,65855,2026-04-03T16:48:16.146Z
275345bd-fe78-4fc0-ae1e-cf295b13d398,2e25c793-17ff-4230-b58d-17dfcc222464,credit,7365,2115641,2026-04-03T16:48:16.146Z
51e58914-6d5f-46f3-b5fe-6072a83a335b,2e25c793-17ff-4230-b58d-17dfcc222464,credit,13102,2128743,2026-04-03T16:48:16.146Z
5eb524ff-4a20-4aa5-a7d3-58605cf53c8f,2e25c793-17ff-4230-b58d-17dfcc222464,debit,310,2128433,2026-04-03T16:48:16.146Z
5eb524ff-4a20-4aa5-a7d3-58605cf53c8f,8c25909a-227f-4d95-86a1-9033ec6e34a4,credit,310,59638,2026-04-03T16:48:16.146Z
fea52b78-5c54-4911-90ee-6ee453b88a10,cc817b0a-5cde-4437-9047-eb0a6c1b8735,debit,313,106774.85,2026-04-03T16:48:16.146Z
fea52b78-5c54-4911-90ee-6ee453b88a10,99326bcd-2ed0-4319-b6a7-a9d1ac39f1b2,credit,313,71350,2026-04-03T16:48:16.146Z
fd1c47ac-5951-4cab-ae68-d8b5380db00b,4c9659e2-39a0-491a-9392-94dfda2a7ad5,credit,24252,404278.05,2026-04-03T16:48:16.146Z
ebb7852c-ce62-4901-a8df-dd3858f188d7,4f64b206-7b74-44ce-b39f-89049ebd4e3f,debit,3220,311406.5,2026-04-04T16:48:16.146Z
ebb7852c-ce62-4901-a8df-dd3858f188d7,8fecc2ac-282e-4044-a1dd-0ef257c60926,credit,3220,117171,2026-04-04T16:48:16.146Z
f4917064-b26c-431d-84d9-6e26291daaf3,2e25c793-17ff-4230-b58d-17dfcc222464,credit,15551,2143984,2026-04-04T16:48:16.146Z
665fd000-59b6-46ed-bf01-fdf10978645e,2e25c793-17ff-4230-b58d-17dfcc222464,credit,13384,2157368,2026-04-04T16:48:16.146Z
bdbcd27a-6a3d-4282-aab6-370ca4a7b010,4c9659e2-39a0-491a-9392-94dfda2a7ad5,debit,313,403965.05,2026-04-04T16:48:16.146Z
bdbcd27a-6a3d-4282-aab6-370ca4a7b010,99326bcd-2ed0-4319-b6a7-a9d1ac39f1b2,credit,313,71663,2026-04-04T16:48:16.146Z
e22f5eb3-ca48-4152-94ae-8f1ae4f6a30d,4f64b206-7b74-44ce-b39f-89049ebd4e3f,debit,2909,308497.5,2026-04-05T16:48:16.146Z
e22f5eb3-ca48-4152-94ae-8f1ae4f6a30d,0e5d4bb0-d613-443b-beef-163eb4214b67,credit,2909,31067,2026-04-05T16:48:16.146Z
c2b60780-a5db-4363-b43b-3f9cdbe380ae,2e25c793-17ff-4230-b58d-17dfcc222464,credit,15355,2172723,2026-04-05T16:48:16.146Z
0e156e8c-2050-44e0-acc6-f2954f6e52f6,2e25c793-17ff-4230-b58d-17dfcc222464,debit,29132,2143591,2026-04-05T16:48:16.146Z
0e156e8c-2050-44e0-acc6-f2954f6e52f6,78d754c3-7421-45c6-af19-62af10c7d7a7,credit,29132,1162358,2026-04-05T16:48:16.146Z
41687e4c-0822-4e25-9e6e-41918e356f69,2e25c793-17ff-4230-b58d-17dfcc222464,debit,6144,2137447,2026-04-05T16:48:16.146Z
41687e4c-0822-4e25-9e6e-41918e356f69,68e8cdc4-a89c-4489-9d80-d6345ef95f59,credit,6144,311115,2026-04-05T16:48:16.146Z
a516e658-ec30-4597-8307-97cdcb3f3d99,d53314e5-d645-464a-99cf-45ed1a35e9fd,debit,370,768976.0499999999,2026-04-05T16:48:16.146Z
a516e658-ec30-4597-8307-97cdcb3f3d99,77f216ae-66bd-4d6b-9dcf-ac7ac8c779cc,credit,370,66225,2026-04-05T16:48:16.146Z
64eec69c-7a94-4365-8882-e424896c6f53,dfffab37-7984-45e6-bfd9-bcb0617b8a82,credit,5000,145416.7,2026-04-05T16:48:16.146Z
46e2088a-ed6b-4991-afd3-d100a200324a,dfffab37-7984-45e6-bfd9-bcb0617b8a82,debit,50,145366.7,2026-04-05T16:48:16.146Z
46e2088a-ed6b-4991-afd3-d100a200324a,cc817b0a-5cde-4437-9047-eb0a6c1b8735,credit,50,106824.85,2026-04-05T16:48:16.146Z
e6842ff4-5a6e-49cb-b188-79c0ff4a3edb,cc817b0a-5cde-4437-9047-eb0a6c1b8735,credit,4000,110824.85,2026-04-05T16:48:16.146Z
068ca30c-6fa3-4351-ac63-e5d0540b336b,cc817b0a-5cde-4437-9047-eb0a6c1b8735,debit,483,110341.85,2026-04-05T16:48:16.146Z
068ca30c-6fa3-4351-ac63-e5d0540b336b,68e8cdc4-a89c-4489-9d80-d6345ef95f59,credit,483,311598,2026-04-05T16:48:16.146Z
64716dc2-82b8-4a99-b0f9-bbf502532ee0,4c9659e2-39a0-491a-9392-94dfda2a7ad5,debit,284,403681.05,2026-04-05T16:48:16.146Z
64716dc2-82b8-4a99-b0f9-bbf502532ee0,77f216ae-66bd-4d6b-9dcf-ac7ac8c779cc,credit,284,66509,2026-04-05T16:48:16.146Z
4b1cc78b-bf0e-46ee-b838-8c65893fe269,4f64b206-7b74-44ce-b39f-89049ebd4e3f,debit,746,307751.5,2026-04-06T16:48:16.146Z
4b1cc78b-bf0e-46ee-b838-8c65893fe269,99326bcd-2ed0-4319-b6a7-a9d1ac39f1b2,credit,746,72409,2026-04-06T16:48:16.146Z
a1bdb887-2d5c-4135-983d-17a020cf1966,2e25c793-17ff-4230-b58d-17dfcc222464,credit,13839,2151286,2026-04-06T16:48:16.146Z
a857fadf-8082-4bc1-ba53-dd874640ff40,2e25c793-17ff-4230-b58d-17dfcc222464,debit,8107,2143179,2026-04-06T16:48:16.146Z
a857fadf-8082-4bc1-ba53-dd874640ff40,68e8cdc4-a89c-4489-9d80-d6345ef95f59,credit,8107,319705,2026-04-06T16:48:16.146Z
c6f8cbda-c5e9-47df-84f9-ed30f7722274,d53314e5-d645-464a-99cf-45ed1a35e9fd,debit,8162,760814.0499999999,2026-04-06T16:48:16.146Z
c6f8cbda-c5e9-47df-84f9-ed30f7722274,5a5c422f-2b4f-4e26-bd2e-db36096ce28f,credit,8162,60568,2026-04-06T16:48:16.146Z
310bb388-70a3-47bf-8a91-cba7f6c3ac23,4c9659e2-39a0-491a-9392-94dfda2a7ad5,debit,546,403135.05,2026-04-06T16:48:16.146Z
310bb388-70a3-47bf-8a91-cba7f6c3ac23,99326bcd-2ed0-4319-b6a7-a9d1ac39f1b2,credit,546,72955,2026-04-06T16:48:16.146Z
6ba985b9-7d4c-4c0b-9d1e-4498a6eed90b,2e25c793-17ff-4230-b58d-17dfcc222464,credit,5318,2148497,2026-04-07T16:48:16.146Z
ed75c47b-9a58-4072-826f-1a691f594cd9,2e25c793-17ff-4230-b58d-17dfcc222464,credit,8174,2156671,2026-04-07T16:48:16.146Z
eb90f72e-1fa6-4d97-9c14-5bec4e372dc0,2e25c793-17ff-4230-b58d-17dfcc222464,debit,18000,2138671,2026-04-07T16:48:16.146Z
eb90f72e-1fa6-4d97-9c14-5bec4e372dc0,655846c2-aeb1-41c7-b562-4937ad6f5c8b,credit,18000,144000,2026-04-07T16:48:16.146Z
e82b9da3-c223-4d16-9a5b-1f12c86047fe,2e25c793-17ff-4230-b58d-17dfcc222464,debit,454,2138217,2026-04-07T16:48:16.146Z
e82b9da3-c223-4d16-9a5b-1f12c86047fe,77f216ae-66bd-4d6b-9dcf-ac7ac8c779cc,credit,454,66963,2026-04-07T16:48:16.146Z
981619d1-db05-42fb-bad6-143a104cd769,2e25c793-17ff-4230-b58d-17dfcc222464,credit,22.7,2138239.7,2026-04-07T16:48:16.146Z
9ed0fdd0-fd3d-4aff-aa7d-e928fff71503,d53314e5-d645-464a-99cf-45ed1a35e9fd,debit,983,759831.0499999999,2026-04-07T16:48:16.146Z
9ed0fdd0-fd3d-4aff-aa7d-e928fff71503,77f216ae-66bd-4d6b-9dcf-ac7ac8c779cc,credit,983,67946,2026-04-07T16:48:16.146Z
168f0f1b-27cb-4533-8ca3-9bb83a30f1dd,4f64b206-7b74-44ce-b39f-89049ebd4e3f,debit,1732,306019.5,2026-04-08T16:48:16.146Z
168f0f1b-27cb-4533-8ca3-9bb83a30f1dd,68e8cdc4-a89c-4489-9d80-d6345ef95f59,credit,1732,321437,2026-04-08T16:48:16.146Z
b9b8755c-9331-4daa-95fc-c357b897fec2,2e25c793-17ff-4230-b58d-17dfcc222464,credit,7751,2145990.7,2026-04-08T16:48:16.146Z
ec35e28f-6f82-4dcb-b52a-0bf0afe41e34,d53314e5-d645-464a-99cf-45ed1a35e9fd,debit,416,759415.0499999999,2026-04-08T16:48:16.146Z
ec35e28f-6f82-4dcb-b52a-0bf0afe41e34,77f216ae-66bd-4d6b-9dcf-ac7ac8c779cc,credit,416,68362,2026-04-08T16:48:16.146Z
c42cb9ec-5ecd-4a42-9c04-fcea37f595d4,dfffab37-7984-45e6-bfd9-bcb0617b8a82,debit,86,145280.7,2026-04-08T16:48:16.146Z
c42cb9ec-5ecd-4a42-9c04-fcea37f595d4,cc817b0a-5cde-4437-9047-eb0a6c1b8735,credit,86,110427.85,2026-04-08T16:48:16.146Z
421f6e32-2cee-426b-b0e6-9046b4e47c9e,4c9659e2-39a0-491a-9392-94dfda2a7ad5,debit,243,402892.05,2026-04-08T16:48:16.146Z
421f6e32-2cee-426b-b0e6-9046b4e47c9e,77f216ae-66bd-4d6b-9dcf-ac7ac8c779cc,credit,243,68605,2026-04-08T16:48:16.146Z
398ad1e0-4a59-4774-9b0a-6de1c20ccd34,4c9659e2-39a0-491a-9392-94dfda2a7ad5,credit,12.15,402904.2,2026-04-08T16:48:16.146Z
c3966d5b-222f-4bc8-b395-9d02fa5757e2,4f64b206-7b74-44ce-b39f-89049ebd4e3f,debit,460,305559.5,2026-04-09T16:48:16.146Z
c3966d5b-222f-4bc8-b395-9d02fa5757e2,99326bcd-2ed0-4319-b6a7-a9d1ac39f1b2,credit,460,73415,2026-04-09T16:48:16.146Z
166bd0e5-9ee0-4c2d-b579-11461bb155b9,2e25c793-17ff-4230-b58d-17dfcc222464,credit,7838,2153828.7,2026-04-09T16:48:16.146Z
a3ac5ee2-7fdb-4a4d-9e41-c4904087b027,2e25c793-17ff-4230-b58d-17dfcc222464,credit,13354,2167182.7,2026-04-09T16:48:16.146Z
d2f1a23d-c2fb-4e8c-8780-51b20346857b,2e25c793-17ff-4230-b58d-17dfcc222464,credit,13950,2181132.7,2026-04-09T16:48:16.146Z
a9105f8b-01c9-413a-ad67-f5caffb675fb,d53314e5-d645-464a-99cf-45ed1a35e9fd,debit,1747,757668.0499999999,2026-04-09T16:48:16.146Z
a9105f8b-01c9-413a-ad67-f5caffb675fb,8c25909a-227f-4d95-86a1-9033ec6e34a4,credit,1747,61385,2026-04-09T16:48:16.146Z
8b9f8f4a-bbd6-4994-9b55-4c2f18d0520d,dfffab37-7984-45e6-bfd9-bcb0617b8a82,debit,141,145139.7,2026-04-09T16:48:16.146Z
8b9f8f4a-bbd6-4994-9b55-4c2f18d0520d,cc817b0a-5cde-4437-9047-eb0a6c1b8735,credit,141,110568.85,2026-04-09T16:48:16.146Z
2e22fa48-08f4-4dea-a097-d2dc3ec70a21,4c9659e2-39a0-491a-9392-94dfda2a7ad5,debit,1683,401221.2,2026-04-09T16:48:16.146Z
2e22fa48-08f4-4dea-a097-d2dc3ec70a21,8fecc2ac-282e-4044-a1dd-0ef257c60926,credit,1683,118854,2026-04-09T16:48:16.146Z
20c86df9-3b2d-4aab-a998-9b391f4de728,4f64b206-7b74-44ce-b39f-89049ebd4e3f,debit,199,305360.5,2026-04-10T16:48:16.146Z
20c86df9-3b2d-4aab-a998-9b391f4de728,bcf7c323-ee7b-4313-95c0-68f74cfeb2bb,credit,199,1791,2026-04-10T16:48:16.146Z
501aca70-5baf-4c53-b044-8363eb8b9056,4f64b206-7b74-44ce-b39f-89049ebd4e3f,debit,699,304661.5,2026-04-10T16:48:16.146Z
501aca70-5baf-4c53-b044-8363eb8b9056,8f5bd58f-2868-4aff-b5da-41454b5bb662,credit,699,6590,2026-04-10T16:48:16.146Z
0d00f2d6-47cf-4e37-b0e0-43049ba9b240,4f64b206-7b74-44ce-b39f-89049ebd4e3f,debit,373,304288.5,2026-04-10T16:48:16.146Z
0d00f2d6-47cf-4e37-b0e0-43049ba9b240,77f216ae-66bd-4d6b-9dcf-ac7ac8c779cc,credit,373,68978,2026-04-10T16:48:16.146Z
3f35023b-43f3-4d19-94d7-e45abf95ca08,2e25c793-17ff-4230-b58d-17dfcc222464,credit,14715,2195847.7,2026-04-10T16:48:16.146Z
f85b42c6-779d-4deb-bca9-6de61f74c940,2e25c793-17ff-4230-b58d-17dfcc222464,credit,10701,2206548.7,2026-04-10T16:48:16.146Z
a1b26de3-ebd5-4e41-99b1-7b8baf15c1c5,2e25c793-17ff-4230-b58d-17dfcc222464,credit,8266,2214814.7,2026-04-10T16:48:16.146Z
5db649c7-10bf-4581-b5a7-ebc1ffaba185,2e25c793-17ff-4230-b58d-17dfcc222464,debit,643,2214171.7,2026-04-10T16:48:16.146Z
5db649c7-10bf-4581-b5a7-ebc1ffaba185,77f216ae-66bd-4d6b-9dcf-ac7ac8c779cc,credit,643,69621,2026-04-10T16:48:16.146Z
7e105b1b-f724-4b1b-b468-65330f52ff65,d53314e5-d645-464a-99cf-45ed1a35e9fd,debit,1190,756478.0499999999,2026-04-10T16:48:16.146Z
7e105b1b-f724-4b1b-b468-65330f52ff65,8c25909a-227f-4d95-86a1-9033ec6e34a4,credit,1190,62575,2026-04-10T16:48:16.146Z
a35ffc4d-fe16-4eb4-ab7f-96401d1de215,dfffab37-7984-45e6-bfd9-bcb0617b8a82,debit,240,144899.7,2026-04-10T16:48:16.146Z
a35ffc4d-fe16-4eb4-ab7f-96401d1de215,99326bcd-2ed0-4319-b6a7-a9d1ac39f1b2,credit,240,73655,2026-04-10T16:48:16.146Z
41e6cd98-5679-43b5-9cc9-8da54083e0b4,4c9659e2-39a0-491a-9392-94dfda2a7ad5,credit,32974,434195.2,2026-04-10T16:48:16.146Z
ba629af2-54fc-42b4-b69e-806ee8da8f3a,4f64b206-7b74-44ce-b39f-89049ebd4e3f,debit,2552,301736.5,2026-04-11T16:48:16.146Z
ba629af2-54fc-42b4-b69e-806ee8da8f3a,8fecc2ac-282e-4044-a1dd-0ef257c60926,credit,2552,121406,2026-04-11T16:48:16.146Z
9e144946-0d9d-4aa7-99fb-b6b215a8ba63,2e25c793-17ff-4230-b58d-17dfcc222464,credit,5906,2220077.7,2026-04-11T16:48:16.146Z
25477f34-754f-4048-9529-1366674b5184,2e25c793-17ff-4230-b58d-17dfcc222464,credit,13145,2233222.7,2026-04-11T16:48:16.146Z
2d789214-77c1-4de8-8561-39f40d5b0a9f,d53314e5-d645-464a-99cf-45ed1a35e9fd,debit,310,756168.0499999999,2026-04-11T16:48:16.146Z
2d789214-77c1-4de8-8561-39f40d5b0a9f,77f216ae-66bd-4d6b-9dcf-ac7ac8c779cc,credit,310,69931,2026-04-11T16:48:16.146Z
24402642-a697-4f5e-8eee-87524154352f,dfffab37-7984-45e6-bfd9-bcb0617b8a82,debit,396,144503.7,2026-04-11T16:48:16.146Z
24402642-a697-4f5e-8eee-87524154352f,68e8cdc4-a89c-4489-9d80-d6345ef95f59,credit,396,321833,2026-04-11T16:48:16.146Z
86fd58c8-c870-47ed-9df4-1dd99d88f31a,4c9659e2-39a0-491a-9392-94dfda2a7ad5,credit,23204,457399.2,2026-04-11T16:48:16.146Z
af239cc0-cea9-4f49-870c-9f70a804bce0,4c9659e2-39a0-491a-9392-94dfda2a7ad5,debit,134,457265.2,2026-04-11T16:48:16.146Z
af239cc0-cea9-4f49-870c-9f70a804bce0,77f216ae-66bd-4d6b-9dcf-ac7ac8c779cc,credit,134,70065,2026-04-11T16:48:16.146Z
4e60367e-ae34-4348-8ee1-b99c8d1f6f2d,2e25c793-17ff-4230-b58d-17dfcc222464,credit,15334,2248556.7,2026-04-12T16:48:16.146Z
13c3a380-f05a-49f6-82db-16447e18ee3c,2e25c793-17ff-4230-b58d-17dfcc222464,credit,6080,2254636.7,2026-04-12T16:48:16.146Z
3b87b265-df99-41d0-9b56-80fffd2ac989,2e25c793-17ff-4230-b58d-17dfcc222464,credit,7539,2262175.7,2026-04-12T16:48:16.146Z
42454de9-ea09-4265-bd10-2384b1fe1668,dfffab37-7984-45e6-bfd9-bcb0617b8a82,credit,5000,149503.7,2026-04-12T16:48:16.146Z
e7eb9305-e9fd-41f9-a0a6-1a3287ab776d,cc817b0a-5cde-4437-9047-eb0a6c1b8735,credit,4000,114568.85,2026-04-12T16:48:16.146Z
6309dc6f-97ac-4409-93d1-6f70bd2d6b07,cc817b0a-5cde-4437-9047-eb0a6c1b8735,debit,421,114147.85,2026-04-12T16:48:16.146Z
6309dc6f-97ac-4409-93d1-6f70bd2d6b07,99326bcd-2ed0-4319-b6a7-a9d1ac39f1b2,credit,421,74076,2026-04-12T16:48:16.146Z
dffb8c7a-49a4-4eb8-b9ae-1a24742c78fb,4c9659e2-39a0-491a-9392-94dfda2a7ad5,debit,8000,449265.2,2026-04-12T16:48:16.146Z
dffb8c7a-49a4-4eb8-b9ae-1a24742c78fb,a56c78df-bd12-4093-8857-edaaef0c6ac6,credit,8000,64000,2026-04-12T16:48:16.146Z
d1fc0ffc-db4d-4048-8a84-c36732115048,4c9659e2-39a0-491a-9392-94dfda2a7ad5,debit,415,448850.2,2026-04-12T16:48:16.146Z
d1fc0ffc-db4d-4048-8a84-c36732115048,8c25909a-227f-4d95-86a1-9033ec6e34a4,credit,415,62990,2026-04-12T16:48:16.146Z
ab3ca22b-af27-44bf-b6b7-497cdebece10,2e25c793-17ff-4230-b58d-17dfcc222464,debit,859,2261316.7,2026-04-13T16:48:16.146Z
ab3ca22b-af27-44bf-b6b7-497cdebece10,77f216ae-66bd-4d6b-9dcf-ac7ac8c779cc,credit,859,70924,2026-04-13T16:48:16.146Z
4e7fe36d-92a1-4f0b-86e3-9569669e5b51,d53314e5-d645-464a-99cf-45ed1a35e9fd,debit,1245,754923.0499999999,2026-04-13T16:48:16.146Z
4e7fe36d-92a1-4f0b-86e3-9569669e5b51,8c25909a-227f-4d95-86a1-9033ec6e34a4,credit,1245,64235,2026-04-13T16:48:16.146Z
c9ad3f12-43db-4866-840f-c7978635d803,4c9659e2-39a0-491a-9392-94dfda2a7ad5,credit,27985,476835.2,2026-04-13T16:48:16.146Z
13de1b9b-6025-4739-8600-fe91567af3d0,4c9659e2-39a0-491a-9392-94dfda2a7ad5,debit,132,476703.2,2026-04-13T16:48:16.146Z
13de1b9b-6025-4739-8600-fe91567af3d0,77f216ae-66bd-4d6b-9dcf-ac7ac8c779cc,credit,132,71056,2026-04-13T16:48:16.146Z
46b22938-663d-41b0-a4bf-4b69b0f9172f,2e25c793-17ff-4230-b58d-17dfcc222464,credit,7816,2269132.7,2026-04-14T16:48:16.146Z
e8d7fb1e-db00-4879-bc36-b809580df857,2e25c793-17ff-4230-b58d-17dfcc222464,credit,12639,2281771.7,2026-04-14T16:48:16.146Z
86f183c7-7659-4ff7-afbd-508edba89396,2e25c793-17ff-4230-b58d-17dfcc222464,debit,297,2281474.7,2026-04-14T16:48:16.146Z
86f183c7-7659-4ff7-afbd-508edba89396,8c25909a-227f-4d95-86a1-9033ec6e34a4,credit,297,64532,2026-04-14T16:48:16.146Z
788ff35d-abae-432b-8b6c-12493e1bce8d,cc817b0a-5cde-4437-9047-eb0a6c1b8735,debit,423,113724.85,2026-04-14T16:48:16.146Z
788ff35d-abae-432b-8b6c-12493e1bce8d,99326bcd-2ed0-4319-b6a7-a9d1ac39f1b2,credit,423,74499,2026-04-14T16:48:16.146Z
ae7de396-3a02-44f6-99c4-febf56c117b6,2e25c793-17ff-4230-b58d-17dfcc222464,credit,16596,2298070.7,2026-04-15T16:48:16.146Z
2312c392-e52c-444b-860e-fb09046e6ccf,2e25c793-17ff-4230-b58d-17dfcc222464,debit,29817,2268253.7,2026-04-15T16:48:16.146Z
2312c392-e52c-444b-860e-fb09046e6ccf,78d754c3-7421-45c6-af19-62af10c7d7a7,credit,29817,1192175,2026-04-15T16:48:16.146Z
2a0dfa8a-ae43-46bb-ac03-37969b86b0e5,2e25c793-17ff-4230-b58d-17dfcc222464,debit,407,2267846.7,2026-04-15T16:48:16.146Z
2a0dfa8a-ae43-46bb-ac03-37969b86b0e5,8c25909a-227f-4d95-86a1-9033ec6e34a4,credit,407,64939,2026-04-15T16:48:16.146Z
6b1e5493-5099-4135-866d-eda6f4f3f264,d53314e5-d645-464a-99cf-45ed1a35e9fd,debit,581,754342.0499999999,2026-04-15T16:48:16.146Z
6b1e5493-5099-4135-866d-eda6f4f3f264,99326bcd-2ed0-4319-b6a7-a9d1ac39f1b2,credit,581,75080,2026-04-15T16:48:16.146Z
2bc66a57-0655-4864-88f8-7c49657a392a,dfffab37-7984-45e6-bfd9-bcb0617b8a82,debit,274,149229.7,2026-04-15T16:48:16.146Z
2bc66a57-0655-4864-88f8-7c49657a392a,99326bcd-2ed0-4319-b6a7-a9d1ac39f1b2,credit,274,75354,2026-04-15T16:48:16.146Z
a91a948d-9882-47b8-bf44-b9ced010f0df,cc817b0a-5cde-4437-9047-eb0a6c1b8735,debit,269,113455.85,2026-04-15T16:48:16.146Z
a91a948d-9882-47b8-bf44-b9ced010f0df,99326bcd-2ed0-4319-b6a7-a9d1ac39f1b2,credit,269,75623,2026-04-15T16:48:16.146Z
3bf997bc-9dd3-4667-8ece-1db3b7687319,4c9659e2-39a0-491a-9392-94dfda2a7ad5,debit,2675,474028.2,2026-04-15T16:48:16.146Z
3bf997bc-9dd3-4667-8ece-1db3b7687319,68e8cdc4-a89c-4489-9d80-d6345ef95f59,credit,2675,324508,2026-04-15T16:48:16.146Z
9e8d6bde-d636-449f-b723-14e36fe56007,4c9659e2-39a0-491a-9392-94dfda2a7ad5,debit,314,473714.2,2026-04-15T16:48:16.146Z
9e8d6bde-d636-449f-b723-14e36fe56007,99326bcd-2ed0-4319-b6a7-a9d1ac39f1b2,credit,314,75937,2026-04-15T16:48:16.146Z
c4f0f92b-ced8-448d-a0d5-ad59c20b4278,2e25c793-17ff-4230-b58d-17dfcc222464,credit,15675,2283521.7,2026-04-16T16:48:16.146Z
d62c7075-08f1-44a5-bf28-2de5a7fa3f2e,2e25c793-17ff-4230-b58d-17dfcc222464,debit,3442,2280079.7,2026-04-16T16:48:16.146Z
d62c7075-08f1-44a5-bf28-2de5a7fa3f2e,68e8cdc4-a89c-4489-9d80-d6345ef95f59,credit,3442,327950,2026-04-16T16:48:16.146Z
2e055ba1-0c81-44c5-b1ae-6165c769e6af,d53314e5-d645-464a-99cf-45ed1a35e9fd,debit,1123,753219.0499999999,2026-04-16T16:48:16.146Z
2e055ba1-0c81-44c5-b1ae-6165c769e6af,68e8cdc4-a89c-4489-9d80-d6345ef95f59,credit,1123,329073,2026-04-16T16:48:16.146Z
c0efec70-e8b8-493e-8e73-b74a04e4da19,4c9659e2-39a0-491a-9392-94dfda2a7ad5,debit,1683,472031.2,2026-04-16T16:48:16.146Z
c0efec70-e8b8-493e-8e73-b74a04e4da19,8fecc2ac-282e-4044-a1dd-0ef257c60926,credit,1683,123089,2026-04-16T16:48:16.146Z
5bf63798-568c-4dfc-bcde-5e6ad2dc1c6b,4f64b206-7b74-44ce-b39f-89049ebd4e3f,debit,354,301382.5,2026-04-17T16:48:16.146Z
5bf63798-568c-4dfc-bcde-5e6ad2dc1c6b,99326bcd-2ed0-4319-b6a7-a9d1ac39f1b2,credit,354,76291,2026-04-17T16:48:16.146Z
02f47f0e-474e-4505-9ad1-0e28b8d0984e,2e25c793-17ff-4230-b58d-17dfcc222464,credit,11889,2291968.7,2026-04-17T16:48:16.146Z
8805d199-6208-430a-9f33-46a7b5971350,2e25c793-17ff-4230-b58d-17dfcc222464,credit,5381,2297349.7,2026-04-17T16:48:16.146Z
e9b71fcc-5f09-4908-b420-f5db9432d62b,2e25c793-17ff-4230-b58d-17dfcc222464,credit,16652,2314001.7,2026-04-17T16:48:16.146Z
92b7348d-557b-4b96-b185-2cf93b3e8e46,2e25c793-17ff-4230-b58d-17dfcc222464,debit,479,2313522.7,2026-04-17T16:48:16.146Z
92b7348d-557b-4b96-b185-2cf93b3e8e46,77f216ae-66bd-4d6b-9dcf-ac7ac8c779cc,credit,479,71535,2026-04-17T16:48:16.146Z
f59d6ae8-57f4-49bc-8118-68851bfd2298,dfffab37-7984-45e6-bfd9-bcb0617b8a82,debit,1011,148218.7,2026-04-17T16:48:16.146Z
f59d6ae8-57f4-49bc-8118-68851bfd2298,68e8cdc4-a89c-4489-9d80-d6345ef95f59,credit,1011,330084,2026-04-17T16:48:16.146Z
79fa271e-0564-43d2-b8b6-d676c3fc7c4c,4f64b206-7b74-44ce-b39f-89049ebd4e3f,debit,1886,299496.5,2026-04-18T16:48:16.146Z
79fa271e-0564-43d2-b8b6-d676c3fc7c4c,8fecc2ac-282e-4044-a1dd-0ef257c60926,credit,1886,124975,2026-04-18T16:48:16.146Z
8df4bc6a-9782-4b06-93a1-dbc52183b5f2,4f64b206-7b74-44ce-b39f-89049ebd4e3f,debit,1197,298299.5,2026-04-18T16:48:16.146Z
8df4bc6a-9782-4b06-93a1-dbc52183b5f2,68e8cdc4-a89c-4489-9d80-d6345ef95f59,credit,1197,331281,2026-04-18T16:48:16.146Z
1e241b99-a0c2-4f5f-bd7f-6c38f8fa64e9,2e25c793-17ff-4230-b58d-17dfcc222464,debit,312,2313210.7,2026-04-18T16:48:16.146Z
1e241b99-a0c2-4f5f-bd7f-6c38f8fa64e9,8c25909a-227f-4d95-86a1-9033ec6e34a4,credit,312,65251,2026-04-18T16:48:16.146Z
fd741272-dded-49f8-b6c8-96c46d773287,cc817b0a-5cde-4437-9047-eb0a6c1b8735,debit,435,113020.85,2026-04-18T16:48:16.146Z
fd741272-dded-49f8-b6c8-96c46d773287,99326bcd-2ed0-4319-b6a7-a9d1ac39f1b2,credit,435,76726,2026-04-18T16:48:16.146Z
a93bbadb-c060-4d95-8b90-671f9f1c11be,dfffab37-7984-45e6-bfd9-bcb0617b8a82,credit,5000,153218.7,2026-04-19T16:48:16.146Z
5248cb28-7eed-4d8f-b926-421d61a75184,cc817b0a-5cde-4437-9047-eb0a6c1b8735,credit,4000,117020.85,2026-04-19T16:48:16.146Z
74c7c70d-0df4-4c20-8308-53f53c5b7bce,4c9659e2-39a0-491a-9392-94dfda2a7ad5,debit,321,471710.2,2026-04-19T16:48:16.146Z
74c7c70d-0df4-4c20-8308-53f53c5b7bce,8c25909a-227f-4d95-86a1-9033ec6e34a4,credit,321,65572,2026-04-19T16:48:16.146Z
0b08820b-077c-4a93-81cf-afd7bb389cf1,2e25c793-17ff-4230-b58d-17dfcc222464,credit,10021,2323231.7,2026-04-20T16:48:16.146Z
2de7d0a9-4e25-4d23-aeba-fc65641b94f4,cc817b0a-5cde-4437-9047-eb0a6c1b8735,debit,208,116812.85,2026-04-20T16:48:16.146Z
2de7d0a9-4e25-4d23-aeba-fc65641b94f4,dfffab37-7984-45e6-bfd9-bcb0617b8a82,credit,208,153426.7,2026-04-20T16:48:16.146Z
ca94fb15-d0d9-4926-8b80-81648a3df9c2,2e25c793-17ff-4230-b58d-17dfcc222464,credit,16112,2339343.7,2026-04-21T16:48:16.146Z
0061ed23-5638-4e20-8063-ffa0234f4699,2e25c793-17ff-4230-b58d-17dfcc222464,credit,9486,2348829.7,2026-04-21T16:48:16.146Z
4025699a-3666-41c9-b608-282ae2e4b49b,2e25c793-17ff-4230-b58d-17dfcc222464,debit,665,2348164.7,2026-04-21T16:48:16.146Z
4025699a-3666-41c9-b608-282ae2e4b49b,77f216ae-66bd-4d6b-9dcf-ac7ac8c779cc,credit,665,72200,2026-04-21T16:48:16.146Z
6ed33928-6e12-48cd-9f7b-de3585506655,4c9659e2-39a0-491a-9392-94dfda2a7ad5,debit,372,471338.2,2026-04-21T16:48:16.146Z
6ed33928-6e12-48cd-9f7b-de3585506655,99326bcd-2ed0-4319-b6a7-a9d1ac39f1b2,credit,372,77098,2026-04-21T16:48:16.146Z
986c6b1c-701a-4537-83aa-feda47106da4,2e25c793-17ff-4230-b58d-17dfcc222464,credit,9136,2357300.7,2026-04-22T16:48:16.146Z
eab48b2f-9958-4c99-8a89-5116816422af,2e25c793-17ff-4230-b58d-17dfcc222464,debit,516,2356784.7,2026-04-22T16:48:16.146Z
eab48b2f-9958-4c99-8a89-5116816422af,77f216ae-66bd-4d6b-9dcf-ac7ac8c779cc,credit,516,72716,2026-04-22T16:48:16.146Z
3c6a6afc-b2a1-42af-b486-7a3c4f4e27dd,2e25c793-17ff-4230-b58d-17dfcc222464,credit,25.8,2356810.5,2026-04-22T16:48:16.146Z
823fb465-a365-4a73-99ac-306519d45845,d53314e5-d645-464a-99cf-45ed1a35e9fd,debit,391,752828.0499999999,2026-04-22T16:48:16.146Z
823fb465-a365-4a73-99ac-306519d45845,77f216ae-66bd-4d6b-9dcf-ac7ac8c779cc,credit,391,73107,2026-04-22T16:48:16.146Z
e785a7e3-d707-411e-a155-6824f7bcffb3,4c9659e2-39a0-491a-9392-94dfda2a7ad5,credit,29127,500465.2,2026-04-22T16:48:16.146Z
e2432d8c-7713-4117-878a-a5610c666d70,4c9659e2-39a0-491a-9392-94dfda2a7ad5,debit,861,499604.2,2026-04-22T16:48:16.146Z
e2432d8c-7713-4117-878a-a5610c666d70,8fecc2ac-282e-4044-a1dd-0ef257c60926,credit,861,125836,2026-04-22T16:48:16.146Z
7d928ca1-6ab3-43f9-a494-b7006c3fdea9,4f64b206-7b74-44ce-b39f-89049ebd4e3f,debit,574,297725.5,2026-04-23T16:48:16.146Z
7d928ca1-6ab3-43f9-a494-b7006c3fdea9,99326bcd-2ed0-4319-b6a7-a9d1ac39f1b2,credit,574,77672,2026-04-23T16:48:16.146Z
b2ab3bad-52bb-4b49-a93b-8f95a195ae7e,2e25c793-17ff-4230-b58d-17dfcc222464,credit,5497,2362307.5,2026-04-23T16:48:16.146Z
f9e40f82-338b-44cc-b7cf-6697f7e6713a,2e25c793-17ff-4230-b58d-17dfcc222464,credit,16657,2378964.5,2026-04-23T16:48:16.146Z
35a84268-93af-4937-a3e2-da1b15d98c50,4c9659e2-39a0-491a-9392-94dfda2a7ad5,credit,21380,520984.2,2026-04-23T16:48:16.146Z
2c03dbcc-a188-47b7-9330-5e505f4361fe,2e25c793-17ff-4230-b58d-17dfcc222464,credit,9297,2388261.5,2026-04-24T16:48:16.146Z
3cef559a-22b7-43a3-b37e-9759ca795ef8,2e25c793-17ff-4230-b58d-17dfcc222464,credit,4729,2392990.5,2026-04-24T16:48:16.146Z
9d1399d6-68f4-4c6d-83b5-5948104d66a9,2e25c793-17ff-4230-b58d-17dfcc222464,debit,4342,2388648.5,2026-04-24T16:48:16.146Z
9d1399d6-68f4-4c6d-83b5-5948104d66a9,68e8cdc4-a89c-4489-9d80-d6345ef95f59,credit,4342,335623,2026-04-24T16:48:16.146Z
4b827c7b-5d59-4d55-9a34-84c9ea7ba319,dfffab37-7984-45e6-bfd9-bcb0617b8a82,debit,430,152996.7,2026-04-24T16:48:16.146Z
4b827c7b-5d59-4d55-9a34-84c9ea7ba319,68e8cdc4-a89c-4489-9d80-d6345ef95f59,credit,430,336053,2026-04-24T16:48:16.146Z
547a23f2-c9c3-4110-9c1e-510a014adfb2,cc817b0a-5cde-4437-9047-eb0a6c1b8735,debit,53,116759.85,2026-04-24T16:48:16.146Z
547a23f2-c9c3-4110-9c1e-510a014adfb2,dfffab37-7984-45e6-bfd9-bcb0617b8a82,credit,53,153049.7,2026-04-24T16:48:16.146Z
b68469e6-737e-4cbc-a31d-76f10f30e350,4c9659e2-39a0-491a-9392-94dfda2a7ad5,debit,339,520645.2,2026-04-24T16:48:16.146Z
b68469e6-737e-4cbc-a31d-76f10f30e350,77f216ae-66bd-4d6b-9dcf-ac7ac8c779cc,credit,339,73446,2026-04-24T16:48:16.146Z
9fdd92d1-335a-4791-bc75-44dcc5ae00a2,4f64b206-7b74-44ce-b39f-89049ebd4e3f,debit,2225,295500.5,2026-04-25T16:48:16.146Z
9fdd92d1-335a-4791-bc75-44dcc5ae00a2,8fecc2ac-282e-4044-a1dd-0ef257c60926,credit,2225,128061,2026-04-25T16:48:16.146Z
f20650e2-dc66-4309-8826-dfdf52ad1de2,4f64b206-7b74-44ce-b39f-89049ebd4e3f,debit,547,294953.5,2026-04-25T16:48:16.146Z
f20650e2-dc66-4309-8826-dfdf52ad1de2,77f216ae-66bd-4d6b-9dcf-ac7ac8c779cc,credit,547,73993,2026-04-25T16:48:16.146Z
748c96f9-4673-4eae-a3e9-675de2f7b283,2e25c793-17ff-4230-b58d-17dfcc222464,credit,4752,2393400.5,2026-04-25T16:48:16.146Z
b1d42fe8-8640-41df-a575-5565e1bffa27,2e25c793-17ff-4230-b58d-17dfcc222464,debit,55419,2337981.5,2026-04-25T16:48:16.146Z
b1d42fe8-8640-41df-a575-5565e1bffa27,78d754c3-7421-45c6-af19-62af10c7d7a7,credit,55419,1247594,2026-04-25T16:48:16.146Z
7e674f5e-c519-4fe1-bd1d-63e6513b3645,dfffab37-7984-45e6-bfd9-bcb0617b8a82,debit,168,152881.7,2026-04-25T16:48:16.146Z
7e674f5e-c519-4fe1-bd1d-63e6513b3645,99326bcd-2ed0-4319-b6a7-a9d1ac39f1b2,credit,168,77840,2026-04-25T16:48:16.146Z
e9a06d9d-9026-4cca-a321-9810172eadf2,4c9659e2-39a0-491a-9392-94dfda2a7ad5,credit,24409,545054.2,2026-04-25T16:48:16.146Z
1868ed35-1eaf-4363-b024-6eb70a3d704a,4c9659e2-39a0-491a-9392-94dfda2a7ad5,debit,473,544581.2,2026-04-25T16:48:16.146Z
1868ed35-1eaf-4363-b024-6eb70a3d704a,99326bcd-2ed0-4319-b6a7-a9d1ac39f1b2,credit,473,78313,2026-04-25T16:48:16.146Z
50173732-095e-4020-ba3a-97173c4cc52d,2e25c793-17ff-4230-b58d-17dfcc222464,credit,6087,2344068.5,2026-04-26T16:48:16.146Z
7e5aa9fb-7d82-4187-aed7-f491fb548ae7,2e25c793-17ff-4230-b58d-17dfcc222464,credit,5102,2349170.5,2026-04-26T16:48:16.146Z
bc7d6bf1-5eb1-4487-b4a3-ec2835c07c19,dfffab37-7984-45e6-bfd9-bcb0617b8a82,credit,5000,157881.7,2026-04-26T16:48:16.146Z
1722c5ca-1407-4ea6-8f8c-da2d334bffd1,cc817b0a-5cde-4437-9047-eb0a6c1b8735,credit,4000,120759.85,2026-04-26T16:48:16.146Z
f0ac505b-24af-4b1f-bef6-a8cf48f02bd3,4c9659e2-39a0-491a-9392-94dfda2a7ad5,debit,216,544365.2,2026-04-26T16:48:16.146Z
f0ac505b-24af-4b1f-bef6-a8cf48f02bd3,77f216ae-66bd-4d6b-9dcf-ac7ac8c779cc,credit,216,74209,2026-04-26T16:48:16.146Z
a5bb6ce8-596c-42dd-8893-f08e42644352,4c9659e2-39a0-491a-9392-94dfda2a7ad5,credit,10.8,544376,2026-04-26T16:48:16.146Z
d8070ad1-1b10-44ee-b311-abdbdd608dd4,4f64b206-7b74-44ce-b39f-89049ebd4e3f,debit,649,294304.5,2026-04-27T16:48:16.146Z
d8070ad1-1b10-44ee-b311-abdbdd608dd4,99326bcd-2ed0-4319-b6a7-a9d1ac39f1b2,credit,649,78962,2026-04-27T16:48:16.146Z
a1a477e8-0b12-4e43-a170-849ee5449482,2e25c793-17ff-4230-b58d-17dfcc222464,credit,4804,2353974.5,2026-04-27T16:48:16.146Z
fa05f4a9-4f6c-4c5a-9851-ec6617238e2f,2e25c793-17ff-4230-b58d-17dfcc222464,credit,16116,2370090.5,2026-04-27T16:48:16.146Z
c0f6822a-1f14-4bac-ba78-5341c1a0e9f9,dfffab37-7984-45e6-bfd9-bcb0617b8a82,debit,868,157013.7,2026-04-27T16:48:16.146Z
c0f6822a-1f14-4bac-ba78-5341c1a0e9f9,68e8cdc4-a89c-4489-9d80-d6345ef95f59,credit,868,336921,2026-04-27T16:48:16.146Z
f553f08d-4113-4ac4-b3bc-05ddf0db514d,cc817b0a-5cde-4437-9047-eb0a6c1b8735,debit,221,120538.85,2026-04-27T16:48:16.146Z
f553f08d-4113-4ac4-b3bc-05ddf0db514d,dfffab37-7984-45e6-bfd9-bcb0617b8a82,credit,221,157234.7,2026-04-27T16:48:16.146Z
03d67366-26e0-4533-a068-9758726c5114,4c9659e2-39a0-491a-9392-94dfda2a7ad5,debit,251,544125,2026-04-27T16:48:16.146Z
03d67366-26e0-4533-a068-9758726c5114,8c25909a-227f-4d95-86a1-9033ec6e34a4,credit,251,65823,2026-04-27T16:48:16.146Z
a20009d4-f025-4c79-80b7-d1a71adc9be9,2e25c793-17ff-4230-b58d-17dfcc222464,credit,7713,2377803.5,2026-04-28T16:48:16.146Z
9866dbfa-8399-4d53-9a3d-d55148eadce9,2e25c793-17ff-4230-b58d-17dfcc222464,credit,13755,2391558.5,2026-04-28T16:48:16.146Z
1d069852-d757-4e5b-895a-6017b814f461,2e25c793-17ff-4230-b58d-17dfcc222464,debit,825,2390733.5,2026-04-28T16:48:16.146Z
1d069852-d757-4e5b-895a-6017b814f461,77f216ae-66bd-4d6b-9dcf-ac7ac8c779cc,credit,825,75034,2026-04-28T16:48:16.146Z
397d6d9e-7c9c-4a26-ae61-c73e21964871,d53314e5-d645-464a-99cf-45ed1a35e9fd,debit,2481,750347.0499999999,2026-04-28T16:48:16.146Z
397d6d9e-7c9c-4a26-ae61-c73e21964871,68e8cdc4-a89c-4489-9d80-d6345ef95f59,credit,2481,339402,2026-04-28T16:48:16.146Z
bcb5fd4d-6e9f-4318-9d9b-5517c349e1ef,dfffab37-7984-45e6-bfd9-bcb0617b8a82,debit,132,157102.7,2026-04-28T16:48:16.146Z
bcb5fd4d-6e9f-4318-9d9b-5517c349e1ef,77f216ae-66bd-4d6b-9dcf-ac7ac8c779cc,credit,132,75166,2026-04-28T16:48:16.146Z
f8af947d-b4c5-4893-be28-82d054da88b1,2e25c793-17ff-4230-b58d-17dfcc222464,credit,7028,2397761.5,2026-04-29T16:48:16.146Z
81564410-a585-4e86-ba80-7991e8cd78f7,2e25c793-17ff-4230-b58d-17dfcc222464,credit,4905,2402666.5,2026-04-29T16:48:16.146Z
bd4184af-1d33-4a85-ba68-bf1c8c233b91,2e25c793-17ff-4230-b58d-17dfcc222464,credit,6579,2409245.5,2026-04-29T16:48:16.146Z
38412742-ccc6-4d93-92d3-88a46db34198,cc817b0a-5cde-4437-9047-eb0a6c1b8735,debit,413,120125.85,2026-04-29T16:48:16.146Z
38412742-ccc6-4d93-92d3-88a46db34198,99326bcd-2ed0-4319-b6a7-a9d1ac39f1b2,credit,413,79375,2026-04-29T16:48:16.146Z
c6fbed46-163b-414e-a164-870f87d02a68,4c9659e2-39a0-491a-9392-94dfda2a7ad5,debit,205,543920,2026-04-29T16:48:16.146Z
c6fbed46-163b-414e-a164-870f87d02a68,8c25909a-227f-4d95-86a1-9033ec6e34a4,credit,205,66028,2026-04-29T16:48:16.146Z
422a02bf-3eda-4af3-a833-750dddb6be24,2e25c793-17ff-4230-b58d-17dfcc222464,debit,7238,2402007.5,2026-04-30T16:48:16.146Z
422a02bf-3eda-4af3-a833-750dddb6be24,68e8cdc4-a89c-4489-9d80-d6345ef95f59,credit,7238,346640,2026-04-30T16:48:16.146Z
449c32f2-7294-40e5-8272-fb7e031d18a1,4c9659e2-39a0-491a-9392-94dfda2a7ad5,debit,955,542965,2026-04-30T16:48:16.146Z
449c32f2-7294-40e5-8272-fb7e031d18a1,8fecc2ac-282e-4044-a1dd-0ef257c60926,credit,955,129016,2026-04-30T16:48:16.146Z
236964ad-b560-4cb8-aaa5-b5710a5e696b,4f64b206-7b74-44ce-b39f-89049ebd4e3f,credit,85000,379304.5,2026-05-01T16:48:16.146Z
9b6281f8-08cf-4a22-b783-24b0d84fe811,4f64b206-7b74-44ce-b39f-89049ebd4e3f,debit,510,378794.5,2026-05-01T16:48:16.146Z
9b6281f8-08cf-4a22-b783-24b0d84fe811,99326bcd-2ed0-4319-b6a7-a9d1ac39f1b2,credit,510,79885,2026-05-01T16:48:16.146Z
b7a92dc1-1bf7-4343-90de-686c30303cb7,2e25c793-17ff-4230-b58d-17dfcc222464,credit,17426,2419433.5,2026-05-01T16:48:16.146Z
eb6fbc24-69fa-4364-aab3-6947e6a29160,d53314e5-d645-464a-99cf-45ed1a35e9fd,credit,120000,870347.0499999999,2026-05-01T16:48:16.146Z
c1b436be-7154-4315-afea-709da68e0bf6,d53314e5-d645-464a-99cf-45ed1a35e9fd,debit,631,869716.0499999999,2026-05-01T16:48:16.146Z
c1b436be-7154-4315-afea-709da68e0bf6,99326bcd-2ed0-4319-b6a7-a9d1ac39f1b2,credit,631,80516,2026-05-01T16:48:16.146Z
9a7b40d6-6bfd-4f50-841e-a7b22698ee89,4c9659e2-39a0-491a-9392-94dfda2a7ad5,debit,433,542532,2026-05-01T16:48:16.146Z
9a7b40d6-6bfd-4f50-841e-a7b22698ee89,8c25909a-227f-4d95-86a1-9033ec6e34a4,credit,433,66461,2026-05-01T16:48:16.146Z
0f3a94fd-0391-46a1-98c2-e76781bab01b,4f64b206-7b74-44ce-b39f-89049ebd4e3f,debit,1977,376817.5,2026-05-02T16:48:16.146Z
0f3a94fd-0391-46a1-98c2-e76781bab01b,8fecc2ac-282e-4044-a1dd-0ef257c60926,credit,1977,130993,2026-05-02T16:48:16.146Z
fe86ef3b-2b5a-4664-a08d-6c2904e2ae1d,2e25c793-17ff-4230-b58d-17dfcc222464,credit,12308,2431741.5,2026-05-02T16:48:16.146Z
d906e643-97c9-49e8-8e86-d9925dcebad4,2e25c793-17ff-4230-b58d-17dfcc222464,debit,35000,2396741.5,2026-05-02T16:48:16.146Z
d906e643-97c9-49e8-8e86-d9925dcebad4,396aaa88-f522-47e1-a4dd-f2107cc69e7a,credit,35000,540000,2026-05-02T16:48:16.146Z
a5369cc6-6bd8-426a-a7fc-1d1a676b0b25,4f64b206-7b74-44ce-b39f-89049ebd4e3f,debit,25000,351817.5,2026-05-03T16:48:16.146Z
a5369cc6-6bd8-426a-a7fc-1d1a676b0b25,396aaa88-f522-47e1-a4dd-f2107cc69e7a,credit,25000,565000,2026-05-03T16:48:16.146Z
f261718a-c62b-4d31-a087-4c2099c8bb32,dfffab37-7984-45e6-bfd9-bcb0617b8a82,credit,5000,162102.7,2026-05-03T16:48:16.146Z
d4866833-d1c6-4c11-b4b9-4b6623f6ebdf,cc817b0a-5cde-4437-9047-eb0a6c1b8735,credit,4000,124125.85,2026-05-03T16:48:16.146Z
7c9390dd-ab5d-4174-a0ed-a7d72019fadc,4c9659e2-39a0-491a-9392-94dfda2a7ad5,debit,379,542153,2026-05-03T16:48:16.146Z
7c9390dd-ab5d-4174-a0ed-a7d72019fadc,99326bcd-2ed0-4319-b6a7-a9d1ac39f1b2,credit,379,80895,2026-05-03T16:48:16.146Z
98ec8c52-dcff-4f97-bda1-d959c2775129,4f64b206-7b74-44ce-b39f-89049ebd4e3f,debit,379,351438.5,2026-05-04T16:48:16.146Z
98ec8c52-dcff-4f97-bda1-d959c2775129,99326bcd-2ed0-4319-b6a7-a9d1ac39f1b2,credit,379,81274,2026-05-04T16:48:16.146Z
24b7e4a1-ec1c-475e-9780-a3e365f23a56,2e25c793-17ff-4230-b58d-17dfcc222464,credit,14675,2411416.5,2026-05-04T16:48:16.146Z
6d72e0c3-18b7-4f4e-af8b-821e11ebca07,cc817b0a-5cde-4437-9047-eb0a6c1b8735,debit,317,123808.85,2026-05-04T16:48:16.146Z
6d72e0c3-18b7-4f4e-af8b-821e11ebca07,68e8cdc4-a89c-4489-9d80-d6345ef95f59,credit,317,346957,2026-05-04T16:48:16.146Z
4aa53a53-0865-423f-b0c7-9ab4986d1ad0,4c9659e2-39a0-491a-9392-94dfda2a7ad5,debit,1676,540477,2026-05-04T16:48:16.146Z
4aa53a53-0865-423f-b0c7-9ab4986d1ad0,8fecc2ac-282e-4044-a1dd-0ef257c60926,credit,1676,132669,2026-05-04T16:48:16.146Z
0799c720-29dd-4bd3-8e45-fcc2febd624b,4f64b206-7b74-44ce-b39f-89049ebd4e3f,debit,4601,346837.5,2026-05-05T16:48:16.146Z
0799c720-29dd-4bd3-8e45-fcc2febd624b,0e5d4bb0-d613-443b-beef-163eb4214b67,credit,4601,35668,2026-05-05T16:48:16.146Z
1f16c7fb-7292-4e74-8f89-7c90fa597901,2e25c793-17ff-4230-b58d-17dfcc222464,credit,6118,2417534.5,2026-05-05T16:48:16.146Z
fe8a2e49-43d9-4c21-9ed5-b5e046fcd180,2e25c793-17ff-4230-b58d-17dfcc222464,debit,41563,2375971.5,2026-05-05T16:48:16.146Z
fe8a2e49-43d9-4c21-9ed5-b5e046fcd180,78d754c3-7421-45c6-af19-62af10c7d7a7,credit,41563,1289157,2026-05-05T16:48:16.146Z
c0dd2d93-0e53-4b92-b2b2-c2a7df989725,2e25c793-17ff-4230-b58d-17dfcc222464,debit,6354,2369617.5,2026-05-05T16:48:16.146Z
c0dd2d93-0e53-4b92-b2b2-c2a7df989725,68e8cdc4-a89c-4489-9d80-d6345ef95f59,credit,6354,353311,2026-05-05T16:48:16.146Z
8da76f69-35d3-478a-aa4d-8460f31ada82,cc817b0a-5cde-4437-9047-eb0a6c1b8735,debit,282,123526.85,2026-05-05T16:48:16.146Z
8da76f69-35d3-478a-aa4d-8460f31ada82,99326bcd-2ed0-4319-b6a7-a9d1ac39f1b2,credit,282,81556,2026-05-05T16:48:16.146Z
dd4e90a6-8a80-43d0-8be6-48bb0fb57fd8,4c9659e2-39a0-491a-9392-94dfda2a7ad5,debit,1190,539287,2026-05-05T16:48:16.146Z
dd4e90a6-8a80-43d0-8be6-48bb0fb57fd8,8fecc2ac-282e-4044-a1dd-0ef257c60926,credit,1190,133859,2026-05-05T16:48:16.146Z
9a0df933-0b08-4f31-8f36-47340168d235,dfffab37-7984-45e6-bfd9-bcb0617b8a82,debit,127,161975.7,2026-05-06T16:48:16.146Z
9a0df933-0b08-4f31-8f36-47340168d235,77f216ae-66bd-4d6b-9dcf-ac7ac8c779cc,credit,127,75293,2026-05-06T16:48:16.146Z
18b30146-3828-4510-b40c-f303c10bf81a,4f64b206-7b74-44ce-b39f-89049ebd4e3f,debit,1067,345770.5,2026-05-07T16:48:16.146Z
18b30146-3828-4510-b40c-f303c10bf81a,68e8cdc4-a89c-4489-9d80-d6345ef95f59,credit,1067,354378,2026-05-07T16:48:16.146Z
9368d3dc-85f4-4e8d-a849-7bd9e5fdfd4a,2e25c793-17ff-4230-b58d-17dfcc222464,credit,14160,2383777.5,2026-05-07T16:48:16.146Z
1c74f6f1-bc8b-40f0-8e1e-12ab9a82952f,2e25c793-17ff-4230-b58d-17dfcc222464,credit,7357,2391134.5,2026-05-07T16:48:16.146Z
0207c7d2-92bc-4897-aa2c-fa50e5f16a67,2e25c793-17ff-4230-b58d-17dfcc222464,debit,18000,2373134.5,2026-05-07T16:48:16.146Z
0207c7d2-92bc-4897-aa2c-fa50e5f16a67,655846c2-aeb1-41c7-b562-4937ad6f5c8b,credit,18000,162000,2026-05-07T16:48:16.146Z
c97c2809-a83d-4a25-803b-4de2a6cec7bd,cc817b0a-5cde-4437-9047-eb0a6c1b8735,debit,380,123146.85,2026-05-07T16:48:16.146Z
c97c2809-a83d-4a25-803b-4de2a6cec7bd,99326bcd-2ed0-4319-b6a7-a9d1ac39f1b2,credit,380,81936,2026-05-07T16:48:16.146Z
84bac48c-f895-46f1-a8da-5d4fb01f4f18,2e25c793-17ff-4230-b58d-17dfcc222464,credit,16265,2389399.5,2026-05-08T16:48:16.146Z
f3cad743-b270-4d99-999b-3f96f434f376,2e25c793-17ff-4230-b58d-17dfcc222464,credit,4773,2394172.5,2026-05-08T16:48:16.146Z
d120d6a3-3ef2-4c53-b3b6-71b6fd3dba76,2e25c793-17ff-4230-b58d-17dfcc222464,credit,11762,2405934.5,2026-05-08T16:48:16.146Z
223275f5-0164-4539-8b48-613a555f45fb,2e25c793-17ff-4230-b58d-17dfcc222464,debit,451,2405483.5,2026-05-08T16:48:16.146Z
223275f5-0164-4539-8b48-613a555f45fb,77f216ae-66bd-4d6b-9dcf-ac7ac8c779cc,credit,451,75744,2026-05-08T16:48:16.146Z
fa401add-34e8-47d7-b730-c780e79d37f0,4c9659e2-39a0-491a-9392-94dfda2a7ad5,credit,21150,560437,2026-05-08T16:48:16.146Z
95c405bc-5e1d-48cd-b644-4636133117ba,4c9659e2-39a0-491a-9392-94dfda2a7ad5,debit,1170,559267,2026-05-08T16:48:16.146Z
95c405bc-5e1d-48cd-b644-4636133117ba,8fecc2ac-282e-4044-a1dd-0ef257c60926,credit,1170,135029,2026-05-08T16:48:16.146Z
6b4ce5af-ead8-4336-9174-84816545f4ac,4f64b206-7b74-44ce-b39f-89049ebd4e3f,debit,2767,343003.5,2026-05-09T16:48:16.146Z
6b4ce5af-ead8-4336-9174-84816545f4ac,8fecc2ac-282e-4044-a1dd-0ef257c60926,credit,2767,137796,2026-05-09T16:48:16.146Z
cd3681f7-c862-4eaa-a8fa-2c25acfc880b,4f64b206-7b74-44ce-b39f-89049ebd4e3f,debit,720,342283.5,2026-05-09T16:48:16.146Z
cd3681f7-c862-4eaa-a8fa-2c25acfc880b,99326bcd-2ed0-4319-b6a7-a9d1ac39f1b2,credit,720,82656,2026-05-09T16:48:16.146Z
29744fc2-431a-4fbf-9752-22e2e1c87f45,2e25c793-17ff-4230-b58d-17dfcc222464,credit,12573,2418056.5,2026-05-09T16:48:16.146Z
fe28226e-3933-40ff-ba3b-aaf4c494464c,d53314e5-d645-464a-99cf-45ed1a35e9fd,debit,10755,858961.0499999999,2026-05-09T16:48:16.146Z
fe28226e-3933-40ff-ba3b-aaf4c494464c,4778cfd7-bd59-44d1-88ad-ffa43d403800,credit,10755,90617,2026-05-09T16:48:16.146Z
c1030200-0ba1-4b8c-8019-bc47d8c144e1,dfffab37-7984-45e6-bfd9-bcb0617b8a82,debit,114,161861.7,2026-05-09T16:48:16.146Z
c1030200-0ba1-4b8c-8019-bc47d8c144e1,77f216ae-66bd-4d6b-9dcf-ac7ac8c779cc,credit,114,75858,2026-05-09T16:48:16.146Z
7dddb3c1-0b1a-4cad-9113-ef2023aeee00,cc817b0a-5cde-4437-9047-eb0a6c1b8735,debit,295,122851.85,2026-05-09T16:48:16.146Z
7dddb3c1-0b1a-4cad-9113-ef2023aeee00,77f216ae-66bd-4d6b-9dcf-ac7ac8c779cc,credit,295,76153,2026-05-09T16:48:16.146Z
4db56590-9d1d-48fa-a8ee-86e57707dff4,4c9659e2-39a0-491a-9392-94dfda2a7ad5,debit,255,559012,2026-05-09T16:48:16.146Z
4db56590-9d1d-48fa-a8ee-86e57707dff4,8c25909a-227f-4d95-86a1-9033ec6e34a4,credit,255,66716,2026-05-09T16:48:16.146Z
c9ff36ae-8ba5-4734-a3ae-ada92391dbbc,4f64b206-7b74-44ce-b39f-89049ebd4e3f,debit,199,342084.5,2026-05-10T16:48:16.146Z
c9ff36ae-8ba5-4734-a3ae-ada92391dbbc,bcf7c323-ee7b-4313-95c0-68f74cfeb2bb,credit,199,1990,2026-05-10T16:48:16.146Z
65e83bfb-15dd-4f81-9150-317c270bdc59,4f64b206-7b74-44ce-b39f-89049ebd4e3f,debit,699,341385.5,2026-05-10T16:48:16.146Z
65e83bfb-15dd-4f81-9150-317c270bdc59,8f5bd58f-2868-4aff-b5da-41454b5bb662,credit,699,7289,2026-05-10T16:48:16.146Z
798a7a0f-4a7f-489b-893d-89609db9e624,2e25c793-17ff-4230-b58d-17dfcc222464,credit,16078,2434134.5,2026-05-10T16:48:16.146Z
c8896cf5-1476-4e3b-a77e-13a0c4e0b4bf,2e25c793-17ff-4230-b58d-17dfcc222464,credit,9255,2443389.5,2026-05-10T16:48:16.146Z
f3fa9f1a-2815-45b9-b5f4-f76fa209ed12,d53314e5-d645-464a-99cf-45ed1a35e9fd,debit,1415,857546.0499999999,2026-05-10T16:48:16.146Z
f3fa9f1a-2815-45b9-b5f4-f76fa209ed12,8c25909a-227f-4d95-86a1-9033ec6e34a4,credit,1415,68131,2026-05-10T16:48:16.146Z
6c59a973-0920-4da6-a4fb-728d8ffd1c73,dfffab37-7984-45e6-bfd9-bcb0617b8a82,credit,5000,166861.7,2026-05-10T16:48:16.146Z
75764e4c-0121-44cd-abd5-4f8e935b732c,dfffab37-7984-45e6-bfd9-bcb0617b8a82,debit,283,166578.7,2026-05-10T16:48:16.146Z
75764e4c-0121-44cd-abd5-4f8e935b732c,77f216ae-66bd-4d6b-9dcf-ac7ac8c779cc,credit,283,76436,2026-05-10T16:48:16.146Z
f1cc8ea6-a9b5-4440-b9df-726a0844b8be,cc817b0a-5cde-4437-9047-eb0a6c1b8735,credit,4000,126851.85,2026-05-10T16:48:16.146Z
6471075d-b3ae-4960-9132-243236e2d82e,cc817b0a-5cde-4437-9047-eb0a6c1b8735,debit,301,126550.85,2026-05-10T16:48:16.146Z
6471075d-b3ae-4960-9132-243236e2d82e,99326bcd-2ed0-4319-b6a7-a9d1ac39f1b2,credit,301,82957,2026-05-10T16:48:16.146Z
6bd1044c-ac57-455f-9bee-25bc8c0fe27e,4c9659e2-39a0-491a-9392-94dfda2a7ad5,debit,431,558581,2026-05-10T16:48:16.146Z
6bd1044c-ac57-455f-9bee-25bc8c0fe27e,99326bcd-2ed0-4319-b6a7-a9d1ac39f1b2,credit,431,83388,2026-05-10T16:48:16.146Z
1ef7d4ff-df41-40d5-a276-c8af5573110c,4f64b206-7b74-44ce-b39f-89049ebd4e3f,debit,669,340716.5,2026-05-11T16:48:16.146Z
1ef7d4ff-df41-40d5-a276-c8af5573110c,99326bcd-2ed0-4319-b6a7-a9d1ac39f1b2,credit,669,84057,2026-05-11T16:48:16.146Z
768fffec-2e6c-4ce2-a81e-ad7819722cd0,2e25c793-17ff-4230-b58d-17dfcc222464,credit,8160,2451549.5,2026-05-11T16:48:16.146Z
5c251890-00d1-4056-ba3d-fa2472f490ab,cc817b0a-5cde-4437-9047-eb0a6c1b8735,debit,274,126276.85,2026-05-11T16:48:16.146Z
5c251890-00d1-4056-ba3d-fa2472f490ab,99326bcd-2ed0-4319-b6a7-a9d1ac39f1b2,credit,274,84331,2026-05-11T16:48:16.146Z
4628b2b6-ae54-44c1-94b8-11ca5e01348c,4c9659e2-39a0-491a-9392-94dfda2a7ad5,credit,20217,578798,2026-05-11T16:48:16.146Z
c50f05e9-5bb2-40ab-9c13-22c48c36377a,2e25c793-17ff-4230-b58d-17dfcc222464,credit,11394,2462943.5,2026-05-12T16:48:16.146Z
2f5f97d0-8fa6-4aa0-a4e8-ee1597a214b6,d53314e5-d645-464a-99cf-45ed1a35e9fd,debit,1196,856350.0499999999,2026-05-12T16:48:16.146Z
2f5f97d0-8fa6-4aa0-a4e8-ee1597a214b6,77f216ae-66bd-4d6b-9dcf-ac7ac8c779cc,credit,1196,77632,2026-05-12T16:48:16.146Z
30062a3c-1e7a-44e9-80df-f32717e31b79,4c9659e2-39a0-491a-9392-94dfda2a7ad5,debit,8000,570798,2026-05-12T16:48:16.146Z
30062a3c-1e7a-44e9-80df-f32717e31b79,a56c78df-bd12-4093-8857-edaaef0c6ac6,credit,8000,72000,2026-05-12T16:48:16.146Z
40b5d3b7-85f4-4377-8ab0-154584ddcb6f,4f64b206-7b74-44ce-b39f-89049ebd4e3f,debit,201,340515.5,2026-05-13T16:48:16.146Z
40b5d3b7-85f4-4377-8ab0-154584ddcb6f,77f216ae-66bd-4d6b-9dcf-ac7ac8c779cc,credit,201,77833,2026-05-13T16:48:16.146Z
c2694492-188a-4182-854c-08693453711a,2e25c793-17ff-4230-b58d-17dfcc222464,credit,12081,2475024.5,2026-05-13T16:48:16.146Z
0a92ca6f-c168-4a4f-906b-01b967a3d327,2e25c793-17ff-4230-b58d-17dfcc222464,credit,4667,2479691.5,2026-05-13T16:48:16.146Z
19bf3fa6-ee18-4580-9288-2f74353f7f8b,d53314e5-d645-464a-99cf-45ed1a35e9fd,debit,1010,855340.0499999999,2026-05-13T16:48:16.146Z
19bf3fa6-ee18-4580-9288-2f74353f7f8b,8c25909a-227f-4d95-86a1-9033ec6e34a4,credit,1010,69141,2026-05-13T16:48:16.146Z
ec61b0e8-37db-4a98-b4d8-d37e74ff3932,dfffab37-7984-45e6-bfd9-bcb0617b8a82,debit,229,166349.7,2026-05-13T16:48:16.146Z
ec61b0e8-37db-4a98-b4d8-d37e74ff3932,cc817b0a-5cde-4437-9047-eb0a6c1b8735,credit,229,126505.85,2026-05-13T16:48:16.146Z
c821cdf5-ee3a-4fc6-a5b4-2614c7680fa5,cc817b0a-5cde-4437-9047-eb0a6c1b8735,debit,156,126349.85,2026-05-13T16:48:16.146Z
c821cdf5-ee3a-4fc6-a5b4-2614c7680fa5,77f216ae-66bd-4d6b-9dcf-ac7ac8c779cc,credit,156,77989,2026-05-13T16:48:16.146Z
347f59d1-bea9-487e-b81a-42a815cf036e,4f64b206-7b74-44ce-b39f-89049ebd4e3f,debit,545,339970.5,2026-05-14T16:48:16.146Z
347f59d1-bea9-487e-b81a-42a815cf036e,77f216ae-66bd-4d6b-9dcf-ac7ac8c779cc,credit,545,78534,2026-05-14T16:48:16.146Z
298358d7-37f8-47ef-b6aa-4a0147f8e67e,d53314e5-d645-464a-99cf-45ed1a35e9fd,debit,419,854921.0499999999,2026-05-14T16:48:16.146Z
298358d7-37f8-47ef-b6aa-4a0147f8e67e,8c25909a-227f-4d95-86a1-9033ec6e34a4,credit,419,69560,2026-05-14T16:48:16.146Z
3e294be4-2d7f-40db-8120-d13d33b7a4c3,dfffab37-7984-45e6-bfd9-bcb0617b8a82,debit,86,166263.7,2026-05-14T16:48:16.146Z
3e294be4-2d7f-40db-8120-d13d33b7a4c3,cc817b0a-5cde-4437-9047-eb0a6c1b8735,credit,86,126435.85,2026-05-14T16:48:16.146Z
ff0f184d-4bf7-4849-a8fd-da33c4841b9e,cc817b0a-5cde-4437-9047-eb0a6c1b8735,debit,151,126284.85,2026-05-14T16:48:16.146Z
ff0f184d-4bf7-4849-a8fd-da33c4841b9e,99326bcd-2ed0-4319-b6a7-a9d1ac39f1b2,credit,151,84482,2026-05-14T16:48:16.146Z
d7c7bb5b-3c1c-4735-a077-c81c28381cc6,2e25c793-17ff-4230-b58d-17dfcc222464,credit,5426,2485117.5,2026-05-15T16:48:16.146Z
187fbd2c-ef24-40aa-acc6-3dac11427459,2e25c793-17ff-4230-b58d-17dfcc222464,credit,7383,2492500.5,2026-05-15T16:48:16.146Z
8c102db6-014c-4c0b-8e4f-5058bae0ea5d,2e25c793-17ff-4230-b58d-17dfcc222464,debit,46966,2445534.5,2026-05-15T16:48:16.146Z
8c102db6-014c-4c0b-8e4f-5058bae0ea5d,78d754c3-7421-45c6-af19-62af10c7d7a7,credit,46966,1336123,2026-05-15T16:48:16.146Z
71329c19-fc16-4a5f-ad20-05f7bdfa24bf,2e25c793-17ff-4230-b58d-17dfcc222464,debit,254,2445280.5,2026-05-15T16:48:16.146Z
71329c19-fc16-4a5f-ad20-05f7bdfa24bf,8c25909a-227f-4d95-86a1-9033ec6e34a4,credit,254,69814,2026-05-15T16:48:16.146Z
a317304b-1490-4fda-9f67-a18cba682218,d53314e5-d645-464a-99cf-45ed1a35e9fd,debit,1312,853609.0499999999,2026-05-15T16:48:16.146Z
a317304b-1490-4fda-9f67-a18cba682218,8c25909a-227f-4d95-86a1-9033ec6e34a4,credit,1312,71126,2026-05-15T16:48:16.146Z
a332921b-63c9-4988-896e-d39af7d073af,4c9659e2-39a0-491a-9392-94dfda2a7ad5,debit,2343,568455,2026-05-15T16:48:16.146Z
a332921b-63c9-4988-896e-d39af7d073af,68e8cdc4-a89c-4489-9d80-d6345ef95f59,credit,2343,356721,2026-05-15T16:48:16.146Z
8a2f79a4-3b98-4d3c-9ea3-417d894e7d9c,4c9659e2-39a0-491a-9392-94dfda2a7ad5,debit,249,568206,2026-05-15T16:48:16.146Z
8a2f79a4-3b98-4d3c-9ea3-417d894e7d9c,77f216ae-66bd-4d6b-9dcf-ac7ac8c779cc,credit,249,78783,2026-05-15T16:48:16.146Z
98cbb019-f04d-41bc-8e4b-e4e0ecebf755,4f64b206-7b74-44ce-b39f-89049ebd4e3f,debit,3279,336691.5,2026-05-16T16:48:16.146Z
98cbb019-f04d-41bc-8e4b-e4e0ecebf755,8fecc2ac-282e-4044-a1dd-0ef257c60926,credit,3279,141075,2026-05-16T16:48:16.146Z
d48c145d-c1b4-4a01-9aa7-405bfa280b7b,4f64b206-7b74-44ce-b39f-89049ebd4e3f,debit,442,336249.5,2026-05-16T16:48:16.146Z
d48c145d-c1b4-4a01-9aa7-405bfa280b7b,99326bcd-2ed0-4319-b6a7-a9d1ac39f1b2,credit,442,84924,2026-05-16T16:48:16.146Z
0ba10b90-129d-451b-84e8-297488c53f94,cc817b0a-5cde-4437-9047-eb0a6c1b8735,debit,228,126056.85,2026-05-16T16:48:16.146Z
0ba10b90-129d-451b-84e8-297488c53f94,dfffab37-7984-45e6-bfd9-bcb0617b8a82,credit,228,166491.7,2026-05-16T16:48:16.146Z
5acaaefc-6cda-4cd8-9992-8f8214f583c7,2e25c793-17ff-4230-b58d-17dfcc222464,credit,12100,2457380.5,2026-05-17T16:48:16.146Z
cc5f8381-b2cf-4ead-9766-00df92ec9601,2e25c793-17ff-4230-b58d-17dfcc222464,debit,477,2456903.5,2026-05-17T16:48:16.146Z
cc5f8381-b2cf-4ead-9766-00df92ec9601,8c25909a-227f-4d95-86a1-9033ec6e34a4,credit,477,71603,2026-05-17T16:48:16.146Z
35894f1d-8e76-4670-a1ab-070a5844877f,dfffab37-7984-45e6-bfd9-bcb0617b8a82,credit,5000,171491.7,2026-05-17T16:48:16.146Z
58ae76b7-bbe3-404d-8960-731cc1255fae,dfffab37-7984-45e6-bfd9-bcb0617b8a82,debit,315,171176.7,2026-05-17T16:48:16.146Z
58ae76b7-bbe3-404d-8960-731cc1255fae,99326bcd-2ed0-4319-b6a7-a9d1ac39f1b2,credit,315,85239,2026-05-17T16:48:16.146Z
96a54887-6f0a-4b3c-82d4-cd5af153c4eb,cc817b0a-5cde-4437-9047-eb0a6c1b8735,credit,4000,130056.85,2026-05-17T16:48:16.146Z
642583e0-4adf-483e-a1b7-a9c9dd4409f3,4c9659e2-39a0-491a-9392-94dfda2a7ad5,debit,422,567784,2026-05-17T16:48:16.146Z
642583e0-4adf-483e-a1b7-a9c9dd4409f3,8c25909a-227f-4d95-86a1-9033ec6e34a4,credit,422,72025,2026-05-17T16:48:16.146Z
35bd5ed9-11d0-4628-80bf-54b22704f326,4f64b206-7b74-44ce-b39f-89049ebd4e3f,debit,307,335942.5,2026-05-18T16:48:16.146Z
35bd5ed9-11d0-4628-80bf-54b22704f326,77f216ae-66bd-4d6b-9dcf-ac7ac8c779cc,credit,307,79090,2026-05-18T16:48:16.146Z
dc93a4e0-5700-4d26-8b6c-f38981edc1cc,2e25c793-17ff-4230-b58d-17dfcc222464,credit,14356,2471259.5,2026-05-18T16:48:16.146Z
8fe17af1-ed95-44c1-8b0c-f4f1403655cf,2e25c793-17ff-4230-b58d-17dfcc222464,credit,11728,2482987.5,2026-05-18T16:48:16.146Z
e57f00bf-9dd8-4831-b93b-ad68f1a3d2c4,2e25c793-17ff-4230-b58d-17dfcc222464,credit,15781,2498768.5,2026-05-18T16:48:16.146Z
a3d00f7a-c01a-4fa1-a96b-32def7751881,2e25c793-17ff-4230-b58d-17dfcc222464,debit,4496,2494272.5,2026-05-18T16:48:16.146Z
a3d00f7a-c01a-4fa1-a96b-32def7751881,68e8cdc4-a89c-4489-9d80-d6345ef95f59,credit,4496,361217,2026-05-18T16:48:16.146Z
ea139f64-67a3-4b5a-84d2-2d221a0b50a6,d53314e5-d645-464a-99cf-45ed1a35e9fd,debit,572,853037.0499999999,2026-05-18T16:48:16.146Z
ea139f64-67a3-4b5a-84d2-2d221a0b50a6,99326bcd-2ed0-4319-b6a7-a9d1ac39f1b2,credit,572,85811,2026-05-18T16:48:16.146Z
aa05fd4c-da73-4998-99b3-bd694d6dfc2a,dfffab37-7984-45e6-bfd9-bcb0617b8a82,debit,203,170973.7,2026-05-18T16:48:16.146Z
aa05fd4c-da73-4998-99b3-bd694d6dfc2a,cc817b0a-5cde-4437-9047-eb0a6c1b8735,credit,203,130259.85,2026-05-18T16:48:16.146Z
d71179f9-7182-4921-bc25-7bee0b7262f7,cc817b0a-5cde-4437-9047-eb0a6c1b8735,debit,97,130162.85,2026-05-18T16:48:16.146Z
d71179f9-7182-4921-bc25-7bee0b7262f7,dfffab37-7984-45e6-bfd9-bcb0617b8a82,credit,97,171070.7,2026-05-18T16:48:16.146Z
f747c437-7400-4507-9047-60679de440f1,4f64b206-7b74-44ce-b39f-89049ebd4e3f,debit,308,335634.5,2026-05-19T16:48:16.146Z
f747c437-7400-4507-9047-60679de440f1,99326bcd-2ed0-4319-b6a7-a9d1ac39f1b2,credit,308,86119,2026-05-19T16:48:16.146Z
56c43ff8-e76a-496b-bac6-10ab4bb8a5de,2e25c793-17ff-4230-b58d-17dfcc222464,credit,13413,2507685.5,2026-05-19T16:48:16.146Z
c93cabc5-8340-4148-a1ae-3159a68c2ce2,2e25c793-17ff-4230-b58d-17dfcc222464,credit,14819,2522504.5,2026-05-19T16:48:16.146Z
c187f0c3-1817-4ddd-9312-b14c32a569df,2e25c793-17ff-4230-b58d-17dfcc222464,credit,10691,2533195.5,2026-05-19T16:48:16.146Z
8a782b78-e767-4eb7-a411-9a6afde10c42,dfffab37-7984-45e6-bfd9-bcb0617b8a82,debit,186,170884.7,2026-05-19T16:48:16.146Z
8a782b78-e767-4eb7-a411-9a6afde10c42,77f216ae-66bd-4d6b-9dcf-ac7ac8c779cc,credit,186,79276,2026-05-19T16:48:16.146Z
51333e6e-90c9-4cac-8f1a-cf61e0fee2e9,2e25c793-17ff-4230-b58d-17dfcc222464,credit,14683,2547878.5,2026-05-20T16:48:16.146Z
099305c3-44a6-4fb8-b1c7-0f3f0f7746f4,2e25c793-17ff-4230-b58d-17dfcc222464,debit,434,2547444.5,2026-05-20T16:48:16.146Z
099305c3-44a6-4fb8-b1c7-0f3f0f7746f4,8c25909a-227f-4d95-86a1-9033ec6e34a4,credit,434,72459,2026-05-20T16:48:16.146Z
ea7055f6-6431-4f6e-92fa-0b0d927ff1c0,cc817b0a-5cde-4437-9047-eb0a6c1b8735,debit,187,129975.85,2026-05-20T16:48:16.146Z
ea7055f6-6431-4f6e-92fa-0b0d927ff1c0,dfffab37-7984-45e6-bfd9-bcb0617b8a82,credit,187,171071.7,2026-05-20T16:48:16.146Z
8ad51125-483e-411c-8dfa-4a629753184d,4c9659e2-39a0-491a-9392-94dfda2a7ad5,debit,290,567494,2026-05-20T16:48:16.146Z
8ad51125-483e-411c-8dfa-4a629753184d,8c25909a-227f-4d95-86a1-9033ec6e34a4,credit,290,72749,2026-05-20T16:48:16.146Z
7f2b525e-51d1-4636-a19f-155d78a86dc5,2e25c793-17ff-4230-b58d-17dfcc222464,credit,16698,2564142.5,2026-05-21T16:48:16.146Z
db758d50-d041-46e0-aa09-d33562f41550,2e25c793-17ff-4230-b58d-17dfcc222464,debit,621,2563521.5,2026-05-21T16:48:16.146Z
db758d50-d041-46e0-aa09-d33562f41550,8c25909a-227f-4d95-86a1-9033ec6e34a4,credit,621,73370,2026-05-21T16:48:16.146Z
7bcd0ead-8e93-4a55-b3a5-11b9d4eea58d,d53314e5-d645-464a-99cf-45ed1a35e9fd,debit,445,852592.0499999999,2026-05-21T16:48:16.146Z
7bcd0ead-8e93-4a55-b3a5-11b9d4eea58d,77f216ae-66bd-4d6b-9dcf-ac7ac8c779cc,credit,445,79721,2026-05-21T16:48:16.146Z
ac3741dd-c620-443f-9bdc-a2d8570a3b7b,4c9659e2-39a0-491a-9392-94dfda2a7ad5,debit,1637,565857,2026-05-21T16:48:16.146Z
ac3741dd-c620-443f-9bdc-a2d8570a3b7b,8fecc2ac-282e-4044-a1dd-0ef257c60926,credit,1637,142712,2026-05-21T16:48:16.146Z
bc756188-d257-4cc7-bf64-2c54bbc85536,2e25c793-17ff-4230-b58d-17dfcc222464,credit,16615,2580136.5,2026-05-22T16:48:16.146Z
7132b487-db39-436f-abe8-7a52ee90ee4f,4c9659e2-39a0-491a-9392-94dfda2a7ad5,credit,16012,581869,2026-05-22T16:48:16.146Z
c16a3d6e-a965-4935-b98c-858c5136ce2d,4f64b206-7b74-44ce-b39f-89049ebd4e3f,debit,2933,332701.5,2026-05-23T16:48:16.146Z
c16a3d6e-a965-4935-b98c-858c5136ce2d,8fecc2ac-282e-4044-a1dd-0ef257c60926,credit,2933,145645,2026-05-23T16:48:16.146Z
72e987c2-f6a1-4f9f-9590-836f45a26596,2e25c793-17ff-4230-b58d-17dfcc222464,credit,12353,2592489.5,2026-05-23T16:48:16.146Z
02869911-d4bb-4f84-9fca-1d7f4ecbf4b5,dfffab37-7984-45e6-bfd9-bcb0617b8a82,debit,162,170909.7,2026-05-23T16:48:16.146Z
02869911-d4bb-4f84-9fca-1d7f4ecbf4b5,77f216ae-66bd-4d6b-9dcf-ac7ac8c779cc,credit,162,79883,2026-05-23T16:48:16.146Z
cbc435fd-5c09-452b-9616-9499e0ece31b,4c9659e2-39a0-491a-9392-94dfda2a7ad5,debit,1771,580098,2026-05-23T16:48:16.146Z
cbc435fd-5c09-452b-9616-9499e0ece31b,8fecc2ac-282e-4044-a1dd-0ef257c60926,credit,1771,147416,2026-05-23T16:48:16.146Z
ea4593ca-1312-4517-8033-791c1f2d3477,2e25c793-17ff-4230-b58d-17dfcc222464,credit,14749,2607238.5,2026-05-24T16:48:16.146Z
489c8fc7-6f79-48b6-b497-35ce3e6c1eaf,2e25c793-17ff-4230-b58d-17dfcc222464,credit,12421,2619659.5,2026-05-24T16:48:16.146Z
9520eb73-d13a-4d30-9235-2c5849690a02,2e25c793-17ff-4230-b58d-17dfcc222464,credit,8757,2628416.5,2026-05-24T16:48:16.146Z
73fbd16f-8d59-4628-b9cb-f70840777e02,dfffab37-7984-45e6-bfd9-bcb0617b8a82,credit,5000,175909.7,2026-05-24T16:48:16.146Z
b9f7fdc3-61a4-4cf3-b14b-d838bf114d8a,dfffab37-7984-45e6-bfd9-bcb0617b8a82,debit,442,175467.7,2026-05-24T16:48:16.146Z
b9f7fdc3-61a4-4cf3-b14b-d838bf114d8a,99326bcd-2ed0-4319-b6a7-a9d1ac39f1b2,credit,442,86561,2026-05-24T16:48:16.146Z
583ee07a-bd97-4833-b4d6-d291ed662a2e,cc817b0a-5cde-4437-9047-eb0a6c1b8735,credit,4000,133975.85,2026-05-24T16:48:16.146Z
e70e04d5-b8d3-4c68-b900-203cde395714,cc817b0a-5cde-4437-9047-eb0a6c1b8735,debit,628,133347.85,2026-05-24T16:48:16.146Z
e70e04d5-b8d3-4c68-b900-203cde395714,68e8cdc4-a89c-4489-9d80-d6345ef95f59,credit,628,361845,2026-05-24T16:48:16.146Z
ffba7b99-65d3-468d-8129-757d84d587cc,4c9659e2-39a0-491a-9392-94dfda2a7ad5,debit,1257,578841,2026-05-24T16:48:16.146Z
ffba7b99-65d3-468d-8129-757d84d587cc,8fecc2ac-282e-4044-a1dd-0ef257c60926,credit,1257,148673,2026-05-24T16:48:16.146Z
63e12d95-d251-4ea6-a975-810ce75d5581,2e25c793-17ff-4230-b58d-17dfcc222464,credit,7873,2636289.5,2026-05-25T16:48:16.146Z
6c9895c8-0e84-4430-991e-b6d5070f38c4,2e25c793-17ff-4230-b58d-17dfcc222464,credit,5925,2642214.5,2026-05-25T16:48:16.146Z
ff2e0b29-7d8c-495d-a17f-68bcc76a6b4a,2e25c793-17ff-4230-b58d-17dfcc222464,debit,26550,2615664.5,2026-05-25T16:48:16.146Z
ff2e0b29-7d8c-495d-a17f-68bcc76a6b4a,78d754c3-7421-45c6-af19-62af10c7d7a7,credit,26550,1362673,2026-05-25T16:48:16.146Z
763c640e-7dec-4ad0-aa46-847c0f9ba19f,2e25c793-17ff-4230-b58d-17dfcc222464,debit,4290,2611374.5,2026-05-25T16:48:16.146Z
763c640e-7dec-4ad0-aa46-847c0f9ba19f,68e8cdc4-a89c-4489-9d80-d6345ef95f59,credit,4290,366135,2026-05-25T16:48:16.146Z
b104e051-56e2-4e16-9e5e-41d20e8d159a,d53314e5-d645-464a-99cf-45ed1a35e9fd,debit,7388,845204.0499999999,2026-05-25T16:48:16.146Z
b104e051-56e2-4e16-9e5e-41d20e8d159a,4778cfd7-bd59-44d1-88ad-ffa43d403800,credit,7388,98005,2026-05-25T16:48:16.146Z
7ef15dab-c50d-4752-9c73-3d2d45c4ca67,dfffab37-7984-45e6-bfd9-bcb0617b8a82,debit,143,175324.7,2026-05-25T16:48:16.146Z
7ef15dab-c50d-4752-9c73-3d2d45c4ca67,77f216ae-66bd-4d6b-9dcf-ac7ac8c779cc,credit,143,80026,2026-05-25T16:48:16.146Z
bf4798d1-3e93-4d74-930e-dba4396a82d4,cc817b0a-5cde-4437-9047-eb0a6c1b8735,debit,354,132993.85,2026-05-25T16:48:16.146Z
bf4798d1-3e93-4d74-930e-dba4396a82d4,99326bcd-2ed0-4319-b6a7-a9d1ac39f1b2,credit,354,86915,2026-05-25T16:48:16.146Z
0abc5a62-1643-48e1-83ef-c48edb1ce8ae,2e25c793-17ff-4230-b58d-17dfcc222464,credit,11090,2622464.5,2026-05-26T16:48:16.146Z
b455853f-8673-49d9-8b9e-1a04e7a6656d,d53314e5-d645-464a-99cf-45ed1a35e9fd,debit,701,844503.0499999999,2026-05-26T16:48:16.146Z
b455853f-8673-49d9-8b9e-1a04e7a6656d,77f216ae-66bd-4d6b-9dcf-ac7ac8c779cc,credit,701,80727,2026-05-26T16:48:16.146Z
ceeb7d76-3480-485f-b99c-b2ff1936dc76,d53314e5-d645-464a-99cf-45ed1a35e9fd,credit,35.05,844538.1,2026-05-26T16:48:16.146Z
fa6dc466-7ca1-43ba-bae5-5c734740999d,cc817b0a-5cde-4437-9047-eb0a6c1b8735,debit,297,132696.85,2026-05-26T16:48:16.146Z
fa6dc466-7ca1-43ba-bae5-5c734740999d,77f216ae-66bd-4d6b-9dcf-ac7ac8c779cc,credit,297,81024,2026-05-26T16:48:16.146Z
8f552027-0ecb-4340-84c2-4ce5bc988637,4f64b206-7b74-44ce-b39f-89049ebd4e3f,debit,3446,329255.5,2026-05-27T16:48:16.146Z
8f552027-0ecb-4340-84c2-4ce5bc988637,68e8cdc4-a89c-4489-9d80-d6345ef95f59,credit,3446,369581,2026-05-27T16:48:16.146Z
d1a00b6a-3c38-4e7f-8d10-1f0c8417885c,2e25c793-17ff-4230-b58d-17dfcc222464,credit,12467,2634931.5,2026-05-27T16:48:16.146Z
a5519af3-e0db-45c7-ba59-2318a464cee5,2e25c793-17ff-4230-b58d-17dfcc222464,debit,618,2634313.5,2026-05-27T16:48:16.146Z
a5519af3-e0db-45c7-ba59-2318a464cee5,8c25909a-227f-4d95-86a1-9033ec6e34a4,credit,618,73988,2026-05-27T16:48:16.146Z
9b52b995-8fe0-49d6-be4a-5ed065e0fc26,d53314e5-d645-464a-99cf-45ed1a35e9fd,debit,344,844194.1,2026-05-27T16:48:16.146Z
9b52b995-8fe0-49d6-be4a-5ed065e0fc26,77f216ae-66bd-4d6b-9dcf-ac7ac8c779cc,credit,344,81368,2026-05-27T16:48:16.146Z
6ce9bc68-ab8b-48d5-8031-7d5d7877775b,dfffab37-7984-45e6-bfd9-bcb0617b8a82,debit,391,174933.7,2026-05-27T16:48:16.146Z
6ce9bc68-ab8b-48d5-8031-7d5d7877775b,68e8cdc4-a89c-4489-9d80-d6345ef95f59,credit,391,369972,2026-05-27T16:48:16.146Z
c62522f3-ecdd-4d49-931a-e6fc3123bc83,4c9659e2-39a0-491a-9392-94dfda2a7ad5,debit,233,578608,2026-05-27T16:48:16.146Z
c62522f3-ecdd-4d49-931a-e6fc3123bc83,8c25909a-227f-4d95-86a1-9033ec6e34a4,credit,233,74221,2026-05-27T16:48:16.146Z
273b3342-e6ce-4f5e-b37b-a031637e6f5c,4f64b206-7b74-44ce-b39f-89049ebd4e3f,debit,344,328911.5,2026-05-28T16:48:16.146Z
273b3342-e6ce-4f5e-b37b-a031637e6f5c,77f216ae-66bd-4d6b-9dcf-ac7ac8c779cc,credit,344,81712,2026-05-28T16:48:16.146Z
b23287a3-e368-4235-96bf-86d918e856be,2e25c793-17ff-4230-b58d-17dfcc222464,credit,11248,2645561.5,2026-05-28T16:48:16.146Z
3a937144-a635-45cc-9f7e-23267ef65c27,2e25c793-17ff-4230-b58d-17dfcc222464,credit,4868,2650429.5,2026-05-28T16:48:16.146Z
c5d763de-c525-4edf-b900-e45cbde93e16,dfffab37-7984-45e6-bfd9-bcb0617b8a82,debit,372,174561.7,2026-05-28T16:48:16.146Z
c5d763de-c525-4edf-b900-e45cbde93e16,99326bcd-2ed0-4319-b6a7-a9d1ac39f1b2,credit,372,87287,2026-05-28T16:48:16.146Z
090d1b70-a9f3-47a4-b152-7980d527f709,4c9659e2-39a0-491a-9392-94dfda2a7ad5,debit,320,578288,2026-05-28T16:48:16.146Z
090d1b70-a9f3-47a4-b152-7980d527f709,8c25909a-227f-4d95-86a1-9033ec6e34a4,credit,320,74541,2026-05-28T16:48:16.146Z
5f7cf079-9d77-4aa7-85dc-56a1acafd5a9,4f64b206-7b74-44ce-b39f-89049ebd4e3f,debit,1901,327010.5,2026-05-29T16:48:16.146Z
5f7cf079-9d77-4aa7-85dc-56a1acafd5a9,68e8cdc4-a89c-4489-9d80-d6345ef95f59,credit,1901,371873,2026-05-29T16:48:16.146Z
415089a3-c81b-44b0-987a-41fceb262306,2e25c793-17ff-4230-b58d-17dfcc222464,credit,9813,2660242.5,2026-05-29T16:48:16.146Z
97f59554-0e9e-43e4-a9f9-9a9036d7146f,2e25c793-17ff-4230-b58d-17dfcc222464,credit,9170,2669412.5,2026-05-29T16:48:16.146Z
4ddb7e23-0d82-4a38-8c81-4dd0736ed2e6,d53314e5-d645-464a-99cf-45ed1a35e9fd,debit,1117,843077.1,2026-05-29T16:48:16.146Z
4ddb7e23-0d82-4a38-8c81-4dd0736ed2e6,8c25909a-227f-4d95-86a1-9033ec6e34a4,credit,1117,75658,2026-05-29T16:48:16.146Z
60c93ccf-bd19-4129-aa79-095261a309a2,4f64b206-7b74-44ce-b39f-89049ebd4e3f,debit,2029,324981.5,2026-05-30T16:48:16.146Z
60c93ccf-bd19-4129-aa79-095261a309a2,8fecc2ac-282e-4044-a1dd-0ef257c60926,credit,2029,150702,2026-05-30T16:48:16.146Z
46beb6fb-a9ba-4b0e-8710-d1bdae11d9ad,4f64b206-7b74-44ce-b39f-89049ebd4e3f,debit,357,324624.5,2026-05-30T16:48:16.146Z
46beb6fb-a9ba-4b0e-8710-d1bdae11d9ad,99326bcd-2ed0-4319-b6a7-a9d1ac39f1b2,credit,357,87644,2026-05-30T16:48:16.146Z
dd376885-f09b-44be-bf65-1932f2c8b670,2e25c793-17ff-4230-b58d-17dfcc222464,credit,13608,2683020.5,2026-05-30T16:48:16.146Z
302f3e65-7360-4730-960a-82ef7cfe0ac8,4c9659e2-39a0-491a-9392-94dfda2a7ad5,debit,925,577363,2026-05-30T16:48:16.146Z
302f3e65-7360-4730-960a-82ef7cfe0ac8,8fecc2ac-282e-4044-a1dd-0ef257c60926,credit,925,151627,2026-05-30T16:48:16.146Z
c9606617-0725-4db7-a6a9-35fb4d42689e,2e25c793-17ff-4230-b58d-17dfcc222464,credit,7086,2690106.5,2026-05-31T16:48:16.146Z
6edd60f6-5886-4df9-8a0e-6474dc44e249,2e25c793-17ff-4230-b58d-17dfcc222464,credit,10939,2701045.5,2026-05-31T16:48:16.146Z
9354ab87-652a-463c-aef8-449303068f78,2e25c793-17ff-4230-b58d-17dfcc222464,debit,828,2700217.5,2026-05-31T16:48:16.146Z
9354ab87-652a-463c-aef8-449303068f78,77f216ae-66bd-4d6b-9dcf-ac7ac8c779cc,credit,828,82540,2026-05-31T16:48:16.146Z
458603a9-638a-4a54-a747-d71e9e42d8f6,dfffab37-7984-45e6-bfd9-bcb0617b8a82,credit,5000,179561.7,2026-05-31T16:48:16.146Z
6838839f-a376-41ea-a622-ebadc7fdc38d,cc817b0a-5cde-4437-9047-eb0a6c1b8735,credit,4000,136696.85,2026-05-31T16:48:16.146Z
db858f16-e463-492e-b972-a2b0291c9c72,4c9659e2-39a0-491a-9392-94dfda2a7ad5,debit,341,577022,2026-05-31T16:48:16.146Z
db858f16-e463-492e-b972-a2b0291c9c72,77f216ae-66bd-4d6b-9dcf-ac7ac8c779cc,credit,341,82881,2026-05-31T16:48:16.146Z
cddc2abb-293e-4c19-a6db-a67c4d01e297,4f64b206-7b74-44ce-b39f-89049ebd4e3f,credit,85000,409624.5,2026-06-01T16:48:16.146Z
e3c7f91e-f650-448f-9ab3-78d8666ef165,4f64b206-7b74-44ce-b39f-89049ebd4e3f,debit,498,409126.5,2026-06-01T16:48:16.146Z
e3c7f91e-f650-448f-9ab3-78d8666ef165,77f216ae-66bd-4d6b-9dcf-ac7ac8c779cc,credit,498,83379,2026-06-01T16:48:16.146Z
293d341d-957d-4767-9d34-8171bae022c3,2e25c793-17ff-4230-b58d-17dfcc222464,credit,11726,2711943.5,2026-06-01T16:48:16.146Z
c4605389-7d79-49a5-96e3-bdd162beb0a7,2e25c793-17ff-4230-b58d-17dfcc222464,debit,528,2711415.5,2026-06-01T16:48:16.146Z
c4605389-7d79-49a5-96e3-bdd162beb0a7,77f216ae-66bd-4d6b-9dcf-ac7ac8c779cc,credit,528,83907,2026-06-01T16:48:16.146Z
9a9c4c78-a6e7-4d06-b5ad-10fdc054b263,d53314e5-d645-464a-99cf-45ed1a35e9fd,credit,120000,963077.1,2026-06-01T16:48:16.146Z
8553fada-b8c6-4ccc-8c48-da96d8746419,dfffab37-7984-45e6-bfd9-bcb0617b8a82,debit,198,179363.7,2026-06-01T16:48:16.146Z
8553fada-b8c6-4ccc-8c48-da96d8746419,77f216ae-66bd-4d6b-9dcf-ac7ac8c779cc,credit,198,84105,2026-06-01T16:48:16.146Z
e2014f12-e326-4032-80f3-3df34c905d07,4c9659e2-39a0-491a-9392-94dfda2a7ad5,debit,187,576835,2026-06-01T16:48:16.146Z
e2014f12-e326-4032-80f3-3df34c905d07,8c25909a-227f-4d95-86a1-9033ec6e34a4,credit,187,75845,2026-06-01T16:48:16.146Z
0ee2910b-fa3b-4823-a0fa-0f8e3346c5ff,4c9659e2-39a0-491a-9392-94dfda2a7ad5,credit,9.35,576844.35,2026-06-01T16:48:16.146Z
15b15ad2-f586-4fe4-b47f-321dfae6f8ab,2e25c793-17ff-4230-b58d-17dfcc222464,credit,7070,2718485.5,2026-06-02T16:48:16.146Z
7aefdd5d-81fb-483b-b9cb-f7490bd97343,2e25c793-17ff-4230-b58d-17dfcc222464,debit,35000,2683485.5,2026-06-02T16:48:16.146Z
7aefdd5d-81fb-483b-b9cb-f7490bd97343,396aaa88-f522-47e1-a4dd-f2107cc69e7a,credit,35000,600000,2026-06-02T16:48:16.146Z
c0e06305-3901-4527-a070-77e96ef809ef,4c9659e2-39a0-491a-9392-94dfda2a7ad5,debit,1690,575154.35,2026-06-02T16:48:16.146Z
c0e06305-3901-4527-a070-77e96ef809ef,8fecc2ac-282e-4044-a1dd-0ef257c60926,credit,1690,153317,2026-06-02T16:48:16.146Z
0025ce8f-cf63-4590-b98b-cabd0ebdf043,4f64b206-7b74-44ce-b39f-89049ebd4e3f,debit,25000,384126.5,2026-06-03T16:48:16.146Z
0025ce8f-cf63-4590-b98b-cabd0ebdf043,396aaa88-f522-47e1-a4dd-f2107cc69e7a,credit,25000,625000,2026-06-03T16:48:16.146Z
1559e8a0-6dde-49d3-9d3f-57bb5b668fd3,2e25c793-17ff-4230-b58d-17dfcc222464,credit,6276,2689761.5,2026-06-03T16:48:16.146Z
0dd0c588-efa1-4105-ab9d-6f0551d341e0,2e25c793-17ff-4230-b58d-17dfcc222464,credit,15392,2705153.5,2026-06-03T16:48:16.146Z
70296c40-1ba6-410e-95ca-c4045a6e34c7,dfffab37-7984-45e6-bfd9-bcb0617b8a82,debit,424,178939.7,2026-06-03T16:48:16.146Z
70296c40-1ba6-410e-95ca-c4045a6e34c7,99326bcd-2ed0-4319-b6a7-a9d1ac39f1b2,credit,424,88068,2026-06-03T16:48:16.146Z
b99dab01-4741-46d5-98b1-86d1618cb222,cc817b0a-5cde-4437-9047-eb0a6c1b8735,debit,131,136565.85,2026-06-03T16:48:16.146Z
b99dab01-4741-46d5-98b1-86d1618cb222,dfffab37-7984-45e6-bfd9-bcb0617b8a82,credit,131,179070.7,2026-06-03T16:48:16.146Z
fc0760b9-cb2f-4c21-9f16-9b4267f67acf,4c9659e2-39a0-491a-9392-94dfda2a7ad5,debit,397,574757.35,2026-06-03T16:48:16.146Z
fc0760b9-cb2f-4c21-9f16-9b4267f67acf,99326bcd-2ed0-4319-b6a7-a9d1ac39f1b2,credit,397,88465,2026-06-03T16:48:16.146Z
802d01a7-e5c2-4f5f-972c-9667953bb82b,4f64b206-7b74-44ce-b39f-89049ebd4e3f,debit,319,383807.5,2026-06-04T16:48:16.146Z
802d01a7-e5c2-4f5f-972c-9667953bb82b,77f216ae-66bd-4d6b-9dcf-ac7ac8c779cc,credit,319,84424,2026-06-04T16:48:16.146Z
8fea0ebf-5a2e-4d51-ad88-01de9c3dbe56,2e25c793-17ff-4230-b58d-17dfcc222464,credit,13882,2719035.5,2026-06-04T16:48:16.146Z
e6803b65-7c61-4da7-847d-c83695195106,dfffab37-7984-45e6-bfd9-bcb0617b8a82,debit,237,178833.7,2026-06-04T16:48:16.146Z
e6803b65-7c61-4da7-847d-c83695195106,77f216ae-66bd-4d6b-9dcf-ac7ac8c779cc,credit,237,84661,2026-06-04T16:48:16.146Z
501b7e1a-4558-4d3c-a68f-c933366cea47,cc817b0a-5cde-4437-9047-eb0a6c1b8735,debit,765,135800.85,2026-06-04T16:48:16.146Z
501b7e1a-4558-4d3c-a68f-c933366cea47,68e8cdc4-a89c-4489-9d80-d6345ef95f59,credit,765,372638,2026-06-04T16:48:16.146Z
3e5183b8-c94d-4215-b89b-3d92f62be337,cc817b0a-5cde-4437-9047-eb0a6c1b8735,credit,38.25,135839.1,2026-06-04T16:48:16.146Z
ecc13a14-a9bc-4b5c-9933-9eaded5139a8,4c9659e2-39a0-491a-9392-94dfda2a7ad5,debit,413,574344.35,2026-06-04T16:48:16.146Z
ecc13a14-a9bc-4b5c-9933-9eaded5139a8,8c25909a-227f-4d95-86a1-9033ec6e34a4,credit,413,76258,2026-06-04T16:48:16.146Z
0cedf772-63ed-4ea1-a64e-fe70e36a6de4,4f64b206-7b74-44ce-b39f-89049ebd4e3f,debit,4329,379478.5,2026-06-05T16:48:16.146Z
0cedf772-63ed-4ea1-a64e-fe70e36a6de4,0e5d4bb0-d613-443b-beef-163eb4214b67,credit,4329,39997,2026-06-05T16:48:16.146Z
67ddc97d-58d3-48c1-9c5d-9e32c6637338,4f64b206-7b74-44ce-b39f-89049ebd4e3f,debit,239,379239.5,2026-06-05T16:48:16.146Z
67ddc97d-58d3-48c1-9c5d-9e32c6637338,77f216ae-66bd-4d6b-9dcf-ac7ac8c779cc,credit,239,84900,2026-06-05T16:48:16.146Z
9e4e8a02-17d1-465a-b74e-ae93319b2f70,2e25c793-17ff-4230-b58d-17dfcc222464,credit,6394,2725429.5,2026-06-05T16:48:16.146Z
445cfb8f-9d61-4c35-81bc-f00a68c41038,2e25c793-17ff-4230-b58d-17dfcc222464,credit,14621,2740050.5,2026-06-05T16:48:16.146Z
fadb6585-65a3-4ef7-adac-4275bd974270,2e25c793-17ff-4230-b58d-17dfcc222464,debit,52760,2687290.5,2026-06-05T16:48:16.146Z
fadb6585-65a3-4ef7-adac-4275bd974270,78d754c3-7421-45c6-af19-62af10c7d7a7,credit,52760,1415433,2026-06-05T16:48:16.146Z
d68310c6-d04f-4a4a-9de5-2aae92438156,2e25c793-17ff-4230-b58d-17dfcc222464,debit,291,2686999.5,2026-06-05T16:48:16.146Z
d68310c6-d04f-4a4a-9de5-2aae92438156,8c25909a-227f-4d95-86a1-9033ec6e34a4,credit,291,76549,2026-06-05T16:48:16.146Z
a207e1ed-7809-4f90-8d0f-f2debd9b8e82,d53314e5-d645-464a-99cf-45ed1a35e9fd,debit,10348,952729.1,2026-06-05T16:48:16.146Z
a207e1ed-7809-4f90-8d0f-f2debd9b8e82,4778cfd7-bd59-44d1-88ad-ffa43d403800,credit,10348,108353,2026-06-05T16:48:16.146Z
5454d9b1-c2d4-45f5-b155-3e3e668d5844,cc817b0a-5cde-4437-9047-eb0a6c1b8735,debit,214,135625.1,2026-06-05T16:48:16.146Z
5454d9b1-c2d4-45f5-b155-3e3e668d5844,99326bcd-2ed0-4319-b6a7-a9d1ac39f1b2,credit,214,88679,2026-06-05T16:48:16.146Z
6d2066cd-32ad-4c4e-a61e-4107ccc4ab01,4f64b206-7b74-44ce-b39f-89049ebd4e3f,debit,2606,376633.5,2026-06-06T16:48:16.146Z
6d2066cd-32ad-4c4e-a61e-4107ccc4ab01,8fecc2ac-282e-4044-a1dd-0ef257c60926,credit,2606,155923,2026-06-06T16:48:16.146Z
ceb7cfc3-5ce8-4262-8074-6763bc1c9335,4f64b206-7b74-44ce-b39f-89049ebd4e3f,debit,317,376316.5,2026-06-06T16:48:16.146Z
ceb7cfc3-5ce8-4262-8074-6763bc1c9335,77f216ae-66bd-4d6b-9dcf-ac7ac8c779cc,credit,317,85217,2026-06-06T16:48:16.146Z
de3182eb-7cde-4708-9ecf-c32c3113b095,2e25c793-17ff-4230-b58d-17dfcc222464,credit,9697,2696696.5,2026-06-06T16:48:16.146Z
b1df5b46-42d1-42d7-99b7-48e731861909,2e25c793-17ff-4230-b58d-17dfcc222464,credit,16561,2713257.5,2026-06-07T16:48:16.146Z
398bcf37-d709-4bb3-91d4-1cf88bd85916,2e25c793-17ff-4230-b58d-17dfcc222464,credit,11689,2724946.5,2026-06-07T16:48:16.146Z
bbd1c890-04ee-41c4-a58d-6ba6ef7e0113,2e25c793-17ff-4230-b58d-17dfcc222464,debit,18000,2706946.5,2026-06-07T16:48:16.146Z
bbd1c890-04ee-41c4-a58d-6ba6ef7e0113,655846c2-aeb1-41c7-b562-4937ad6f5c8b,credit,18000,180000,2026-06-07T16:48:16.146Z
ee8d71f9-2209-482b-a422-f6dbaf1284af,d53314e5-d645-464a-99cf-45ed1a35e9fd,debit,1003,951726.1,2026-06-07T16:48:16.146Z
ee8d71f9-2209-482b-a422-f6dbaf1284af,8c25909a-227f-4d95-86a1-9033ec6e34a4,credit,1003,77552,2026-06-07T16:48:16.146Z
2efb94a4-29ea-4781-9268-12ed62b5c0ca,dfffab37-7984-45e6-bfd9-bcb0617b8a82,credit,5000,183833.7,2026-06-07T16:48:16.146Z
5b401db7-e4af-4890-b0f8-2048081e8d83,cc817b0a-5cde-4437-9047-eb0a6c1b8735,credit,4000,139625.1,2026-06-07T16:48:16.146Z
cb9ddf14-081e-40e2-9628-c78873f41be1,2e25c793-17ff-4230-b58d-17dfcc222464,credit,12111,2719057.5,2026-06-08T16:48:16.146Z
15d52b40-7ad7-4802-ae49-361a2c364af9,d53314e5-d645-464a-99cf-45ed1a35e9fd,debit,1107,950619.1,2026-06-08T16:48:16.146Z
15d52b40-7ad7-4802-ae49-361a2c364af9,77f216ae-66bd-4d6b-9dcf-ac7ac8c779cc,credit,1107,86324,2026-06-08T16:48:16.146Z
d87bbe07-a787-4366-a4af-69c37bfed02d,dfffab37-7984-45e6-bfd9-bcb0617b8a82,debit,358,183475.7,2026-06-08T16:48:16.146Z
d87bbe07-a787-4366-a4af-69c37bfed02d,99326bcd-2ed0-4319-b6a7-a9d1ac39f1b2,credit,358,89037,2026-06-08T16:48:16.146Z
13bdf186-e461-44e4-aec7-9651f407aa0a,2e25c793-17ff-4230-b58d-17dfcc222464,debit,690,2718367.5,2026-06-09T16:48:16.146Z
13bdf186-e461-44e4-aec7-9651f407aa0a,77f216ae-66bd-4d6b-9dcf-ac7ac8c779cc,credit,690,87014,2026-06-09T16:48:16.146Z
ea218f85-f706-4662-942c-2e7f68cfa89b,d53314e5-d645-464a-99cf-45ed1a35e9fd,debit,1295,949324.1,2026-06-09T16:48:16.146Z
ea218f85-f706-4662-942c-2e7f68cfa89b,8c25909a-227f-4d95-86a1-9033ec6e34a4,credit,1295,78847,2026-06-09T16:48:16.146Z
9a595218-21df-4777-a92c-0c58f6ec8cc5,4c9659e2-39a0-491a-9392-94dfda2a7ad5,credit,36654,610998.35,2026-06-09T16:48:16.146Z
e916c047-42c7-41b5-acba-2f48472c0fe3,4c9659e2-39a0-491a-9392-94dfda2a7ad5,debit,416,610582.35,2026-06-09T16:48:16.146Z
e916c047-42c7-41b5-acba-2f48472c0fe3,99326bcd-2ed0-4319-b6a7-a9d1ac39f1b2,credit,416,89453,2026-06-09T16:48:16.146Z
afdfd598-1c6f-4d7c-8150-0711c9085426,4f64b206-7b74-44ce-b39f-89049ebd4e3f,debit,199,376117.5,2026-06-10T16:48:16.146Z
afdfd598-1c6f-4d7c-8150-0711c9085426,bcf7c323-ee7b-4313-95c0-68f74cfeb2bb,credit,199,2189,2026-06-10T16:48:16.146Z
b592669c-cd83-44d4-a9c5-8740a345959c,4f64b206-7b74-44ce-b39f-89049ebd4e3f,debit,699,375418.5,2026-06-10T16:48:16.146Z
b592669c-cd83-44d4-a9c5-8740a345959c,8f5bd58f-2868-4aff-b5da-41454b5bb662,credit,699,7988,2026-06-10T16:48:16.146Z
805d48f2-208b-4540-b840-c29f41bfee6b,2e25c793-17ff-4230-b58d-17dfcc222464,credit,17359,2735726.5,2026-06-10T16:48:16.146Z
8cd7437f-ef22-4b14-854b-d67c25ad434f,2e25c793-17ff-4230-b58d-17dfcc222464,credit,17592,2753318.5,2026-06-10T16:48:16.146Z
3648f47c-ce2b-41a2-a75b-08a5c1b0fb91,2e25c793-17ff-4230-b58d-17dfcc222464,debit,283,2753035.5,2026-06-10T16:48:16.146Z
3648f47c-ce2b-41a2-a75b-08a5c1b0fb91,8c25909a-227f-4d95-86a1-9033ec6e34a4,credit,283,79130,2026-06-10T16:48:16.146Z
80379f05-8226-4ae3-a410-b5e3c9dfc96c,d53314e5-d645-464a-99cf-45ed1a35e9fd,debit,1618,947706.1,2026-06-10T16:48:16.146Z
80379f05-8226-4ae3-a410-b5e3c9dfc96c,8c25909a-227f-4d95-86a1-9033ec6e34a4,credit,1618,80748,2026-06-10T16:48:16.146Z
a2d0f92c-4fff-46f1-ae1e-740d5b214833,dfffab37-7984-45e6-bfd9-bcb0617b8a82,debit,119,183356.7,2026-06-10T16:48:16.146Z
a2d0f92c-4fff-46f1-ae1e-740d5b214833,77f216ae-66bd-4d6b-9dcf-ac7ac8c779cc,credit,119,87133,2026-06-10T16:48:16.146Z
db990521-fa44-4dca-b4e2-a14f51a5a77b,2e25c793-17ff-4230-b58d-17dfcc222464,credit,15816,2768851.5,2026-06-11T16:48:16.146Z
d6cfe15d-ea77-454c-9d70-6b8bee0c12ee,2e25c793-17ff-4230-b58d-17dfcc222464,credit,16185,2785036.5,2026-06-11T16:48:16.146Z
1fe16828-0263-4a4b-8377-e2b4c2ef05fd,2e25c793-17ff-4230-b58d-17dfcc222464,credit,4530,2789566.5,2026-06-11T16:48:16.146Z
9fd30163-e488-4a44-86d4-2897235ef4bd,d53314e5-d645-464a-99cf-45ed1a35e9fd,debit,765,946941.1,2026-06-11T16:48:16.146Z
9fd30163-e488-4a44-86d4-2897235ef4bd,77f216ae-66bd-4d6b-9dcf-ac7ac8c779cc,credit,765,87898,2026-06-11T16:48:16.146Z
22800c8c-8138-43ae-bb69-313802d4f1a4,cc817b0a-5cde-4437-9047-eb0a6c1b8735,debit,233,139392.1,2026-06-11T16:48:16.146Z
22800c8c-8138-43ae-bb69-313802d4f1a4,dfffab37-7984-45e6-bfd9-bcb0617b8a82,credit,233,183589.7,2026-06-11T16:48:16.146Z
e1507fca-58a2-4589-a87b-b9998da42b23,4c9659e2-39a0-491a-9392-94dfda2a7ad5,debit,1027,609555.35,2026-06-11T16:48:16.146Z
e1507fca-58a2-4589-a87b-b9998da42b23,8fecc2ac-282e-4044-a1dd-0ef257c60926,credit,1027,156950,2026-06-11T16:48:16.146Z
8147bd15-6df5-460e-b282-843d3b166223,2e25c793-17ff-4230-b58d-17dfcc222464,debit,592,2788974.5,2026-06-12T16:48:16.146Z
8147bd15-6df5-460e-b282-843d3b166223,8c25909a-227f-4d95-86a1-9033ec6e34a4,credit,592,81340,2026-06-12T16:48:16.146Z
0683ef73-53b6-4101-bc7d-41d72b5cc245,d53314e5-d645-464a-99cf-45ed1a35e9fd,debit,5227,941714.1,2026-06-12T16:48:16.146Z
0683ef73-53b6-4101-bc7d-41d72b5cc245,5a5c422f-2b4f-4e26-bd2e-db36096ce28f,credit,5227,65795,2026-06-12T16:48:16.146Z
64e75101-6d07-4c32-9957-0c9b373f2c78,cc817b0a-5cde-4437-9047-eb0a6c1b8735,debit,691,138701.1,2026-06-12T16:48:16.146Z
64e75101-6d07-4c32-9957-0c9b373f2c78,68e8cdc4-a89c-4489-9d80-d6345ef95f59,credit,691,373329,2026-06-12T16:48:16.146Z
9a0d015f-daad-40a1-a3bd-a13943524ccf,4c9659e2-39a0-491a-9392-94dfda2a7ad5,debit,8000,601555.35,2026-06-12T16:48:16.146Z
9a0d015f-daad-40a1-a3bd-a13943524ccf,a56c78df-bd12-4093-8857-edaaef0c6ac6,credit,8000,80000,2026-06-12T16:48:16.146Z
2759a92b-04e9-451e-b94b-968926fb1724,4f64b206-7b74-44ce-b39f-89049ebd4e3f,debit,2571,372847.5,2026-06-13T16:48:16.146Z
2759a92b-04e9-451e-b94b-968926fb1724,8fecc2ac-282e-4044-a1dd-0ef257c60926,credit,2571,159521,2026-06-13T16:48:16.146Z
6c03b1a8-ea00-4462-802e-67ac073500f3,2e25c793-17ff-4230-b58d-17dfcc222464,credit,11903,2800877.5,2026-06-13T16:48:16.146Z
07530dc2-f738-43c9-85ab-5bb3edffec52,2e25c793-17ff-4230-b58d-17dfcc222464,debit,362,2800515.5,2026-06-13T16:48:16.146Z
07530dc2-f738-43c9-85ab-5bb3edffec52,8c25909a-227f-4d95-86a1-9033ec6e34a4,credit,362,81702,2026-06-13T16:48:16.146Z
eafc1e38-1be0-45c2-8f53-08e5ee7c3eb0,d53314e5-d645-464a-99cf-45ed1a35e9fd,debit,1446,940268.1,2026-06-13T16:48:16.146Z
eafc1e38-1be0-45c2-8f53-08e5ee7c3eb0,8c25909a-227f-4d95-86a1-9033ec6e34a4,credit,1446,83148,2026-06-13T16:48:16.146Z
17d880b1-d01e-4a54-9993-19236b091ba1,cc817b0a-5cde-4437-9047-eb0a6c1b8735,debit,403,138298.1,2026-06-13T16:48:16.146Z
17d880b1-d01e-4a54-9993-19236b091ba1,99326bcd-2ed0-4319-b6a7-a9d1ac39f1b2,credit,403,89856,2026-06-13T16:48:16.146Z
43dd9d97-cf15-4737-9e68-3333dbf341b2,2e25c793-17ff-4230-b58d-17dfcc222464,credit,17631,2818146.5,2026-06-14T16:48:16.146Z
ed31f498-8f3b-42da-b097-3a422c0acc52,2e25c793-17ff-4230-b58d-17dfcc222464,debit,481,2817665.5,2026-06-14T16:48:16.146Z
ed31f498-8f3b-42da-b097-3a422c0acc52,77f216ae-66bd-4d6b-9dcf-ac7ac8c779cc,credit,481,88379,2026-06-14T16:48:16.146Z
65efee77-ed48-4563-8a84-7aafc827c7c3,d53314e5-d645-464a-99cf-45ed1a35e9fd,debit,661,939607.1,2026-06-14T16:48:16.146Z
65efee77-ed48-4563-8a84-7aafc827c7c3,77f216ae-66bd-4d6b-9dcf-ac7ac8c779cc,credit,661,89040,2026-06-14T16:48:16.146Z
5956e540-8b23-4520-97da-432283c17f9e,dfffab37-7984-45e6-bfd9-bcb0617b8a82,credit,5000,188589.7,2026-06-14T16:48:16.146Z
66dd5b5e-3f12-42aa-a433-597f037ac853,cc817b0a-5cde-4437-9047-eb0a6c1b8735,credit,4000,142298.1,2026-06-14T16:48:16.146Z
568da35c-c33d-4490-a899-1336e0e662b5,cc817b0a-5cde-4437-9047-eb0a6c1b8735,debit,337,141961.1,2026-06-14T16:48:16.146Z
568da35c-c33d-4490-a899-1336e0e662b5,99326bcd-2ed0-4319-b6a7-a9d1ac39f1b2,credit,337,90193,2026-06-14T16:48:16.146Z
8e68ec52-4e9b-45b5-aa2c-96f8d5534c64,4f64b206-7b74-44ce-b39f-89049ebd4e3f,debit,1635,371212.5,2026-06-15T16:48:16.146Z
8e68ec52-4e9b-45b5-aa2c-96f8d5534c64,68e8cdc4-a89c-4489-9d80-d6345ef95f59,credit,1635,374964,2026-06-15T16:48:16.146Z
bdbe36d4-72c3-4b70-9e7e-041849ee925a,2e25c793-17ff-4230-b58d-17dfcc222464,debit,58237,2759428.5,2026-06-15T16:48:16.146Z
bdbe36d4-72c3-4b70-9e7e-041849ee925a,78d754c3-7421-45c6-af19-62af10c7d7a7,credit,58237,1473670,2026-06-15T16:48:16.146Z
a9e1a4c1-7453-4b27-b1a6-21105b7bef1c,dfffab37-7984-45e6-bfd9-bcb0617b8a82,debit,1073,187516.7,2026-06-15T16:48:16.146Z
a9e1a4c1-7453-4b27-b1a6-21105b7bef1c,68e8cdc4-a89c-4489-9d80-d6345ef95f59,credit,1073,376037,2026-06-15T16:48:16.146Z
f7142ac6-1ba7-4523-9476-a141753475f5,dfffab37-7984-45e6-bfd9-bcb0617b8a82,credit,53.65,187570.35,2026-06-15T16:48:16.146Z
d988ca85-5ae4-4e6c-b6cb-27e95f4826c7,cc817b0a-5cde-4437-9047-eb0a6c1b8735,debit,327,141634.1,2026-06-15T16:48:16.146Z
d988ca85-5ae4-4e6c-b6cb-27e95f4826c7,68e8cdc4-a89c-4489-9d80-d6345ef95f59,credit,327,376364,2026-06-15T16:48:16.146Z
fcc1db50-7580-4031-bb8e-1c57b2127f9b,4c9659e2-39a0-491a-9392-94dfda2a7ad5,debit,2769,598786.35,2026-06-15T16:48:16.146Z
fcc1db50-7580-4031-bb8e-1c57b2127f9b,68e8cdc4-a89c-4489-9d80-d6345ef95f59,credit,2769,379133,2026-06-15T16:48:16.146Z
04eec976-9c7c-4341-b1df-8c7453d18869,4f64b206-7b74-44ce-b39f-89049ebd4e3f,debit,3461,367751.5,2026-06-16T16:48:16.146Z
04eec976-9c7c-4341-b1df-8c7453d18869,68e8cdc4-a89c-4489-9d80-d6345ef95f59,credit,3461,382594,2026-06-16T16:48:16.146Z
3c0eefd9-b23d-414f-ad2b-418d4070299d,2e25c793-17ff-4230-b58d-17dfcc222464,credit,14009,2773437.5,2026-06-16T16:48:16.146Z
ee3b7c98-0bbd-48a2-b513-85a4134e56ab,dfffab37-7984-45e6-bfd9-bcb0617b8a82,debit,294,187276.35,2026-06-16T16:48:16.146Z
ee3b7c98-0bbd-48a2-b513-85a4134e56ab,68e8cdc4-a89c-4489-9d80-d6345ef95f59,credit,294,382888,2026-06-16T16:48:16.146Z
86241349-5fdc-4612-b3b1-e35903ad0481,4c9659e2-39a0-491a-9392-94dfda2a7ad5,debit,579,598207.35,2026-06-16T16:48:16.146Z
86241349-5fdc-4612-b3b1-e35903ad0481,99326bcd-2ed0-4319-b6a7-a9d1ac39f1b2,credit,579,90772,2026-06-16T16:48:16.146Z
cb720bd8-01b2-4f12-b1df-f8e486e0051a,2e25c793-17ff-4230-b58d-17dfcc222464,credit,11599,2785036.5,2026-06-17T16:48:16.146Z
7528204f-3a32-48d0-b084-10e22ed59b77,2e25c793-17ff-4230-b58d-17dfcc222464,credit,14708,2799744.5,2026-06-17T16:48:16.146Z
b8dbd393-1084-4f93-b7bf-a6695e2db96e,2e25c793-17ff-4230-b58d-17dfcc222464,credit,6562,2806306.5,2026-06-18T16:48:16.146Z
dc866c6b-8c57-42a9-85f0-24c940b98bd1,2e25c793-17ff-4230-b58d-17dfcc222464,credit,7265,2813571.5,2026-06-18T16:48:16.146Z
7f167a06-e868-4fca-b1ea-f0c347621c43,2e25c793-17ff-4230-b58d-17dfcc222464,credit,7330,2820901.5,2026-06-18T16:48:16.146Z
5b14a3d3-6585-45f2-b9ad-841547c1a897,2e25c793-17ff-4230-b58d-17dfcc222464,debit,1491,2819410.5,2026-06-18T16:48:16.146Z
5b14a3d3-6585-45f2-b9ad-841547c1a897,68e8cdc4-a89c-4489-9d80-d6345ef95f59,credit,1491,384379,2026-06-18T16:48:16.146Z
f0d68104-24d8-44ad-982e-ba16e54a2883,dfffab37-7984-45e6-bfd9-bcb0617b8a82,debit,82,187194.35,2026-06-18T16:48:16.146Z
f0d68104-24d8-44ad-982e-ba16e54a2883,cc817b0a-5cde-4437-9047-eb0a6c1b8735,credit,82,141716.1,2026-06-18T16:48:16.146Z
6638a0da-861d-499b-b34a-08d6a8f0c858,2e25c793-17ff-4230-b58d-17dfcc222464,credit,8882,2828292.5,2026-06-19T16:48:16.146Z
f3ff3772-40c0-4008-81d5-dc06ec2c3c30,2e25c793-17ff-4230-b58d-17dfcc222464,credit,13499,2841791.5,2026-06-19T16:48:16.146Z
71d1c99d-3fa3-4deb-85f5-246e6cf8f8a4,2e25c793-17ff-4230-b58d-17dfcc222464,credit,5577,2847368.5,2026-06-19T16:48:16.146Z
824d2de9-1f3a-4b84-a80b-db6a3f5043cf,2e25c793-17ff-4230-b58d-17dfcc222464,debit,592,2846776.5,2026-06-19T16:48:16.146Z
824d2de9-1f3a-4b84-a80b-db6a3f5043cf,77f216ae-66bd-4d6b-9dcf-ac7ac8c779cc,credit,592,89632,2026-06-19T16:48:16.146Z
57f66cc4-94b6-4211-bf50-75ff91e2e902,d53314e5-d645-464a-99cf-45ed1a35e9fd,debit,631,938976.1,2026-06-19T16:48:16.146Z
57f66cc4-94b6-4211-bf50-75ff91e2e902,99326bcd-2ed0-4319-b6a7-a9d1ac39f1b2,credit,631,91403,2026-06-19T16:48:16.146Z
1af6e042-1066-4fe1-b290-ed2f97514748,dfffab37-7984-45e6-bfd9-bcb0617b8a82,debit,993,186201.35,2026-06-19T16:48:16.146Z
1af6e042-1066-4fe1-b290-ed2f97514748,68e8cdc4-a89c-4489-9d80-d6345ef95f59,credit,993,385372,2026-06-19T16:48:16.146Z
85e2fdb7-41ac-4baa-9412-110a0963a866,cc817b0a-5cde-4437-9047-eb0a6c1b8735,debit,379,141337.1,2026-06-19T16:48:16.146Z
85e2fdb7-41ac-4baa-9412-110a0963a866,99326bcd-2ed0-4319-b6a7-a9d1ac39f1b2,credit,379,91782,2026-06-19T16:48:16.146Z
e9725ff0-6e58-42b8-966b-171a77b5b628,4f64b206-7b74-44ce-b39f-89049ebd4e3f,debit,3163,364588.5,2026-06-20T16:48:16.146Z
e9725ff0-6e58-42b8-966b-171a77b5b628,8fecc2ac-282e-4044-a1dd-0ef257c60926,credit,3163,162684,2026-06-20T16:48:16.146Z
88b2c7a5-c2b9-42f1-86f7-1194733a7a74,2e25c793-17ff-4230-b58d-17dfcc222464,credit,10489,2857265.5,2026-06-20T16:48:16.146Z
35698686-f7be-4b14-abb2-62e46f4b29cd,2e25c793-17ff-4230-b58d-17dfcc222464,credit,4703,2861968.5,2026-06-20T16:48:16.146Z
983465c8-224f-4cb1-a877-c6610dba4ff0,d53314e5-d645-464a-99cf-45ed1a35e9fd,debit,369,938607.1,2026-06-20T16:48:16.146Z
983465c8-224f-4cb1-a877-c6610dba4ff0,99326bcd-2ed0-4319-b6a7-a9d1ac39f1b2,credit,369,92151,2026-06-20T16:48:16.146Z
38920c21-e932-4ae0-b5b5-6977062ab65a,dfffab37-7984-45e6-bfd9-bcb0617b8a82,debit,497,185704.35,2026-06-20T16:48:16.146Z
38920c21-e932-4ae0-b5b5-6977062ab65a,68e8cdc4-a89c-4489-9d80-d6345ef95f59,credit,497,385869,2026-06-20T16:48:16.146Z
d03596a1-f825-46bc-a76a-cc55c9c0156b,4c9659e2-39a0-491a-9392-94dfda2a7ad5,debit,568,597639.35,2026-06-20T16:48:16.146Z
d03596a1-f825-46bc-a76a-cc55c9c0156b,99326bcd-2ed0-4319-b6a7-a9d1ac39f1b2,credit,568,92719,2026-06-20T16:48:16.146Z
92022635-d8af-4be3-a457-7fbdba4c9f4b,2e25c793-17ff-4230-b58d-17dfcc222464,debit,8300,2853668.5,2026-06-21T16:48:16.146Z
92022635-d8af-4be3-a457-7fbdba4c9f4b,68e8cdc4-a89c-4489-9d80-d6345ef95f59,credit,8300,394169,2026-06-21T16:48:16.146Z
9097fb40-eac3-4932-ba17-5808b4948ee8,dfffab37-7984-45e6-bfd9-bcb0617b8a82,credit,5000,190704.35,2026-06-21T16:48:16.146Z
7403fd8a-748b-4937-90d9-a9aca5f10245,cc817b0a-5cde-4437-9047-eb0a6c1b8735,credit,4000,145337.1,2026-06-21T16:48:16.146Z
a3547a31-5622-4c9c-8369-cad7ed35ea94,2e25c793-17ff-4230-b58d-17dfcc222464,credit,4609,2858277.5,2026-06-22T16:48:16.146Z
2e196014-7e1f-416a-9dd1-2a2c420c1d21,2e25c793-17ff-4230-b58d-17dfcc222464,debit,314,2857963.5,2026-06-22T16:48:16.146Z
2e196014-7e1f-416a-9dd1-2a2c420c1d21,8c25909a-227f-4d95-86a1-9033ec6e34a4,credit,314,83462,2026-06-22T16:48:16.146Z
87236850-d53c-4a46-b67a-faa636f434d4,4c9659e2-39a0-491a-9392-94dfda2a7ad5,debit,363,597276.35,2026-06-22T16:48:16.146Z
87236850-d53c-4a46-b67a-faa636f434d4,99326bcd-2ed0-4319-b6a7-a9d1ac39f1b2,credit,363,93082,2026-06-22T16:48:16.146Z
e914f59f-6f56-409f-b1b5-450b2043e55b,4f64b206-7b74-44ce-b39f-89049ebd4e3f,debit,266,364322.5,2026-06-23T16:48:16.146Z
e914f59f-6f56-409f-b1b5-450b2043e55b,77f216ae-66bd-4d6b-9dcf-ac7ac8c779cc,credit,266,89898,2026-06-23T16:48:16.146Z
ad9754c0-5447-469b-b351-2ead47183772,2e25c793-17ff-4230-b58d-17dfcc222464,credit,10982,2868945.5,2026-06-23T16:48:16.146Z
6c4aa274-e6c7-49eb-aad9-5e633f9534ad,2e25c793-17ff-4230-b58d-17dfcc222464,credit,11221,2880166.5,2026-06-23T16:48:16.146Z
6366ac6e-0c23-469c-acb3-776dc0d84a7b,2e25c793-17ff-4230-b58d-17dfcc222464,credit,7944,2888110.5,2026-06-23T16:48:16.146Z
563b0b66-4a93-4044-ab4f-320b24a49429,dfffab37-7984-45e6-bfd9-bcb0617b8a82,debit,310,190394.35,2026-06-23T16:48:16.146Z
563b0b66-4a93-4044-ab4f-320b24a49429,77f216ae-66bd-4d6b-9dcf-ac7ac8c779cc,credit,310,90208,2026-06-23T16:48:16.146Z
7129f6d5-a638-4906-8d1b-49cf65a4b41a,4c9659e2-39a0-491a-9392-94dfda2a7ad5,debit,371,596905.35,2026-06-23T16:48:16.146Z
7129f6d5-a638-4906-8d1b-49cf65a4b41a,99326bcd-2ed0-4319-b6a7-a9d1ac39f1b2,credit,371,93453,2026-06-23T16:48:16.146Z
56ab004e-bea5-4da9-89ca-4dc1b00ba7be,2e25c793-17ff-4230-b58d-17dfcc222464,credit,8294,2896404.5,2026-06-24T16:48:16.146Z
448b8f15-e4d2-4a20-a25a-228d55110c84,2e25c793-17ff-4230-b58d-17dfcc222464,credit,8852,2905256.5,2026-06-24T16:48:16.146Z
cbb4800d-b662-4eca-afe1-9562b9fafae7,dfffab37-7984-45e6-bfd9-bcb0617b8a82,debit,391,190003.35,2026-06-24T16:48:16.146Z
cbb4800d-b662-4eca-afe1-9562b9fafae7,68e8cdc4-a89c-4489-9d80-d6345ef95f59,credit,391,394560,2026-06-24T16:48:16.146Z
6a25a2cd-7228-4ac9-a778-2dee801d7180,cc817b0a-5cde-4437-9047-eb0a6c1b8735,debit,666,144671.1,2026-06-24T16:48:16.146Z
6a25a2cd-7228-4ac9-a778-2dee801d7180,68e8cdc4-a89c-4489-9d80-d6345ef95f59,credit,666,395226,2026-06-24T16:48:16.146Z
f66eff76-8dd2-4ca0-a690-e86280f34b69,2e25c793-17ff-4230-b58d-17dfcc222464,credit,5794,2911050.5,2026-06-25T16:48:16.146Z
915edb5e-b9d1-447e-8f49-5a2a69ca8fd0,2e25c793-17ff-4230-b58d-17dfcc222464,credit,16413,2927463.5,2026-06-25T16:48:16.146Z
410e81f0-8faa-49a5-8235-df468d8ddabd,2e25c793-17ff-4230-b58d-17dfcc222464,debit,32418,2895045.5,2026-06-25T16:48:16.146Z
410e81f0-8faa-49a5-8235-df468d8ddabd,78d754c3-7421-45c6-af19-62af10c7d7a7,credit,32418,1506088,2026-06-25T16:48:16.146Z
98e56bc0-d2a0-42ed-8fac-204303c0d239,2e25c793-17ff-4230-b58d-17dfcc222464,debit,5230,2889815.5,2026-06-26T16:48:16.146Z
98e56bc0-d2a0-42ed-8fac-204303c0d239,68e8cdc4-a89c-4489-9d80-d6345ef95f59,credit,5230,400456,2026-06-26T16:48:16.146Z
be0f946b-29d7-4518-8d10-6b1bb3be24f7,cc817b0a-5cde-4437-9047-eb0a6c1b8735,debit,174,144497.1,2026-06-26T16:48:16.146Z
be0f946b-29d7-4518-8d10-6b1bb3be24f7,99326bcd-2ed0-4319-b6a7-a9d1ac39f1b2,credit,174,93627,2026-06-26T16:48:16.146Z
dd697215-4371-4d64-a37e-f5ba9d6c8d36,4c9659e2-39a0-491a-9392-94dfda2a7ad5,debit,439,596466.35,2026-06-26T16:48:16.146Z
dd697215-4371-4d64-a37e-f5ba9d6c8d36,77f216ae-66bd-4d6b-9dcf-ac7ac8c779cc,credit,439,90647,2026-06-26T16:48:16.146Z
c93056d9-91d2-468e-b718-45c191f9dae9,4f64b206-7b74-44ce-b39f-89049ebd4e3f,debit,3066,361256.5,2026-06-27T16:48:16.146Z
c93056d9-91d2-468e-b718-45c191f9dae9,8fecc2ac-282e-4044-a1dd-0ef257c60926,credit,3066,165750,2026-06-27T16:48:16.146Z
bb4d287d-ea52-453f-b87f-77fda7ce7f60,4f64b206-7b74-44ce-b39f-89049ebd4e3f,debit,1824,359432.5,2026-06-27T16:48:16.146Z
bb4d287d-ea52-453f-b87f-77fda7ce7f60,68e8cdc4-a89c-4489-9d80-d6345ef95f59,credit,1824,402280,2026-06-27T16:48:16.146Z
f909c331-0fd3-4106-973a-e34b2680695c,2e25c793-17ff-4230-b58d-17dfcc222464,credit,16816,2906631.5,2026-06-27T16:48:16.146Z
7912bc93-7ce0-4390-92ac-bb9ed4c9771a,d53314e5-d645-464a-99cf-45ed1a35e9fd,debit,568,938039.1,2026-06-27T16:48:16.146Z
7912bc93-7ce0-4390-92ac-bb9ed4c9771a,99326bcd-2ed0-4319-b6a7-a9d1ac39f1b2,credit,568,94195,2026-06-27T16:48:16.146Z
90725d72-4fba-4a58-ba4f-bb0dd9e7a87b,4c9659e2-39a0-491a-9392-94dfda2a7ad5,debit,821,595645.35,2026-06-27T16:48:16.146Z
90725d72-4fba-4a58-ba4f-bb0dd9e7a87b,8fecc2ac-282e-4044-a1dd-0ef257c60926,credit,821,166571,2026-06-27T16:48:16.146Z
7a090d2b-51c2-4c40-a322-73a4a3528e52,2e25c793-17ff-4230-b58d-17dfcc222464,credit,4795,2911426.5,2026-06-28T16:48:16.146Z
89873675-b1c6-4f3f-bf20-a16b70e6cc70,dfffab37-7984-45e6-bfd9-bcb0617b8a82,credit,5000,195003.35,2026-06-28T16:48:16.146Z
5403fa78-9cea-40a4-8cee-8f970f87a093,cc817b0a-5cde-4437-9047-eb0a6c1b8735,credit,4000,148497.1,2026-06-28T16:48:16.146Z
11873716-9419-45ce-b39f-70c157af6650,cc817b0a-5cde-4437-9047-eb0a6c1b8735,debit,187,148310.1,2026-06-28T16:48:16.146Z
11873716-9419-45ce-b39f-70c157af6650,77f216ae-66bd-4d6b-9dcf-ac7ac8c779cc,credit,187,90834,2026-06-28T16:48:16.146Z
311eef19-4adf-4fe6-a610-10f0e0847ad0,2e25c793-17ff-4230-b58d-17dfcc222464,credit,12434,2923860.5,2026-06-29T16:48:16.146Z
aebc2485-88cc-406a-b725-983517b32987,2e25c793-17ff-4230-b58d-17dfcc222464,debit,753,2923107.5,2026-06-29T16:48:16.146Z
aebc2485-88cc-406a-b725-983517b32987,77f216ae-66bd-4d6b-9dcf-ac7ac8c779cc,credit,753,91587,2026-06-29T16:48:16.146Z
10c769ac-4cfc-4301-8e8f-06b3b6d81f6e,d53314e5-d645-464a-99cf-45ed1a35e9fd,debit,4753,933286.1,2026-06-29T16:48:16.146Z
10c769ac-4cfc-4301-8e8f-06b3b6d81f6e,4778cfd7-bd59-44d1-88ad-ffa43d403800,credit,4753,113106,2026-06-29T16:48:16.146Z
7917afaf-1510-42f6-b030-3d44bc05cde6,dfffab37-7984-45e6-bfd9-bcb0617b8a82,debit,209,194794.35,2026-06-29T16:48:16.146Z
7917afaf-1510-42f6-b030-3d44bc05cde6,cc817b0a-5cde-4437-9047-eb0a6c1b8735,credit,209,148519.1,2026-06-29T16:48:16.146Z
dd997da2-82d0-4ff2-9569-526269fcc8ff,4c9659e2-39a0-491a-9392-94dfda2a7ad5,credit,37986,633631.35,2026-06-29T16:48:16.146Z
5bec45a5-5095-4c40-9978-0484f3361708,4c9659e2-39a0-491a-9392-94dfda2a7ad5,debit,1397,632234.35,2026-06-29T16:48:16.146Z
5bec45a5-5095-4c40-9978-0484f3361708,8fecc2ac-282e-4044-a1dd-0ef257c60926,credit,1397,167968,2026-06-29T16:48:16.146Z
cf372bcc-37a0-4941-b127-8e294d09b84b,dfffab37-7984-45e6-bfd9-bcb0617b8a82,debit,856,193938.35,2026-06-30T16:48:16.146Z
cf372bcc-37a0-4941-b127-8e294d09b84b,68e8cdc4-a89c-4489-9d80-d6345ef95f59,credit,856,403136,2026-06-30T16:48:16.146Z
e6a983dd-bb20-473a-878c-e598784d9b5e,4c9659e2-39a0-491a-9392-94dfda2a7ad5,debit,382,631852.35,2026-06-30T16:48:16.146Z
e6a983dd-bb20-473a-878c-e598784d9b5e,8c25909a-227f-4d95-86a1-9033ec6e34a4,credit,382,83844,2026-06-30T16:48:16.146Z
64f074c4-7728-4b81-9eb6-24acd43fbf4c,4f64b206-7b74-44ce-b39f-89049ebd4e3f,credit,85000,444432.5,2026-07-01T16:48:16.146Z
0cb6b9ab-a53f-4ea8-8307-92feeacfb9ff,2e25c793-17ff-4230-b58d-17dfcc222464,credit,17414,2940521.5,2026-07-01T16:48:16.146Z
ca9929fc-83c0-4158-96da-a947e5ec233f,2e25c793-17ff-4230-b58d-17dfcc222464,credit,14155,2954676.5,2026-07-01T16:48:16.146Z
1ccc8c94-8515-4b58-97c2-9333208babe8,2e25c793-17ff-4230-b58d-17dfcc222464,debit,4523,2950153.5,2026-07-01T16:48:16.146Z
1ccc8c94-8515-4b58-97c2-9333208babe8,68e8cdc4-a89c-4489-9d80-d6345ef95f59,credit,4523,407659,2026-07-01T16:48:16.146Z
906f4d14-09ec-4f9d-b1dd-85c7d392faea,d53314e5-d645-464a-99cf-45ed1a35e9fd,credit,120000,1053286.1,2026-07-01T16:48:16.146Z
905d16a8-a050-4516-8372-452d6d16507f,d53314e5-d645-464a-99cf-45ed1a35e9fd,debit,1560,1051726.1,2026-07-01T16:48:16.146Z
905d16a8-a050-4516-8372-452d6d16507f,8c25909a-227f-4d95-86a1-9033ec6e34a4,credit,1560,85404,2026-07-01T16:48:16.146Z
052880ce-f898-4d12-a70d-308f1f36d092,4f64b206-7b74-44ce-b39f-89049ebd4e3f,debit,306,444126.5,2026-07-02T16:48:16.146Z
052880ce-f898-4d12-a70d-308f1f36d092,99326bcd-2ed0-4319-b6a7-a9d1ac39f1b2,credit,306,94501,2026-07-02T16:48:16.146Z
765b2864-df5f-4f98-a21e-96fd8f702a27,2e25c793-17ff-4230-b58d-17dfcc222464,credit,7990,2958143.5,2026-07-02T16:48:16.146Z
ca31f280-9ab1-446e-aab8-3f11f9b10784,2e25c793-17ff-4230-b58d-17dfcc222464,debit,35000,2923143.5,2026-07-02T16:48:16.146Z
ca31f280-9ab1-446e-aab8-3f11f9b10784,396aaa88-f522-47e1-a4dd-f2107cc69e7a,credit,35000,660000,2026-07-02T16:48:16.146Z
11702520-2e44-4821-9feb-be875afa0f8e,dfffab37-7984-45e6-bfd9-bcb0617b8a82,debit,103,193835.35,2026-07-02T16:48:16.146Z
11702520-2e44-4821-9feb-be875afa0f8e,cc817b0a-5cde-4437-9047-eb0a6c1b8735,credit,103,148622.1,2026-07-02T16:48:16.146Z
c7ad38b8-537e-4000-9757-83a5681deef4,4f64b206-7b74-44ce-b39f-89049ebd4e3f,debit,25000,419126.5,2026-07-03T16:48:16.146Z
c7ad38b8-537e-4000-9757-83a5681deef4,396aaa88-f522-47e1-a4dd-f2107cc69e7a,credit,25000,685000,2026-07-03T16:48:16.146Z
388c4786-515e-43ed-a6cf-f689aef1ad0e,2e25c793-17ff-4230-b58d-17dfcc222464,debit,5196,2917947.5,2026-07-03T16:48:16.146Z
388c4786-515e-43ed-a6cf-f689aef1ad0e,68e8cdc4-a89c-4489-9d80-d6345ef95f59,credit,5196,412855,2026-07-03T16:48:16.146Z
ae7d4b75-ae4a-49e4-a10e-40e6ecccb23f,dfffab37-7984-45e6-bfd9-bcb0617b8a82,debit,60,193775.35,2026-07-03T16:48:16.146Z
ae7d4b75-ae4a-49e4-a10e-40e6ecccb23f,cc817b0a-5cde-4437-9047-eb0a6c1b8735,credit,60,148682.1,2026-07-03T16:48:16.146Z
4ba8cccc-1c91-4054-aebb-f7193d9f39a5,4c9659e2-39a0-491a-9392-94dfda2a7ad5,debit,226,631626.35,2026-07-03T16:48:16.146Z
4ba8cccc-1c91-4054-aebb-f7193d9f39a5,8c25909a-227f-4d95-86a1-9033ec6e34a4,credit,226,85630,2026-07-03T16:48:16.146Z
3fb0c81f-6442-42a4-8a5c-f9f67184c6a5,4c9659e2-39a0-491a-9392-94dfda2a7ad5,credit,11.3,631637.65,2026-07-03T16:48:16.146Z
56890cfd-44c9-48ad-b111-c1e393434b20,4f64b206-7b74-44ce-b39f-89049ebd4e3f,debit,2182,416944.5,2026-07-04T16:48:16.146Z
56890cfd-44c9-48ad-b111-c1e393434b20,8fecc2ac-282e-4044-a1dd-0ef257c60926,credit,2182,170150,2026-07-04T16:48:16.146Z
d3d10687-962a-4cf6-9a46-50ef1759a7de,4f64b206-7b74-44ce-b39f-89049ebd4e3f,debit,1226,415718.5,2026-07-04T16:48:16.146Z
d3d10687-962a-4cf6-9a46-50ef1759a7de,68e8cdc4-a89c-4489-9d80-d6345ef95f59,credit,1226,414081,2026-07-04T16:48:16.146Z
4d7017bf-c038-4584-8e89-aaeaa1f9c462,2e25c793-17ff-4230-b58d-17dfcc222464,credit,11956,2929903.5,2026-07-04T16:48:16.146Z
68bd1d5f-421d-4fb2-8dad-3dcd3868f14d,2e25c793-17ff-4230-b58d-17dfcc222464,credit,13840,2943743.5,2026-07-04T16:48:16.146Z
e31d577f-41a0-4e74-986e-267404bfcde8,4c9659e2-39a0-491a-9392-94dfda2a7ad5,debit,460,631177.65,2026-07-04T16:48:16.146Z
e31d577f-41a0-4e74-986e-267404bfcde8,8c25909a-227f-4d95-86a1-9033ec6e34a4,credit,460,86090,2026-07-04T16:48:16.146Z
54f8f1f1-8bff-4886-b9b4-178cd8cc0baa,4f64b206-7b74-44ce-b39f-89049ebd4e3f,debit,2988,412730.5,2026-07-05T16:48:16.146Z
54f8f1f1-8bff-4886-b9b4-178cd8cc0baa,0e5d4bb0-d613-443b-beef-163eb4214b67,credit,2988,42985,2026-07-05T16:48:16.146Z
8dd25a99-891e-4fbf-a3a3-ba91dae425e3,2e25c793-17ff-4230-b58d-17dfcc222464,credit,11108,2954851.5,2026-07-05T16:48:16.146Z
36759586-de48-416a-a5b0-4b7f703d211c,2e25c793-17ff-4230-b58d-17dfcc222464,credit,10420,2965271.5,2026-07-05T16:48:16.146Z
f9ed8250-db22-48d2-80ff-ca80ff324ae6,2e25c793-17ff-4230-b58d-17dfcc222464,credit,8884,2974155.5,2026-07-05T16:48:16.146Z
e21e98c6-8140-40bb-82dd-14cb451304b2,2e25c793-17ff-4230-b58d-17dfcc222464,debit,49311,2924844.5,2026-07-05T16:48:16.146Z
e21e98c6-8140-40bb-82dd-14cb451304b2,78d754c3-7421-45c6-af19-62af10c7d7a7,credit,49311,1555399,2026-07-05T16:48:16.146Z
767edd12-bd4a-416a-b8af-1447399da557,2e25c793-17ff-4230-b58d-17dfcc222464,debit,353,2924491.5,2026-07-05T16:48:16.146Z
767edd12-bd4a-416a-b8af-1447399da557,77f216ae-66bd-4d6b-9dcf-ac7ac8c779cc,credit,353,91940,2026-07-05T16:48:16.146Z
0028d1b3-daf6-4e54-9356-3bf2ae0832b8,d53314e5-d645-464a-99cf-45ed1a35e9fd,debit,481,1051245.1,2026-07-05T16:48:16.146Z
0028d1b3-daf6-4e54-9356-3bf2ae0832b8,77f216ae-66bd-4d6b-9dcf-ac7ac8c779cc,credit,481,92421,2026-07-05T16:48:16.146Z
78ab002e-f7c6-4aae-ad9c-516dcbbed98e,dfffab37-7984-45e6-bfd9-bcb0617b8a82,credit,5000,198775.35,2026-07-05T16:48:16.146Z
1234cc6e-a60e-42c1-823e-d837b24bfdb7,dfffab37-7984-45e6-bfd9-bcb0617b8a82,debit,187,198588.35,2026-07-05T16:48:16.146Z
1234cc6e-a60e-42c1-823e-d837b24bfdb7,99326bcd-2ed0-4319-b6a7-a9d1ac39f1b2,credit,187,94688,2026-07-05T16:48:16.146Z
484922a3-192b-494f-87f1-6808d994bb31,cc817b0a-5cde-4437-9047-eb0a6c1b8735,credit,4000,152682.1,2026-07-05T16:48:16.146Z
14c4f8b2-88b2-4b92-953f-e5df98b934c9,4c9659e2-39a0-491a-9392-94dfda2a7ad5,debit,245,630932.65,2026-07-05T16:48:16.146Z
14c4f8b2-88b2-4b92-953f-e5df98b934c9,77f216ae-66bd-4d6b-9dcf-ac7ac8c779cc,credit,245,92666,2026-07-05T16:48:16.146Z
798fe3bf-054c-4e64-bac3-b28d1e76a994,4f64b206-7b74-44ce-b39f-89049ebd4e3f,debit,1599,411131.5,2026-07-06T16:48:16.146Z
798fe3bf-054c-4e64-bac3-b28d1e76a994,68e8cdc4-a89c-4489-9d80-d6345ef95f59,credit,1599,415680,2026-07-06T16:48:16.146Z
76459d43-9df5-4d5b-b9f5-2e49be87c63c,2e25c793-17ff-4230-b58d-17dfcc222464,credit,4973,2929464.5,2026-07-06T16:48:16.146Z
7facae9a-2288-4459-98f7-9f4fb2a8cd8d,d53314e5-d645-464a-99cf-45ed1a35e9fd,debit,1625,1049620.1,2026-07-06T16:48:16.146Z
7facae9a-2288-4459-98f7-9f4fb2a8cd8d,8c25909a-227f-4d95-86a1-9033ec6e34a4,credit,1625,87715,2026-07-06T16:48:16.146Z
f181205e-b452-4abb-8a2b-e02f7a56ab9c,dfffab37-7984-45e6-bfd9-bcb0617b8a82,debit,254,198334.35,2026-07-06T16:48:16.146Z
f181205e-b452-4abb-8a2b-e02f7a56ab9c,68e8cdc4-a89c-4489-9d80-d6345ef95f59,credit,254,415934,2026-07-06T16:48:16.146Z
6bd1b8f5-e105-4b3d-a624-53f39b009734,4c9659e2-39a0-491a-9392-94dfda2a7ad5,debit,1535,629397.65,2026-07-06T16:48:16.146Z
6bd1b8f5-e105-4b3d-a624-53f39b009734,8fecc2ac-282e-4044-a1dd-0ef257c60926,credit,1535,171685,2026-07-06T16:48:16.146Z
f3874096-f2d0-47b8-a4e7-a4b2c542f1a2,2e25c793-17ff-4230-b58d-17dfcc222464,debit,18000,2911464.5,2026-07-07T16:48:16.146Z
f3874096-f2d0-47b8-a4e7-a4b2c542f1a2,655846c2-aeb1-41c7-b562-4937ad6f5c8b,credit,18000,198000,2026-07-07T16:48:16.146Z
5171a234-d32d-4f6f-947c-641cdf8fe8b5,2e25c793-17ff-4230-b58d-17dfcc222464,debit,311,2911153.5,2026-07-07T16:48:16.146Z
5171a234-d32d-4f6f-947c-641cdf8fe8b5,8c25909a-227f-4d95-86a1-9033ec6e34a4,credit,311,88026,2026-07-07T16:48:16.146Z
51065f9d-3627-446f-9273-b850d7e50bd7,d53314e5-d645-464a-99cf-45ed1a35e9fd,debit,1711,1047909.1000000001,2026-07-07T16:48:16.146Z
51065f9d-3627-446f-9273-b850d7e50bd7,8c25909a-227f-4d95-86a1-9033ec6e34a4,credit,1711,89737,2026-07-07T16:48:16.146Z
0132cff4-6adc-4291-9765-86db5a063160,2e25c793-17ff-4230-b58d-17dfcc222464,credit,5019,2916172.5,2026-07-08T16:48:16.146Z
dde45064-33e0-4fc5-86c4-6a42b8e876a4,2e25c793-17ff-4230-b58d-17dfcc222464,credit,15844,2932016.5,2026-07-08T16:48:16.146Z
c0fe2399-e865-4f39-b697-52ec6d251ab8,2e25c793-17ff-4230-b58d-17dfcc222464,credit,9684,2941700.5,2026-07-08T16:48:16.146Z
1142dbad-6077-40c1-83d3-a9dd0c7a4acd,4c9659e2-39a0-491a-9392-94dfda2a7ad5,debit,363,629034.65,2026-07-08T16:48:16.146Z
1142dbad-6077-40c1-83d3-a9dd0c7a4acd,8c25909a-227f-4d95-86a1-9033ec6e34a4,credit,363,90100,2026-07-08T16:48:16.146Z
7871b4c2-7ede-4933-b4e9-263dc032fb80,4f64b206-7b74-44ce-b39f-89049ebd4e3f,debit,199,410932.5,2026-07-10T16:48:16.146Z
7871b4c2-7ede-4933-b4e9-263dc032fb80,bcf7c323-ee7b-4313-95c0-68f74cfeb2bb,credit,199,2388,2026-07-10T16:48:16.146Z
ba3eb1cd-7b14-44d1-9b19-378b14af5b7f,4f64b206-7b74-44ce-b39f-89049ebd4e3f,debit,699,410233.5,2026-07-10T16:48:16.146Z
ba3eb1cd-7b14-44d1-9b19-378b14af5b7f,8f5bd58f-2868-4aff-b5da-41454b5bb662,credit,699,8687,2026-07-10T16:48:16.146Z
6aa38d0a-f868-42e3-bb74-15cef7574e6e,2e25c793-17ff-4230-b58d-17dfcc222464,credit,15616,2957316.5,2026-07-10T16:48:16.146Z
4be2eb3d-022d-4e1c-9b11-e7d089c4078a,2e25c793-17ff-4230-b58d-17dfcc222464,credit,4974,2962290.5,2026-07-10T16:48:16.146Z
1ac9bcf4-fcf4-49c7-a27d-be6fb26af65f,4c9659e2-39a0-491a-9392-94dfda2a7ad5,debit,150,628884.65,2026-07-10T16:48:16.146Z
1ac9bcf4-fcf4-49c7-a27d-be6fb26af65f,77f216ae-66bd-4d6b-9dcf-ac7ac8c779cc,credit,150,92816,2026-07-10T16:48:16.146Z
b434b2b1-9271-4cc7-957c-c174f79d6ec5,4f64b206-7b74-44ce-b39f-89049ebd4e3f,debit,2521,407712.5,2026-07-11T16:48:16.146Z
b434b2b1-9271-4cc7-957c-c174f79d6ec5,8fecc2ac-282e-4044-a1dd-0ef257c60926,credit,2521,174206,2026-07-11T16:48:16.146Z
1443c0e3-6127-413f-84d3-3196e1b303a0,4f64b206-7b74-44ce-b39f-89049ebd4e3f,debit,734,406978.5,2026-07-11T16:48:16.146Z
1443c0e3-6127-413f-84d3-3196e1b303a0,99326bcd-2ed0-4319-b6a7-a9d1ac39f1b2,credit,734,95422,2026-07-11T16:48:16.146Z
18263c2d-9375-4f3a-b6cd-552ce32d91c7,2e25c793-17ff-4230-b58d-17dfcc222464,credit,14336,2976626.5,2026-07-11T16:48:16.146Z
ab67879b-67d1-4f4e-8825-a44cdb8eaedd,2e25c793-17ff-4230-b58d-17dfcc222464,credit,11493,2988119.5,2026-07-11T16:48:16.146Z
de0aa1de-affc-45ad-af27-a8ea4c4600e6,4c9659e2-39a0-491a-9392-94dfda2a7ad5,debit,522,628362.65,2026-07-11T16:48:16.146Z
de0aa1de-affc-45ad-af27-a8ea4c4600e6,99326bcd-2ed0-4319-b6a7-a9d1ac39f1b2,credit,522,95944,2026-07-11T16:48:16.146Z
a60b736e-84ea-4caf-af23-259809f46ba0,2e25c793-17ff-4230-b58d-17dfcc222464,credit,6284,2994403.5,2026-07-12T16:48:16.146Z
8937d886-3015-45f6-b27d-cec54c65af68,2e25c793-17ff-4230-b58d-17dfcc222464,credit,7115,3001518.5,2026-07-12T16:48:16.146Z
ecda3041-8e15-4610-9c6d-0cb6dfd40137,2e25c793-17ff-4230-b58d-17dfcc222464,debit,633,3000885.5,2026-07-12T16:48:16.146Z
ecda3041-8e15-4610-9c6d-0cb6dfd40137,8c25909a-227f-4d95-86a1-9033ec6e34a4,credit,633,90733,2026-07-12T16:48:16.146Z
45154dca-bc66-427f-87da-bd22e049d220,dfffab37-7984-45e6-bfd9-bcb0617b8a82,credit,5000,203334.35,2026-07-12T16:48:16.146Z
03a04d2c-09ee-4d43-90db-9b6e4e631abb,cc817b0a-5cde-4437-9047-eb0a6c1b8735,credit,4000,156682.1,2026-07-12T16:48:16.146Z
2e8821bd-0532-42a6-9c47-bfdcc07926ec,4c9659e2-39a0-491a-9392-94dfda2a7ad5,debit,8000,620362.65,2026-07-12T16:48:16.146Z
2e8821bd-0532-42a6-9c47-bfdcc07926ec,a56c78df-bd12-4093-8857-edaaef0c6ac6,credit,8000,88000,2026-07-12T16:48:16.146Z
11c5f084-64ec-4efa-9857-6fd873dd4e0f,4f64b206-7b74-44ce-b39f-89049ebd4e3f,debit,3604,403374.5,2026-07-13T16:48:16.146Z
11c5f084-64ec-4efa-9857-6fd873dd4e0f,68e8cdc4-a89c-4489-9d80-d6345ef95f59,credit,3604,419538,2026-07-13T16:48:16.146Z
4c205feb-e71c-4758-a1b0-f3ebefc0999c,2e25c793-17ff-4230-b58d-17dfcc222464,credit,13692,3014577.5,2026-07-13T16:48:16.146Z
661943e4-20d3-4602-98da-78c3a6b9cbef,2e25c793-17ff-4230-b58d-17dfcc222464,debit,2427,3012150.5,2026-07-13T16:48:16.146Z
661943e4-20d3-4602-98da-78c3a6b9cbef,68e8cdc4-a89c-4489-9d80-d6345ef95f59,credit,2427,421965,2026-07-13T16:48:16.146Z
f0d0b201-da38-4722-bf1d-9629c7e99029,dfffab37-7984-45e6-bfd9-bcb0617b8a82,debit,195,203139.35,2026-07-13T16:48:16.146Z
f0d0b201-da38-4722-bf1d-9629c7e99029,cc817b0a-5cde-4437-9047-eb0a6c1b8735,credit,195,156877.1,2026-07-13T16:48:16.146Z
e4f21411-05c1-4570-b999-b28d45f5eb25,4f64b206-7b74-44ce-b39f-89049ebd4e3f,debit,639,402735.5,2026-07-14T16:48:16.146Z
e4f21411-05c1-4570-b999-b28d45f5eb25,99326bcd-2ed0-4319-b6a7-a9d1ac39f1b2,credit,639,96583,2026-07-14T16:48:16.146Z
43b7beb8-b108-426d-adc7-7b643ddad515,2e25c793-17ff-4230-b58d-17dfcc222464,credit,14830,3026980.5,2026-07-14T16:48:16.146Z
95b7588f-8c7e-4be4-a0dd-c0747e167b9c,2e25c793-17ff-4230-b58d-17dfcc222464,credit,10691,3037671.5,2026-07-14T16:48:16.146Z
74dfe362-71b3-4c63-a68e-e8c75d7e8bf0,d53314e5-d645-464a-99cf-45ed1a35e9fd,debit,605,1047304.1000000001,2026-07-14T16:48:16.146Z
74dfe362-71b3-4c63-a68e-e8c75d7e8bf0,99326bcd-2ed0-4319-b6a7-a9d1ac39f1b2,credit,605,97188,2026-07-14T16:48:16.146Z
f2f44f5b-171f-4047-9dc3-0ac70762f685,4c9659e2-39a0-491a-9392-94dfda2a7ad5,debit,316,620046.65,2026-07-14T16:48:16.146Z
f2f44f5b-171f-4047-9dc3-0ac70762f685,99326bcd-2ed0-4319-b6a7-a9d1ac39f1b2,credit,316,97504,2026-07-14T16:48:16.146Z
f6fc01d8-8c5c-4617-bcdc-537554078022,4f64b206-7b74-44ce-b39f-89049ebd4e3f,debit,265,402470.5,2026-07-15T16:48:16.146Z
f6fc01d8-8c5c-4617-bcdc-537554078022,77f216ae-66bd-4d6b-9dcf-ac7ac8c779cc,credit,265,93081,2026-07-15T16:48:16.146Z
b096ad94-21c1-47d3-ad08-c7ca29e87702,2e25c793-17ff-4230-b58d-17dfcc222464,credit,17085,3054756.5,2026-07-15T16:48:16.146Z
2d4eacc8-c3d8-489f-99eb-01a195277d4c,2e25c793-17ff-4230-b58d-17dfcc222464,debit,42818,3011938.5,2026-07-15T16:48:16.146Z
2d4eacc8-c3d8-489f-99eb-01a195277d4c,78d754c3-7421-45c6-af19-62af10c7d7a7,credit,42818,1598217,2026-07-15T16:48:16.146Z
2174d321-948c-4cf5-b175-7c76c7c9374d,2e25c793-17ff-4230-b58d-17dfcc222464,debit,905,3011033.5,2026-07-15T16:48:16.146Z
2174d321-948c-4cf5-b175-7c76c7c9374d,77f216ae-66bd-4d6b-9dcf-ac7ac8c779cc,credit,905,93986,2026-07-15T16:48:16.146Z
066b9cb9-7286-40e1-b9e3-57ff5acd9a12,d53314e5-d645-464a-99cf-45ed1a35e9fd,debit,359,1046945.1000000001,2026-07-15T16:48:16.146Z
066b9cb9-7286-40e1-b9e3-57ff5acd9a12,77f216ae-66bd-4d6b-9dcf-ac7ac8c779cc,credit,359,94345,2026-07-15T16:48:16.146Z
0be5b866-a920-469c-8fe0-4057b7925b68,dfffab37-7984-45e6-bfd9-bcb0617b8a82,debit,339,202800.35,2026-07-15T16:48:16.146Z
0be5b866-a920-469c-8fe0-4057b7925b68,99326bcd-2ed0-4319-b6a7-a9d1ac39f1b2,credit,339,97843,2026-07-15T16:48:16.146Z
52de2cfc-11ff-43d4-91e3-43820ead1db5,4c9659e2-39a0-491a-9392-94dfda2a7ad5,debit,2415,617631.65,2026-07-15T16:48:16.146Z
52de2cfc-11ff-43d4-91e3-43820ead1db5,68e8cdc4-a89c-4489-9d80-d6345ef95f59,credit,2415,424380,2026-07-15T16:48:16.146Z
fef0468a-a87d-47e3-90b8-5f80d307497e,dfffab37-7984-45e6-bfd9-bcb0617b8a82,debit,277,202523.35,2026-07-16T16:48:16.146Z
fef0468a-a87d-47e3-90b8-5f80d307497e,77f216ae-66bd-4d6b-9dcf-ac7ac8c779cc,credit,277,94622,2026-07-16T16:48:16.146Z
63ad21e4-51ac-46a1-a489-c3fb13bf14e3,4c9659e2-39a0-491a-9392-94dfda2a7ad5,debit,279,617352.65,2026-07-16T16:48:16.146Z
63ad21e4-51ac-46a1-a489-c3fb13bf14e3,77f216ae-66bd-4d6b-9dcf-ac7ac8c779cc,credit,279,94901,2026-07-16T16:48:16.146Z
14b16139-7f29-461b-b218-5b01190b6dc5,2e25c793-17ff-4230-b58d-17dfcc222464,credit,11813,3022846.5,2026-07-17T16:48:16.146Z
730f2461-7507-4aa1-b18f-e875a5eaf28e,2e25c793-17ff-4230-b58d-17dfcc222464,credit,5248,3028094.5,2026-07-17T16:48:16.146Z
6ac4734b-959b-40e0-888b-0a94dbad00e8,4c9659e2-39a0-491a-9392-94dfda2a7ad5,debit,463,616889.65,2026-07-17T16:48:16.146Z
6ac4734b-959b-40e0-888b-0a94dbad00e8,99326bcd-2ed0-4319-b6a7-a9d1ac39f1b2,credit,463,98306,2026-07-17T16:48:16.146Z
16f60095-49ad-4e38-8384-7db049767e03,4f64b206-7b74-44ce-b39f-89049ebd4e3f,debit,3036,399434.5,2026-07-18T16:48:16.146Z
16f60095-49ad-4e38-8384-7db049767e03,8fecc2ac-282e-4044-a1dd-0ef257c60926,credit,3036,177242,2026-07-18T16:48:16.146Z
080cb4c1-6c05-4f0b-8b6d-c3c78c18fb43,4f64b206-7b74-44ce-b39f-89049ebd4e3f,debit,185,399249.5,2026-07-18T16:48:16.146Z
080cb4c1-6c05-4f0b-8b6d-c3c78c18fb43,77f216ae-66bd-4d6b-9dcf-ac7ac8c779cc,credit,185,95086,2026-07-18T16:48:16.146Z
b4e70d0f-e276-42a3-9901-7666dad3c771,2e25c793-17ff-4230-b58d-17dfcc222464,credit,6165,3034259.5,2026-07-18T16:48:16.146Z
864e5bbd-6bf9-4416-9795-077b63f8f010,2e25c793-17ff-4230-b58d-17dfcc222464,credit,10976,3045235.5,2026-07-18T16:48:16.146Z
2733b58f-9f10-448d-b81f-961050ece624,4c9659e2-39a0-491a-9392-94dfda2a7ad5,debit,407,616482.65,2026-07-18T16:48:16.146Z
2733b58f-9f10-448d-b81f-961050ece624,8c25909a-227f-4d95-86a1-9033ec6e34a4,credit,407,91140,2026-07-18T16:48:16.146Z
31e1222c-72d7-4bcf-a573-4740fe742c2d,2e25c793-17ff-4230-b58d-17dfcc222464,credit,16233,3061468.5,2026-07-19T16:48:16.146Z
0f08e15d-0c8e-4366-903a-1f18bdfa5e80,2e25c793-17ff-4230-b58d-17dfcc222464,debit,234,3061234.5,2026-07-19T16:48:16.146Z
0f08e15d-0c8e-4366-903a-1f18bdfa5e80,8c25909a-227f-4d95-86a1-9033ec6e34a4,credit,234,91374,2026-07-19T16:48:16.146Z
d038ee06-8311-403b-9e95-b8c7cf1338fb,dfffab37-7984-45e6-bfd9-bcb0617b8a82,credit,5000,207523.35,2026-07-19T16:48:16.146Z
45262c0c-5dfc-47ad-b076-a53cebc50623,dfffab37-7984-45e6-bfd9-bcb0617b8a82,debit,50,207473.35,2026-07-19T16:48:16.146Z
45262c0c-5dfc-47ad-b076-a53cebc50623,cc817b0a-5cde-4437-9047-eb0a6c1b8735,credit,50,156927.1,2026-07-19T16:48:16.146Z
6895b934-3e8d-4ce3-9b54-cadb6a7b761b,cc817b0a-5cde-4437-9047-eb0a6c1b8735,credit,4000,160927.1,2026-07-19T16:48:16.146Z
fde0a973-13e1-4d61-9a50-5ccb08a0591d,2e25c793-17ff-4230-b58d-17dfcc222464,credit,13300,3074534.5,2026-07-20T16:48:16.146Z
da73484f-bae4-4153-83e5-0ac1581c7263,4c9659e2-39a0-491a-9392-94dfda2a7ad5,debit,356,616126.65,2026-07-20T16:48:16.146Z
da73484f-bae4-4153-83e5-0ac1581c7263,99326bcd-2ed0-4319-b6a7-a9d1ac39f1b2,credit,356,98662,2026-07-20T16:48:16.146Z
8ef31b97-96f7-4535-a649-1b5de84627c2,4f64b206-7b74-44ce-b39f-89049ebd4e3f,debit,427,398822.5,2026-07-21T16:48:16.146Z
8ef31b97-96f7-4535-a649-1b5de84627c2,99326bcd-2ed0-4319-b6a7-a9d1ac39f1b2,credit,427,99089,2026-07-21T16:48:16.146Z
8c6f9c20-d1e8-4628-9ea4-04f512b50e0d,2e25c793-17ff-4230-b58d-17dfcc222464,credit,17991,3092525.5,2026-07-21T16:48:16.146Z
ee0499b4-307e-4f3d-8432-c6533a988684,2e25c793-17ff-4230-b58d-17dfcc222464,credit,16613,3109138.5,2026-07-21T16:48:16.146Z
36cbc924-f42b-43a9-8493-f3ee7aed319c,2e25c793-17ff-4230-b58d-17dfcc222464,debit,1859,3107279.5,2026-07-21T16:48:16.146Z
36cbc924-f42b-43a9-8493-f3ee7aed319c,68e8cdc4-a89c-4489-9d80-d6345ef95f59,credit,1859,426239,2026-07-21T16:48:16.146Z
d63a7028-4fb7-43a2-af4f-0293f72c6e71,d53314e5-d645-464a-99cf-45ed1a35e9fd,debit,459,1046486.1000000001,2026-07-21T16:48:16.146Z
d63a7028-4fb7-43a2-af4f-0293f72c6e71,77f216ae-66bd-4d6b-9dcf-ac7ac8c779cc,credit,459,95545,2026-07-21T16:48:16.146Z
e92eb0e1-4dc5-4000-b7da-277cc7c939c5,dfffab37-7984-45e6-bfd9-bcb0617b8a82,debit,622,206851.35,2026-07-21T16:48:16.146Z
e92eb0e1-4dc5-4000-b7da-277cc7c939c5,68e8cdc4-a89c-4489-9d80-d6345ef95f59,credit,622,426861,2026-07-21T16:48:16.146Z
c075c7e4-3279-4c36-9243-af2760ab4e6d,4f64b206-7b74-44ce-b39f-89049ebd4e3f,debit,1515,397307.5,2026-07-22T16:48:16.146Z
c075c7e4-3279-4c36-9243-af2760ab4e6d,68e8cdc4-a89c-4489-9d80-d6345ef95f59,credit,1515,428376,2026-07-22T16:48:16.146Z
75eb51c7-d190-4864-bcec-600610e27b7d,cc817b0a-5cde-4437-9047-eb0a6c1b8735,debit,414,160513.1,2026-07-22T16:48:16.146Z
75eb51c7-d190-4864-bcec-600610e27b7d,68e8cdc4-a89c-4489-9d80-d6345ef95f59,credit,414,428790,2026-07-22T16:48:16.146Z
a673411e-73e7-45e3-88f7-b3f8dcc7e450,4c9659e2-39a0-491a-9392-94dfda2a7ad5,debit,345,615781.65,2026-07-22T16:48:16.146Z
a673411e-73e7-45e3-88f7-b3f8dcc7e450,8c25909a-227f-4d95-86a1-9033ec6e34a4,credit,345,91719,2026-07-22T16:48:16.146Z
6f1b7e5a-98cc-41d0-b44b-5bf4f1b0c496,4f64b206-7b74-44ce-b39f-89049ebd4e3f,debit,465,396842.5,2026-07-23T16:48:16.146Z
6f1b7e5a-98cc-41d0-b44b-5bf4f1b0c496,77f216ae-66bd-4d6b-9dcf-ac7ac8c779cc,credit,465,96010,2026-07-23T16:48:16.146Z
e4e4911e-2d9b-4708-b237-d8b01042191d,2e25c793-17ff-4230-b58d-17dfcc222464,credit,12506,3119785.5,2026-07-23T16:48:16.146Z
76c0c53f-e64c-4c2c-9a42-2d766144d84a,2e25c793-17ff-4230-b58d-17dfcc222464,credit,6263,3126048.5,2026-07-23T16:48:16.146Z
8b4e27bc-7650-4d51-a38d-31b05595832a,d53314e5-d645-464a-99cf-45ed1a35e9fd,debit,656,1045830.1000000001,2026-07-23T16:48:16.146Z
8b4e27bc-7650-4d51-a38d-31b05595832a,99326bcd-2ed0-4319-b6a7-a9d1ac39f1b2,credit,656,99745,2026-07-23T16:48:16.146Z
59ba0db1-6bab-462d-ab91-1394bd365f80,dfffab37-7984-45e6-bfd9-bcb0617b8a82,debit,236,206615.35,2026-07-23T16:48:16.146Z
59ba0db1-6bab-462d-ab91-1394bd365f80,99326bcd-2ed0-4319-b6a7-a9d1ac39f1b2,credit,236,99981,2026-07-23T16:48:16.146Z
f133b32b-4b9e-4a8c-b583-16a2364c9924,cc817b0a-5cde-4437-9047-eb0a6c1b8735,debit,130,160383.1,2026-07-23T16:48:16.146Z
f133b32b-4b9e-4a8c-b583-16a2364c9924,dfffab37-7984-45e6-bfd9-bcb0617b8a82,credit,130,206745.35,2026-07-23T16:48:16.146Z
944d3aea-2643-4330-95d8-43ab46b1fd1c,4c9659e2-39a0-491a-9392-94dfda2a7ad5,debit,137,615644.65,2026-07-23T16:48:16.146Z
944d3aea-2643-4330-95d8-43ab46b1fd1c,77f216ae-66bd-4d6b-9dcf-ac7ac8c779cc,credit,137,96147,2026-07-23T16:48:16.146Z
6cbfaaca-832c-4dea-8a99-061458a6579c,4f64b206-7b74-44ce-b39f-89049ebd4e3f,debit,449,396393.5,2026-07-24T16:48:16.146Z
6cbfaaca-832c-4dea-8a99-061458a6579c,99326bcd-2ed0-4319-b6a7-a9d1ac39f1b2,credit,449,100430,2026-07-24T16:48:16.146Z
1782d3a9-dbf4-4c9b-b173-ae25985dc0da,2e25c793-17ff-4230-b58d-17dfcc222464,credit,7217,3133265.5,2026-07-24T16:48:16.146Z
d4a766f3-6080-481a-8337-e9167762d92f,cc817b0a-5cde-4437-9047-eb0a6c1b8735,debit,182,160201.1,2026-07-24T16:48:16.146Z
d4a766f3-6080-481a-8337-e9167762d92f,99326bcd-2ed0-4319-b6a7-a9d1ac39f1b2,credit,182,100612,2026-07-24T16:48:16.146Z
4b6e060b-c6ec-4c91-a6f3-1848beb18b4e,4c9659e2-39a0-491a-9392-94dfda2a7ad5,credit,34579,650223.65,2026-07-24T16:48:16.146Z
e45c2dc8-5a08-46bb-afa6-9d0ca354eeb6,4f64b206-7b74-44ce-b39f-89049ebd4e3f,debit,2969,393424.5,2026-07-25T16:48:16.146Z
e45c2dc8-5a08-46bb-afa6-9d0ca354eeb6,8fecc2ac-282e-4044-a1dd-0ef257c60926,credit,2969,180211,2026-07-25T16:48:16.146Z
0b7448f3-7c1c-46ef-9ada-333395ec1ac1,2e25c793-17ff-4230-b58d-17dfcc222464,debit,61614,3071651.5,2026-07-25T16:48:16.146Z
0b7448f3-7c1c-46ef-9ada-333395ec1ac1,78d754c3-7421-45c6-af19-62af10c7d7a7,credit,61614,1659831,2026-07-25T16:48:16.146Z
ca1fe02c-44f5-47ae-b698-4029aa5e000e,2e25c793-17ff-4230-b58d-17dfcc222464,debit,708,3070943.5,2026-07-25T16:48:16.146Z
ca1fe02c-44f5-47ae-b698-4029aa5e000e,77f216ae-66bd-4d6b-9dcf-ac7ac8c779cc,credit,708,96855,2026-07-25T16:48:16.146Z
f23bc518-7ea8-4011-9b4e-91d9916702bd,2e25c793-17ff-4230-b58d-17dfcc222464,credit,35.4,3070978.9,2026-07-25T16:48:16.146Z
108029d9-9bd7-4288-861d-825b0e07c4ab,dfffab37-7984-45e6-bfd9-bcb0617b8a82,debit,336,206409.35,2026-07-25T16:48:16.146Z
108029d9-9bd7-4288-861d-825b0e07c4ab,99326bcd-2ed0-4319-b6a7-a9d1ac39f1b2,credit,336,100948,2026-07-25T16:48:16.146Z
f1cb560c-194f-41d3-ae98-842dc279a8a4,4c9659e2-39a0-491a-9392-94dfda2a7ad5,credit,12955,663178.65,2026-07-25T16:48:16.146Z
8ffabe99-e75f-4b2d-953a-cbf212d8d0f9,4f64b206-7b74-44ce-b39f-89049ebd4e3f,debit,736,392688.5,2026-07-26T16:48:16.146Z
8ffabe99-e75f-4b2d-953a-cbf212d8d0f9,99326bcd-2ed0-4319-b6a7-a9d1ac39f1b2,credit,736,101684,2026-07-26T16:48:16.146Z
a8ad85c2-a960-4428-9a3c-c12736d3db43,2e25c793-17ff-4230-b58d-17dfcc222464,credit,17817,3088795.9,2026-07-26T16:48:16.146Z
78700a37-da5e-4e7c-b1e1-647a3ee2a915,2e25c793-17ff-4230-b58d-17dfcc222464,credit,11099,3099894.9,2026-07-26T16:48:16.146Z
3c55e25b-b787-4a51-a43c-dbb9d187f798,d53314e5-d645-464a-99cf-45ed1a35e9fd,debit,403,1045427.1000000001,2026-07-26T16:48:16.146Z
3c55e25b-b787-4a51-a43c-dbb9d187f798,77f216ae-66bd-4d6b-9dcf-ac7ac8c779cc,credit,403,97258,2026-07-26T16:48:16.146Z
07b08663-a747-49ff-a847-1f6942a12ce4,dfffab37-7984-45e6-bfd9-bcb0617b8a82,credit,5000,211409.35,2026-07-26T16:48:16.146Z
6577ce3f-e804-424a-a4c0-ffb4238212ea,cc817b0a-5cde-4437-9047-eb0a6c1b8735,credit,4000,164201.1,2026-07-26T16:48:16.146Z
cdd9adf6-fb39-4937-a854-0fe50929ac40,4c9659e2-39a0-491a-9392-94dfda2a7ad5,debit,476,662702.65,2026-07-26T16:48:16.146Z
cdd9adf6-fb39-4937-a854-0fe50929ac40,8c25909a-227f-4d95-86a1-9033ec6e34a4,credit,476,92195,2026-07-26T16:48:16.146Z