id,idempotency_key,source_wallet_id,destination_wallet_id,amount,currency,status,error_reason,created_at,updated_at
1f84082e-668e-499e-b855-edc9b37c7c44,signup-bonus-7aba28a8-1676-4258-8177-019a1fc6213b,,4f64b206-7b74-44ce-b39f-89049ebd4e3f,10000,INR,completed,,2025-07-31T16:48:16.146Z,2025-07-31T16:48:16.146Z
fba6b78f-5ea3-4d3e-841b-7c57c52c28bd,dep-8ebf6243-f5ec-409e-ba3c-cfbcdd96d5fd,,4f64b206-7b74-44ce-b39f-89049ebd4e3f,85000,INR,completed,,2025-08-01T16:48:16.146Z,2025-08-01T16:48:16.146Z
2075ed7f-d2b5-469c-9e4d-7196a9c200b2,tx-262cdd61-0528-4cf4-970b-2d107fdc9506,4f64b206-7b74-44ce-b39f-89049ebd4e3f,99326bcd-2ed0-4319-b6a7-a9d1ac39f1b2,726,INR,completed,,2025-08-01T16:48:16.146Z,2025-08-01T16:48:16.146Z
3ac7ee5a-d288-4a37-9bec-0c8b854048d9,tx-8b6a82ad-d2c3-40b4-82b2-ad52fe573437,4f64b206-7b74-44ce-b39f-89049ebd4e3f,8fecc2ac-282e-4044-a1dd-0ef257c60926,3314,INR,completed,,2025-08-02T16:48:16.146Z,2025-08-02T16:48:16.146Z
c73a5252-de1d-445d-b37b-cb00a9b526cc,tx-b71a3601-766a-464b-b227-ce6634cc94f8,4f64b206-7b74-44ce-b39f-89049ebd4e3f,396aaa88-f522-47e1-a4dd-f2107cc69e7a,25000,INR,completed,,2025-08-03T16:48:16.146Z,2025-08-03T16:48:16.146Z
805aecca-2d12-446a-be56-a707e7accf29,tx-e0fe1e45-2d8a-43d8-a952-a74a05b2d515,4f64b206-7b74-44ce-b39f-89049ebd4e3f,0e5d4bb0-d613-443b-beef-163eb4214b67,3546,INR,completed,,2025-08-05T16:48:16.146Z,2025-08-05T16:48:16.146Z
30214287-002f-4ed8-ad29-07fd107bbae3,tx-55373522-998f-48db-9a2a-b97450fa49d3,4f64b206-7b74-44ce-b39f-89049ebd4e3f,99326bcd-2ed0-4319-b6a7-a9d1ac39f1b2,415,INR,completed,,2025-08-07T16:48:16.146Z,2025-08-07T16:48:16.146Z
be98a856-d126-46bc-8044-3ab91f184811,tx-77deec55-2e09-4d2d-98d2-e2678cef723e,4f64b206-7b74-44ce-b39f-89049ebd4e3f,99326bcd-2ed0-4319-b6a7-a9d1ac39f1b2,394,INR,completed,,2025-08-08T16:48:16.146Z,2025-08-08T16:48:16.146Z
88a1e35b-90af-4a5b-a8ea-98fa465b9601,tx-f8fce50d-8689-45cd-a014-3ece01d5c222,4f64b206-7b74-44ce-b39f-89049ebd4e3f,8fecc2ac-282e-4044-a1dd-0ef257c60926,2689,INR,completed,,2025-08-09T16:48:16.146Z,2025-08-09T16:48:16.146Z
18014e28-ca1a-43b7-87a4-3d96a354f46a,tx-3f1505b5-d36f-4dff-8aec-1574b33429c4,4f64b206-7b74-44ce-b39f-89049ebd4e3f,77f216ae-66bd-4d6b-9dcf-ac7ac8c779cc,263,INR,completed,,2025-08-09T16:48:16.146Z,2025-08-09T16:48:16.146Z
22c98218-94e7-4612-be12-06a426a449d6,signup-bonus-6c81bc8a-1f37-4c9f-85d1-a8876ce337bd,,2e25c793-17ff-4230-b58d-17dfcc222464,10000,INR,completed,,2025-08-10T16:48:16.146Z,2025-08-10T16:48:16.146Z
4a8efb81-0f93-41e5-ba7c-a5a4a9816f1d,tx-19d80856-5a4d-427f-8ed2-5d3318e7c269,4f64b206-7b74-44ce-b39f-89049ebd4e3f,bcf7c323-ee7b-4313-95c0-68f74cfeb2bb,199,INR,completed,,2025-08-10T16:48:16.146Z,2025-08-10T16:48:16.146Z
0b2804c1-115d-4fff-b568-17d84422c069,tx-2ef55b00-a37e-496b-8160-8521218a63d9,4f64b206-7b74-44ce-b39f-89049ebd4e3f,8f5bd58f-2868-4aff-b5da-41454b5bb662,699,INR,completed,,2025-08-10T16:48:16.146Z,2025-08-10T16:48:16.146Z
e58666fe-faaa-4592-ac49-8802d2e54c22,tx-bd92fcb6-226a-4147-9548-95c75f37b02b,4f64b206-7b74-44ce-b39f-89049ebd4e3f,99326bcd-2ed0-4319-b6a7-a9d1ac39f1b2,737,INR,completed,,2025-08-10T16:48:16.146Z,2025-08-10T16:48:16.146Z
40b6ac2c-5b52-47e8-bdcc-a18666915a7c,dep-ae4cc6fa-7021-471e-9f48-734aad361021,,4f64b206-7b74-44ce-b39f-89049ebd4e3f,36.85,INR,completed,,2025-08-10T16:48:16.146Z,2025-08-10T16:48:16.146Z
7218996d-2803-45cc-97d1-42b0e687aa2a,dep-54d46211-ee89-47bd-a218-5db2e2622aa1,,2e25c793-17ff-4230-b58d-17dfcc222464,6706,INR,completed,,2025-08-10T16:48:16.146Z,2025-08-10T16:48:16.146Z
97d7e04e-da42-489d-9868-ef75caf2b81f,tx-6910e3ce-7552-4bec-9633-dc388e47ed18,2e25c793-17ff-4230-b58d-17dfcc222464,68e8cdc4-a89c-4489-9d80-d6345ef95f59,2079,INR,completed,,2025-08-10T16:48:16.146Z,2025-08-10T16:48:16.146Z
7e9e2d39-fe9d-4fdc-a50c-d01736ce4f24,dep-e94bee20-7caf-4ed8-8e42-1f0a2bc45849,,2e25c793-17ff-4230-b58d-17dfcc222464,11600,INR,completed,,2025-08-11T16:48:16.146Z,2025-08-11T16:48:16.146Z
c599e086-65ef-4e1a-a784-24e493009b64,tx-776118e7-0dd7-407c-bf8e-551bb7b29607,2e25c793-17ff-4230-b58d-17dfcc222464,8c25909a-227f-4d95-86a1-9033ec6e34a4,629,INR,completed,,2025-08-11T16:48:16.146Z,2025-08-11T16:48:16.146Z
46651c83-bd8a-48e6-a748-f0a2197d51fe,dep-50350bc8-411d-4ee8-bb40-36875475d748,,2e25c793-17ff-4230-b58d-17dfcc222464,11330,INR,completed,,2025-08-12T16:48:16.146Z,2025-08-12T16:48:16.146Z
2b612c8f-3276-4fa3-b419-5988ed672b59,tx-9fc4e2fa-62b0-4131-9c6e-e0df828735df,2e25c793-17ff-4230-b58d-17dfcc222464,77f216ae-66bd-4d6b-9dcf-ac7ac8c779cc,834,INR,completed,,2025-08-12T16:48:16.146Z,2025-08-12T16:48:16.146Z
4c03d366-db4b-4452-899f-4bacf817bd4e,dep-0927aac1-cc4b-4680-ac8a-2c310dec4ac3,,2e25c793-17ff-4230-b58d-17dfcc222464,8702,INR,completed,,2025-08-13T16:48:16.146Z,2025-08-13T16:48:16.146Z
9e99038d-0232-4a78-a90f-38d63ac53291,tx-2dc45b4c-c124-4363-9f68-73a11abbebe9,2e25c793-17ff-4230-b58d-17dfcc222464,68e8cdc4-a89c-4489-9d80-d6345ef95f59,2622,INR,completed,,2025-08-14T16:48:16.146Z,2025-08-14T16:48:16.146Z
da6db0b3-6d55-4ca8-8ee9-5899213aa150,signup-bonus-ca9186d2-ed34-4ba2-be36-2c0eff3c62c0,,d53314e5-d645-464a-99cf-45ed1a35e9fd,10000,INR,completed,,2025-08-15T16:48:16.146Z,2025-08-15T16:48:16.146Z
c51100e2-6ccf-4067-8e7e-352d27ce2131,tx-b7ec09c8-5ada-4d68-ab68-269663005867,4f64b206-7b74-44ce-b39f-89049ebd4e3f,77f216ae-66bd-4d6b-9dcf-ac7ac8c779cc,508,INR,completed,,2025-08-15T16:48:16.146Z,2025-08-15T16:48:16.146Z
99107894-6a47-4d5c-8b1b-b2549af03457,dep-70e03775-de76-44ad-b6c4-7bec77b970c6,,2e25c793-17ff-4230-b58d-17dfcc222464,9860,INR,completed,,2025-08-15T16:48:16.146Z,2025-08-15T16:48:16.146Z
06c2c9b9-7870-4649-afc8-6bd839d27ba8,tx-4c77114b-fbae-4d22-82a7-6ecacb23b46a,2e25c793-17ff-4230-b58d-17dfcc222464,78d754c3-7421-45c6-af19-62af10c7d7a7,45753,INR,completed,,2025-08-15T16:48:16.146Z,2025-08-15T16:48:16.146Z
96a89274-df0d-4f3c-84b1-f4128333f8dd,tx-d923ca72-e4c2-43e6-9310-e28db9b20db9,d53314e5-d645-464a-99cf-45ed1a35e9fd,77f216ae-66bd-4d6b-9dcf-ac7ac8c779cc,388,INR,completed,,2025-08-15T16:48:16.146Z,2025-08-15T16:48:16.146Z
7fe7a1cf-18a1-49cc-970b-384d47915efa,tx-d5973d06-0e1f-44e8-8cf5-ff59b4994e87,4f64b206-7b74-44ce-b39f-89049ebd4e3f,8fecc2ac-282e-4044-a1dd-0ef257c60926,2976,INR,completed,,2025-08-16T16:48:16.146Z,2025-08-16T16:48:16.146Z
4d26b1f3-72e9-454f-bb35-295c4622dbd7,tx-755e6a62-a058-4352-9065-db95118f637a,4f64b206-7b74-44ce-b39f-89049ebd4e3f,68e8cdc4-a89c-4489-9d80-d6345ef95f59,1577,INR,completed,,2025-08-16T16:48:16.146Z,2025-08-16T16:48:16.146Z
8524fd5e-caaa-4f1f-b080-877def725639,dep-c8cf8abd-6ac2-4941-b21f-ea558bc6cba2,,2e25c793-17ff-4230-b58d-17dfcc222464,5257,INR,completed,,2025-08-16T16:48:16.146Z,2025-08-16T16:48:16.146Z
713b8abc-e25f-44a3-829b-3f03431deaef,dep-42fe8194-b886-4c44-a467-91af6907d612,,2e25c793-17ff-4230-b58d-17dfcc222464,15017,INR,completed,,2025-08-16T16:48:16.146Z,2025-08-16T16:48:16.146Z
e7bfb419-0b1f-4e7d-92fa-e4205a37e4ae,dep-a1703ef5-e1cf-4e55-a018-862fd11d176e,,2e25c793-17ff-4230-b58d-17dfcc222464,16985,INR,completed,,2025-08-17T16:48:16.146Z,2025-08-17T16:48:16.146Z
cf71f1d7-91d6-435e-b608-99d7cd45439e,dep-a6a0680c-e5f0-483f-b701-2c90dcf7f692,,2e25c793-17ff-4230-b58d-17dfcc222464,9518,INR,completed,,2025-08-17T16:48:16.146Z,2025-08-17T16:48:16.146Z
c4e9f8b4-f640-4c7c-8582-741c521eb6de,tx-9513c3cf-6fe2-46a0-bb16-f212cb48d0e5,2e25c793-17ff-4230-b58d-17dfcc222464,77f216ae-66bd-4d6b-9dcf-ac7ac8c779cc,512,INR,completed,,2025-08-17T16:48:16.146Z,2025-08-17T16:48:16.146Z
a60c25c3-5dc9-48ed-9fd4-00540ac64f66,dep-71622afc-e66c-4b97-b3a5-abd0ec38c0e4,,2e25c793-17ff-4230-b58d-17dfcc222464,7504,INR,completed,,2025-08-18T16:48:16.146Z,2025-08-18T16:48:16.146Z
d931c1b8-c07a-40c4-b0c5-4383e3bad3b2,dep-6ea1aeac-823e-424c-b96c-b6c53c4537e5,,2e25c793-17ff-4230-b58d-17dfcc222464,16468,INR,completed,,2025-08-18T16:48:16.146Z,2025-08-18T16:48:16.146Z
4d9ee42b-b2fc-4f4b-974a-7fc072c33d2d,dep-9f0cedba-e2ad-42a0-804c-416cd7209733,,2e25c793-17ff-4230-b58d-17dfcc222464,13112,INR,completed,,2025-08-18T16:48:16.146Z,2025-08-18T16:48:16.146Z
c78114b9-a924-48e2-ae04-222ec370a3c8,tx-68eb8588-21cc-4948-9506-426d082c7b30,d53314e5-d645-464a-99cf-45ed1a35e9fd,99326bcd-2ed0-4319-b6a7-a9d1ac39f1b2,570,INR,completed,,2025-08-18T16:48:16.146Z,2025-08-18T16:48:16.146Z
1399ab56-687d-4eae-99df-e1254f063b72,dep-cb379c07-f2c0-4b6f-82e6-3c87583e8120,,2e25c793-17ff-4230-b58d-17dfcc222464,14472,INR,completed,,2025-08-19T16:48:16.146Z,2025-08-19T16:48:16.146Z
63b81d09-56b7-456a-aa33-2c9d1e9f48dc,tx-71b46b76-eedc-43c7-ab15-94093ca29ad9,d53314e5-d645-464a-99cf-45ed1a35e9fd,68e8cdc4-a89c-4489-9d80-d6345ef95f59,1610,INR,completed,,2025-08-19T16:48:16.146Z,2025-08-19T16:48:16.146Z
5a011617-f514-4356-989b-54cf7245ae4e,dep-a51f199b-dc1d-49bc-b907-b64df586104c,,2e25c793-17ff-4230-b58d-17dfcc222464,8122,INR,completed,,2025-08-20T16:48:16.146Z,2025-08-20T16:48:16.146Z
7d33cab0-8228-4801-b594-899a9c9bc697,dep-fa0e1eda-5f4d-433e-90ed-fb86efd1756e,,2e25c793-17ff-4230-b58d-17dfcc222464,8521,INR,completed,,2025-08-21T16:48:16.146Z,2025-08-21T16:48:16.146Z
d9f5ddd5-8a5c-4861-9272-a617726bc1de,tx-48183f02-658a-442a-8c7e-e64ef11b9570,d53314e5-d645-464a-99cf-45ed1a35e9fd,99326bcd-2ed0-4319-b6a7-a9d1ac39f1b2,649,INR,completed,,2025-08-21T16:48:16.146Z,2025-08-21T16:48:16.146Z
902848d1-1e78-48a1-90c4-4db2b5c9274e,tx-00a68500-f980-4c87-abcd-42b7354e7625,4f64b206-7b74-44ce-b39f-89049ebd4e3f,68e8cdc4-a89c-4489-9d80-d6345ef95f59,3201,INR,completed,,2025-08-22T16:48:16.146Z,2025-08-22T16:48:16.146Z
7ff961d3-3025-4a9b-b7b3-5f44c5596f58,dep-b45abcb9-5507-4612-8b98-1aa9237bb4d5,,2e25c793-17ff-4230-b58d-17dfcc222464,11308,INR,completed,,2025-08-22T16:48:16.146Z,2025-08-22T16:48:16.146Z
2dc89fe8-4850-41d2-b928-fe9bf74ffcef,dep-7593d72a-a853-4d33-a04c-d50e0403bb46,,2e25c793-17ff-4230-b58d-17dfcc222464,5810,INR,completed,,2025-08-22T16:48:16.146Z,2025-08-22T16:48:16.146Z
366a17e9-8655-41d9-98f0-19bf565e61a2,tx-ec48621b-81dd-48d1-acfe-0b7e1e14ce0d,4f64b206-7b74-44ce-b39f-89049ebd4e3f,8fecc2ac-282e-4044-a1dd-0ef257c60926,2338,INR,completed,,2025-08-23T16:48:16.146Z,2025-08-23T16:48:16.146Z
62545bd2-b093-4a18-9867-f2598915f0d2,dep-2c7593b5-2e14-4c83-b064-ac24355044c6,,2e25c793-17ff-4230-b58d-17dfcc222464,9267,INR,completed,,2025-08-23T16:48:16.146Z,2025-08-23T16:48:16.146Z
681bd1e0-b96e-4b69-9313-b9022654e487,tx-beb0b772-cde7-48cf-8839-0265735dd283,2e25c793-17ff-4230-b58d-17dfcc222464,68e8cdc4-a89c-4489-9d80-d6345ef95f59,1438,INR,completed,,2025-08-23T16:48:16.146Z,2025-08-23T16:48:16.146Z
6b53fbef-845b-4782-a3aa-9a0eabdbf6a0,dep-3df54d54-7ef6-4131-ae77-8facca6d0af3,,2e25c793-17ff-4230-b58d-17dfcc222464,12916,INR,completed,,2025-08-24T16:48:16.146Z,2025-08-24T16:48:16.146Z
c02adc8f-a42c-415f-92a9-0bf309969698,dep-d19f2dde-4ee3-4e56-8e63-3ca9968c0b79,,2e25c793-17ff-4230-b58d-17dfcc222464,7374,INR,completed,,2025-08-24T16:48:16.146Z,2025-08-24T16:48:16.146Z
d3e00f6b-ee1e-4829-9c9e-a76c14b6f9f7,tx-2c98881a-fba9-457d-abf4-4a22505ffdbd,2e25c793-17ff-4230-b58d-17dfcc222464,77f216ae-66bd-4d6b-9dcf-ac7ac8c779cc,754,INR,completed,,2025-08-24T16:48:16.146Z,2025-08-24T16:48:16.146Z
26d281d3-4661-4eaf-9319-42bb459c4397,signup-bonus-882bd677-182a-49b0-839e-5574c87db875,,dfffab37-7984-45e6-bfd9-bcb0617b8a82,10000,INR,completed,,2025-08-25T16:48:16.146Z,2025-08-25T16:48:16.146Z
418ef853-640f-4b82-af0e-6014e821adbd,tx-407ba66c-4649-436f-b301-3217f3afc8c6,4f64b206-7b74-44ce-b39f-89049ebd4e3f,68e8cdc4-a89c-4489-9d80-d6345ef95f59,1424,INR,completed,,2025-08-25T16:48:16.146Z,2025-08-25T16:48:16.146Z
6a56544a-9dcb-432f-ac19-bf867bdbd2a2,dep-499512d1-3bae-4414-8629-cf8248160129,,2e25c793-17ff-4230-b58d-17dfcc222464,13360,INR,completed,,2025-08-25T16:48:16.146Z,2025-08-25T16:48:16.146Z
3e5c94ce-7418-4a3c-8818-0ddcf75a0c4e,tx-072fe362-32b6-4c41-911c-b503bb017b2e,2e25c793-17ff-4230-b58d-17dfcc222464,78d754c3-7421-45c6-af19-62af10c7d7a7,27758,INR,completed,,2025-08-25T16:48:16.146Z,2025-08-25T16:48:16.146Z
3c4640f2-6d16-47a9-b20d-c0edacf3c98b,tx-9c33d7d1-842f-4c50-9b0c-91a63979145d,2e25c793-17ff-4230-b58d-17dfcc222464,8c25909a-227f-4d95-86a1-9033ec6e34a4,387,INR,completed,,2025-08-25T16:48:16.146Z,2025-08-25T16:48:16.146Z
9aae1655-6724-4c45-b2da-10a4e0321e25,tx-4d629f5b-92b3-4bff-9ac8-3ba2ba64957e,4f64b206-7b74-44ce-b39f-89049ebd4e3f,68e8cdc4-a89c-4489-9d80-d6345ef95f59,3023,INR,completed,,2025-08-26T16:48:16.146Z,2025-08-26T16:48:16.146Z
e3ecf49a-0d81-4170-873e-33d1e24b1107,dep-a1663087-1f18-4084-9ce2-f4df8c933680,,2e25c793-17ff-4230-b58d-17dfcc222464,7900,INR,completed,,2025-08-26T16:48:16.146Z,2025-08-26T16:48:16.146Z
e0edec09-81ec-4513-88d6-6c088a608d11,dep-a13654d5-a17e-4dfa-bbad-5c3005ae8779,,2e25c793-17ff-4230-b58d-17dfcc222464,9851,INR,completed,,2025-08-26T16:48:16.146Z,2025-08-26T16:48:16.146Z
1eeff958-6a73-4cda-b0c3-ac4b8aa848eb,signup-bonus-0b127035-059c-4381-bef6-77450cfdde76,,cc817b0a-5cde-4437-9047-eb0a6c1b8735,10000,INR,completed,,2025-08-27T16:48:16.146Z,2025-08-27T16:48:16.146Z
0db177e8-1f5f-42be-914b-792e7af5c653,dep-ef05b285-1502-4b82-9ddd-5b4cb4cd469e,,2e25c793-17ff-4230-b58d-17dfcc222464,7451,INR,completed,,2025-08-27T16:48:16.146Z,2025-08-27T16:48:16.146Z
8712ce36-b844-41b8-b900-4486b772c1f4,dep-dd2f6450-9600-4b19-9209-b8d3b10c4902,,2e25c793-17ff-4230-b58d-17dfcc222464,16042,INR,completed,,2025-08-27T16:48:16.146Z,2025-08-27T16:48:16.146Z
b5dcb7f3-3296-4042-9a70-fb2a39d9950b,dep-0507c392-93ad-41e8-b64e-5c57826d6e50,,2e25c793-17ff-4230-b58d-17dfcc222464,15410,INR,completed,,2025-08-27T16:48:16.146Z,2025-08-27T16:48:16.146Z
dd526abb-5f80-4d7f-b2cb-c5fb2c345f58,tx-770afbca-0aee-47ce-995f-e5cba7851ab6,dfffab37-7984-45e6-bfd9-bcb0617b8a82,99326bcd-2ed0-4319-b6a7-a9d1ac39f1b2,257,INR,completed,,2025-08-27T16:48:16.146Z,2025-08-27T16:48:16.146Z
c5949d9a-ee81-40b8-b407-a925db2b7d7b,dep-a3e8942f-8143-4e40-a4dc-c46034f53148,,2e25c793-17ff-4230-b58d-17dfcc222464,13361,INR,completed,,2025-08-28T16:48:16.146Z,2025-08-28T16:48:16.146Z
5c81e5a2-4288-457d-bb82-59668fcab99f,tx-6fde6e6f-633a-4cfd-8ac6-096d6de0e339,cc817b0a-5cde-4437-9047-eb0a6c1b8735,dfffab37-7984-45e6-bfd9-bcb0617b8a82,99,INR,completed,,2025-08-28T16:48:16.146Z,2025-08-28T16:48:16.146Z
eb9d4c7d-93eb-4f9c-9dea-1cd0e6e311aa,dep-a3741581-2fc1-4759-8a58-cfd824c61fa9,,2e25c793-17ff-4230-b58d-17dfcc222464,10874,INR,completed,,2025-08-29T16:48:16.146Z,2025-08-29T16:48:16.146Z
cab493f7-6467-456e-a37b-a1dfec36cce2,dep-ee3352ab-db07-4600-ba28-eb5c419adb29,,2e25c793-17ff-4230-b58d-17dfcc222464,12342,INR,completed,,2025-08-29T16:48:16.146Z,2025-08-29T16:48:16.146Z
2260615b-9c75-4d0b-9d33-acc3586ff04e,tx-58b3f062-322b-46de-9d79-148f4c3e7e62,d53314e5-d645-464a-99cf-45ed1a35e9fd,99326bcd-2ed0-4319-b6a7-a9d1ac39f1b2,562,INR,completed,,2025-08-29T16:48:16.146Z,2025-08-29T16:48:16.146Z
1fdc2e57-3d23-4a0f-8295-dd2add95a6cb,dep-378df9c9-1c11-4be2-a3cd-d1607cb6f0b4,,d53314e5-d645-464a-99cf-45ed1a35e9fd,28.1,INR,completed,,2025-08-29T16:48:16.146Z,2025-08-29T16:48:16.146Z
4901fd88-23c2-4569-b4d1-ad5a8c805240,tx-d8ccc0b4-3505-4306-9e72-2ff53b85f338,cc817b0a-5cde-4437-9047-eb0a6c1b8735,dfffab37-7984-45e6-bfd9-bcb0617b8a82,244,INR,completed,,2025-08-29T16:48:16.146Z,2025-08-29T16:48:16.146Z
d53f552b-fdc5-48af-a702-377bc16d8917,tx-bb8da103-2599-4b86-a7fb-07fef270439a,4f64b206-7b74-44ce-b39f-89049ebd4e3f,8fecc2ac-282e-4044-a1dd-0ef257c60926,2735,INR,completed,,2025-08-30T16:48:16.146Z,2025-08-30T16:48:16.146Z
54a8294e-52be-4e0d-8051-8b6ee11c0489,dep-eb95dea8-131b-41fd-a98b-3e3985be5b56,,2e25c793-17ff-4230-b58d-17dfcc222464,12843,INR,completed,,2025-08-30T16:48:16.146Z,2025-08-30T16:48:16.146Z
e2c8c0ec-ade5-4792-bee8-cca9e85b4912,tx-e7211e19-c765-4a5d-b6e0-bacbf5809609,4f64b206-7b74-44ce-b39f-89049ebd4e3f,77f216ae-66bd-4d6b-9dcf-ac7ac8c779cc,534,INR,completed,,2025-08-31T16:48:16.146Z,2025-08-31T16:48:16.146Z
909f3ec4-0b4a-494f-89b5-581e4cf7b1be,dep-92610443-7f2b-4d29-af3f-2b6a41945c75,,2e25c793-17ff-4230-b58d-17dfcc222464,6851,INR,completed,,2025-08-31T16:48:16.146Z,2025-08-31T16:48:16.146Z
83545711-437e-4584-9990-55af5f6b09d0,dep-a1177f17-d8ed-40c9-b994-f3ac2bfe1949,,2e25c793-17ff-4230-b58d-17dfcc222464,15826,INR,completed,,2025-08-31T16:48:16.146Z,2025-08-31T16:48:16.146Z
9c304d98-1115-4f19-82dd-2c0bc3c2fdca,tx-94198db6-8417-4553-9c79-6489b45bd3ae,d53314e5-d645-464a-99cf-45ed1a35e9fd,99326bcd-2ed0-4319-b6a7-a9d1ac39f1b2,700,INR,completed,,2025-08-31T16:48:16.146Z,2025-08-31T16:48:16.146Z
2c658750-34cb-4261-9a9c-93b746afe384,dep-56f1e841-0e4d-416a-b787-0833610eb3b9,,dfffab37-7984-45e6-bfd9-bcb0617b8a82,5000,INR,completed,,2025-08-31T16:48:16.146Z,2025-08-31T16:48:16.146Z
daac5137-cca6-42f6-9336-34f84e46e92f,dep-d347be71-e0ba-4dfd-a95d-b0a97ed0ae12,,cc817b0a-5cde-4437-9047-eb0a6c1b8735,4000,INR,completed,,2025-08-31T16:48:16.146Z,2025-08-31T16:48:16.146Z
eae5e8fa-bd74-4d49-8a36-c895e2c3d7c7,tx-bfdfeb83-be23-42d3-a53e-67ffafbb5ee3,cc817b0a-5cde-4437-9047-eb0a6c1b8735,dfffab37-7984-45e6-bfd9-bcb0617b8a82,175,INR,completed,,2025-08-31T16:48:16.146Z,2025-08-31T16:48:16.146Z
fb2febd7-cffb-48a1-af28-685884ddea78,dep-0f64f500-fc2d-40b8-ad60-3081f4569dfa,,4f64b206-7b74-44ce-b39f-89049ebd4e3f,85000,INR,completed,,2025-09-01T16:48:16.146Z,2025-09-01T16:48:16.146Z
3f5924fc-0a3b-4c5c-b7bb-5c3b83b3de28,tx-1b69a845-772b-4352-9c41-71a685f2cf58,4f64b206-7b74-44ce-b39f-89049ebd4e3f,99326bcd-2ed0-4319-b6a7-a9d1ac39f1b2,464,INR,completed,,2025-09-01T16:48:16.146Z,2025-09-01T16:48:16.146Z
83422804-334e-4c81-8f1e-9ba3e6460248,dep-9ff3a258-dc7a-401e-9110-78666103f102,,2e25c793-17ff-4230-b58d-17dfcc222464,13117,INR,completed,,2025-09-01T16:48:16.146Z,2025-09-01T16:48:16.146Z
3cef82dc-bbdf-49e9-bca4-e8954b5f02a0,dep-229f8d5f-2087-45b0-9561-e15707d71f16,,d53314e5-d645-464a-99cf-45ed1a35e9fd,120000,INR,completed,,2025-09-01T16:48:16.146Z,2025-09-01T16:48:16.146Z
e04b2f4b-3209-407f-a3e9-0588d9abd28a,tx-e1c44801-44c6-416a-bb9e-4350f2d0fb39,d53314e5-d645-464a-99cf-45ed1a35e9fd,68e8cdc4-a89c-4489-9d80-d6345ef95f59,2437,INR,completed,,2025-09-01T16:48:16.146Z,2025-09-01T16:48:16.146Z
d9a0449b-6aa5-4afe-a3de-7eca55bf9430,tx-80bbf960-c963-451d-9f97-1c5a86fbe25f,cc817b0a-5cde-4437-9047-eb0a6c1b8735,77f216ae-66bd-4d6b-9dcf-ac7ac8c779cc,179,INR,completed,,2025-09-01T16:48:16.146Z,2025-09-01T16:48:16.146Z
27d45e8f-0d1e-4900-b523-2fdf279ac5cb,dep-c55cbcdb-a923-4107-949d-d50b675d9e31,,2e25c793-17ff-4230-b58d-17dfcc222464,4576,INR,completed,,2025-09-02T16:48:16.146Z,2025-09-02T16:48:16.146Z
91c4cf0e-309d-4f83-8324-64fdf8d5ea27,dep-97582f99-a3e0-4521-a742-b723634b1e33,,2e25c793-17ff-4230-b58d-17dfcc222464,9789,INR,completed,,2025-09-02T16:48:16.146Z,2025-09-02T16:48:16.146Z
60eb6d44-3d03-44a9-991c-8ae978011e81,tx-e18668ee-6beb-4d2f-b905-4a98a2667330,2e25c793-17ff-4230-b58d-17dfcc222464,396aaa88-f522-47e1-a4dd-f2107cc69e7a,35000,INR,completed,,2025-09-02T16:48:16.146Z,2025-09-02T16:48:16.146Z
614dd245-bd5e-466e-9f97-4dfab789395b,tx-904262ac-bb9b-4fac-9b59-355c8ff34be2,2e25c793-17ff-4230-b58d-17dfcc222464,8c25909a-227f-4d95-86a1-9033ec6e34a4,605,INR,completed,,2025-09-02T16:48:16.146Z,2025-09-02T16:48:16.146Z
00d5e3f8-d668-40ac-ae35-d26fae8f3d41,tx-d1249c5b-3d60-4534-a682-d1741699509d,dfffab37-7984-45e6-bfd9-bcb0617b8a82,77f216ae-66bd-4d6b-9dcf-ac7ac8c779cc,144,INR,completed,,2025-09-02T16:48:16.146Z,2025-09-02T16:48:16.146Z
6ad5fc85-d5bc-464a-b405-6676eab68afb,dep-79d2f77b-d145-4920-97d7-50c259745ce8,,dfffab37-7984-45e6-bfd9-bcb0617b8a82,7.2,INR,completed,,2025-09-02T16:48:16.146Z,2025-09-02T16:48:16.146Z
287219f3-0770-435a-ba82-88292e8529e2,tx-a8549230-ac2a-48a5-bb8b-0d9a1debfc92,4f64b206-7b74-44ce-b39f-89049ebd4e3f,396aaa88-f522-47e1-a4dd-f2107cc69e7a,25000,INR,completed,,2025-09-03T16:48:16.146Z,2025-09-03T16:48:16.146Z
26186e05-ab63-4429-b774-7354ae42d094,tx-2bfc1c5f-b56a-4704-b198-aab0c05edd51,4f64b206-7b74-44ce-b39f-89049ebd4e3f,68e8cdc4-a89c-4489-9d80-d6345ef95f59,3550,INR,completed,,2025-09-03T16:48:16.146Z,2025-09-03T16:48:16.146Z
3b7e62ac-1866-4885-936e-8ec71bd74535,dep-fe33d10e-399b-4d1f-a3ad-075b68820ec9,,4f64b206-7b74-44ce-b39f-89049ebd4e3f,177.5,INR,completed,,2025-09-03T16:48:16.146Z,2025-09-03T16:48:16.146Z
cbfd7bc1-f368-4bb6-a7a6-25fb5f5c1974,dep-5beccb69-c2ff-423d-b77c-fdded5354067,,2e25c793-17ff-4230-b58d-17dfcc222464,13343,INR,completed,,2025-09-03T16:48:16.146Z,2025-09-03T16:48:16.146Z
977a2d28-6710-4b18-baed-e196c589a355,dep-4f18d5d6-b860-467c-86b0-bab35908998a,,2e25c793-17ff-4230-b58d-17dfcc222464,10187,INR,completed,,2025-09-03T16:48:16.146Z,2025-09-03T16:48:16.146Z
d210c577-895c-4042-ba79-1f0b5923cefd,tx-a4116f01-2619-4e29-a268-80f4def7a3e3,d53314e5-d645-464a-99cf-45ed1a35e9fd,99326bcd-2ed0-4319-b6a7-a9d1ac39f1b2,351,INR,completed,,2025-09-03T16:48:16.146Z,2025-09-03T16:48:16.146Z
bffa2bc5-e461-485b-a772-6ca7388098a9,tx-ea9cb718-df9e-41d8-bd07-7e5fdc7faa85,dfffab37-7984-45e6-bfd9-bcb0617b8a82,99326bcd-2ed0-4319-b6a7-a9d1ac39f1b2,381,INR,completed,,2025-09-03T16:48:16.146Z,2025-09-03T16:48:16.146Z
f35ef817-dad6-4d19-b0fd-e58079235df1,tx-1c36db3d-f670-4ced-b5ea-b007ab2ba2b9,cc817b0a-5cde-4437-9047-eb0a6c1b8735,dfffab37-7984-45e6-bfd9-bcb0617b8a82,216,INR,completed,,2025-09-03T16:48:16.146Z,2025-09-03T16:48:16.146Z
0d319af0-5221-4e8c-9565-81c31e044021,dep-c69c1e5e-74b4-49fa-b43f-5f42edce4508,,2e25c793-17ff-4230-b58d-17dfcc222464,7442,INR,completed,,2025-09-04T16:48:16.146Z,2025-09-04T16:48:16.146Z
de51a58b-5dbc-4fcc-aeb8-48a38200b481,tx-b36f4e1a-f9b7-4306-b8c6-d14a4969bbea,2e25c793-17ff-4230-b58d-17dfcc222464,77f216ae-66bd-4d6b-9dcf-ac7ac8c779cc,401,INR,completed,,2025-09-04T16:48:16.146Z,2025-09-04T16:48:16.146Z
a9733df3-dbbe-4506-be69-18cf3af14fb9,tx-8c925410-0c1e-486f-b1bc-2fc42d55195b,dfffab37-7984-45e6-bfd9-bcb0617b8a82,68e8cdc4-a89c-4489-9d80-d6345ef95f59,512,INR,completed,,2025-09-04T16:48:16.146Z,2025-09-04T16:48:16.146Z
13986e64-0dd9-4eba-a2a8-e1b4f6a15bae,tx-ba0eba09-0fb4-4981-ab4f-dc5684e98121,cc817b0a-5cde-4437-9047-eb0a6c1b8735,99326bcd-2ed0-4319-b6a7-a9d1ac39f1b2,411,INR,completed,,2025-09-04T16:48:16.146Z,2025-09-04T16:48:16.146Z
c00b8721-b445-4876-99cd-2356050d832b,tx-ed9ff7cd-5523-494e-bb24-951e3665c43f,4f64b206-7b74-44ce-b39f-89049ebd4e3f,0e5d4bb0-d613-443b-beef-163eb4214b67,2661,INR,completed,,2025-09-05T16:48:16.146Z,2025-09-05T16:48:16.146Z
1d1f6498-00ab-4f26-9a46-58a8ba12cb63,tx-e618a856-5bb3-49a5-a8ed-6f0df741fa7b,2e25c793-17ff-4230-b58d-17dfcc222464,78d754c3-7421-45c6-af19-62af10c7d7a7,55944,INR,completed,,2025-09-05T16:48:16.146Z,2025-09-05T16:48:16.146Z
fc5bc517-cb98-42f8-8ea2-f648d0e55555,tx-2652c42e-7951-47be-af9c-a066a6f9afbb,d53314e5-d645-464a-99cf-45ed1a35e9fd,99326bcd-2ed0-4319-b6a7-a9d1ac39f1b2,620,INR,completed,,2025-09-05T16:48:16.146Z,2025-09-05T16:48:16.146Z
8559e175-67cc-4434-9632-fae5a02e37d8,tx-8127007e-0daa-4d03-87f0-c5ac0e70d16d,4f64b206-7b74-44ce-b39f-89049ebd4e3f,8fecc2ac-282e-4044-a1dd-0ef257c60926,2202,INR,completed,,2025-09-06T16:48:16.146Z,2025-09-06T16:48:16.146Z
a750ac66-4f17-4747-bab0-bedc2f146129,tx-abe9d071-1352-46be-a392-924fffd13c44,4f64b206-7b74-44ce-b39f-89049ebd4e3f,68e8cdc4-a89c-4489-9d80-d6345ef95f59,3324,INR,completed,,2025-09-06T16:48:16.146Z,2025-09-06T16:48:16.146Z
8ed1e6e4-c811-4d78-9124-e71bf9fd74fb,dep-20546526-1936-4e4f-abaf-4d9244d546ff,,2e25c793-17ff-4230-b58d-17dfcc222464,11235,INR,completed,,2025-09-06T16:48:16.146Z,2025-09-06T16:48:16.146Z
99ecdc05-0f99-49bc-a491-6a4d6238ad4d,tx-41d250d1-5780-4c6f-a3ca-5c61f98d66f2,d53314e5-d645-464a-99cf-45ed1a35e9fd,77f216ae-66bd-4d6b-9dcf-ac7ac8c779cc,294,INR,completed,,2025-09-06T16:48:16.146Z,2025-09-06T16:48:16.146Z
2ae2cf8a-815a-4e25-8357-7544dc4327fa,tx-08d0b409-6240-46f0-9e77-28d82b91c1f4,dfffab37-7984-45e6-bfd9-bcb0617b8a82,68e8cdc4-a89c-4489-9d80-d6345ef95f59,658,INR,completed,,2025-09-06T16:48:16.146Z,2025-09-06T16:48:16.146Z
813fc5b8-0663-4ccc-b598-846dcafbe505,dep-10ef000a-3f73-4d5f-bc96-4db9d96e9501,,2e25c793-17ff-4230-b58d-17dfcc222464,4763,INR,completed,,2025-09-07T16:48:16.146Z,2025-09-07T16:48:16.146Z
bca12408-aef6-48f4-a005-5964bd0df25a,dep-d2a37e43-1a08-476b-a31b-2bb40155fd10,,2e25c793-17ff-4230-b58d-17dfcc222464,5820,INR,completed,,2025-09-07T16:48:16.146Z,2025-09-07T16:48:16.146Z
221591d4-1910-46b9-92fe-a9824999374c,tx-fdd2ef36-6583-4876-84e0-c6fd4836c130,2e25c793-17ff-4230-b58d-17dfcc222464,655846c2-aeb1-41c7-b562-4937ad6f5c8b,18000,INR,completed,,2025-09-07T16:48:16.146Z,2025-09-07T16:48:16.146Z
fc454ab9-f354-4e6a-a032-eeca672c9ff7,dep-f568d066-fbc0-454e-9ec9-bf043b561e90,,dfffab37-7984-45e6-bfd9-bcb0617b8a82,5000,INR,completed,,2025-09-07T16:48:16.146Z,2025-09-07T16:48:16.146Z
72cf7607-1d73-48fa-9533-70f8c6e5f62e,dep-7c16e4b2-5eba-4b30-8640-8507025ff463,,cc817b0a-5cde-4437-9047-eb0a6c1b8735,4000,INR,completed,,2025-09-07T16:48:16.146Z,2025-09-07T16:48:16.146Z
2279f630-7e02-439f-9af3-98b5fbd16e2c,tx-c403495d-93c7-4093-8583-ea255d897e53,cc817b0a-5cde-4437-9047-eb0a6c1b8735,77f216ae-66bd-4d6b-9dcf-ac7ac8c779cc,208,INR,completed,,2025-09-07T16:48:16.146Z,2025-09-07T16:48:16.146Z
ba13f69b-585a-426f-b267-45bb27de823f,dep-b7d396cd-1793-4a1c-a032-fe920e07200d,,cc817b0a-5cde-4437-9047-eb0a6c1b8735,10.4,INR,completed,,2025-09-07T16:48:16.146Z,2025-09-07T16:48:16.146Z
92dd174d-e8f7-45b6-96b5-681577e1008c,dep-3239f6d2-7913-462c-a501-28c3b9875b7c,,2e25c793-17ff-4230-b58d-17dfcc222464,13356,INR,completed,,2025-09-08T16:48:16.146Z,2025-09-08T16:48:16.146Z
7e6542df-0ecc-457b-8620-576db079c557,dep-88f0bbab-faf4-46d0-937b-2d50598bb74c,,2e25c793-17ff-4230-b58d-17dfcc222464,16381,INR,completed,,2025-09-08T16:48:16.146Z,2025-09-08T16:48:16.146Z
a1a79a8f-d446-4628-9a7c-d620c0dcb1f5,dep-1078ea50-7303-426a-81ee-2a5301fdb895,,2e25c793-17ff-4230-b58d-17dfcc222464,14436,INR,completed,,2025-09-08T16:48:16.146Z,2025-09-08T16:48:16.146Z
fdbd62b9-dcd0-46fd-8468-841e18a4b8ed,tx-326b7297-e789-440f-9fe7-589b0da6793f,2e25c793-17ff-4230-b58d-17dfcc222464,68e8cdc4-a89c-4489-9d80-d6345ef95f59,5881,INR,completed,,2025-09-08T16:48:16.146Z,2025-09-08T16:48:16.146Z
8b54a709-517f-43d1-9f75-e3b43b04576c,tx-4f0e6db7-4f31-44b6-9381-0e66a5e9d3e3,dfffab37-7984-45e6-bfd9-bcb0617b8a82,77f216ae-66bd-4d6b-9dcf-ac7ac8c779cc,141,INR,completed,,2025-09-08T16:48:16.146Z,2025-09-08T16:48:16.146Z
0d24cbca-598c-46ca-a68e-fea974f375d9,tx-7d713c66-88bf-43e7-b20b-ebf2424df27b,cc817b0a-5cde-4437-9047-eb0a6c1b8735,dfffab37-7984-45e6-bfd9-bcb0617b8a82,128,INR,completed,,2025-09-08T16:48:16.146Z,2025-09-08T16:48:16.146Z
de684385-0473-4414-91cb-721f0d504ee5,signup-bonus-be661304-69a1-4305-ba4e-5a4e36ee73bf,,4c9659e2-39a0-491a-9392-94dfda2a7ad5,10000,INR,completed,,2025-09-09T16:48:16.146Z,2025-09-09T16:48:16.146Z
b1fb37f0-8d58-4921-a4ce-9afffc35795b,dep-1ca25452-8827-4332-80d6-da1e8fe7cbbc,,2e25c793-17ff-4230-b58d-17dfcc222464,16092,INR,completed,,2025-09-09T16:48:16.146Z,2025-09-09T16:48:16.146Z
38ad9717-97e5-4104-9498-0b14c2b367dc,dep-ce66f82a-7fc5-462e-9ddd-ebe8831856e9,,2e25c793-17ff-4230-b58d-17dfcc222464,15674,INR,completed,,2025-09-09T16:48:16.146Z,2025-09-09T16:48:16.146Z
3868c27c-dc6b-4735-b5b9-09c6852f5524,tx-4d690b23-9f8a-4e7e-993b-af7d4ddf2b60,4c9659e2-39a0-491a-9392-94dfda2a7ad5,8fecc2ac-282e-4044-a1dd-0ef257c60926,1609,INR,completed,,2025-09-09T16:48:16.146Z,2025-09-09T16:48:16.146Z
e475f7c4-7a4e-421e-b612-ec145cead642,tx-d6956f7d-ed7d-4df5-a00f-2fbfcfbbe978,4f64b206-7b74-44ce-b39f-89049ebd4e3f,bcf7c323-ee7b-4313-95c0-68f74cfeb2bb,199,INR,completed,,2025-09-10T16:48:16.146Z,2025-09-10T16:48:16.146Z
a151d17b-d327-47f1-8f1c-10afc39c36a2,tx-9f5a0db3-440c-4965-87b9-88cfcc779512,4f64b206-7b74-44ce-b39f-89049ebd4e3f,8f5bd58f-2868-4aff-b5da-41454b5bb662,699,INR,completed,,2025-09-10T16:48:16.146Z,2025-09-10T16:48:16.146Z
409ec4ef-9658-4667-915e-8c07d25757ec,tx-5752a440-3f78-43dd-8f06-b25fe148594c,4f64b206-7b74-44ce-b39f-89049ebd4e3f,77f216ae-66bd-4d6b-9dcf-ac7ac8c779cc,415,INR,completed,,2025-09-10T16:48:16.146Z,2025-09-10T16:48:16.146Z
51807818-24a1-4066-8294-2c3614dc017a,dep-c5bdae0d-669e-4f64-964d-d8b4539d0dea,,2e25c793-17ff-4230-b58d-17dfcc222464,17340,INR,completed,,2025-09-10T16:48:16.146Z,2025-09-10T16:48:16.146Z
ad396f48-8d89-4dec-85d4-3ab8bc515b0c,dep-6bb28814-ec9a-4bd0-bdaf-04221492623f,,2e25c793-17ff-4230-b58d-17dfcc222464,9072,INR,completed,,2025-09-11T16:48:16.146Z,2025-09-11T16:48:16.146Z
f3ff6366-0810-4aa0-ba1e-4a796e46859d,tx-c60bb752-6e03-4467-957e-d8decba5552b,2e25c793-17ff-4230-b58d-17dfcc222464,77f216ae-66bd-4d6b-9dcf-ac7ac8c779cc,615,INR,completed,,2025-09-11T16:48:16.146Z,2025-09-11T16:48:16.146Z
f7341b04-81e9-4623-adc2-d1859b5e8396,tx-1713060e-54e5-44b7-bbd7-5c97e0013f32,4c9659e2-39a0-491a-9392-94dfda2a7ad5,99326bcd-2ed0-4319-b6a7-a9d1ac39f1b2,252,INR,completed,,2025-09-11T16:48:16.146Z,2025-09-11T16:48:16.146Z
1b114f16-07e9-42e6-9bc6-40004cc3a002,tx-3613128c-6d70-43f6-9c78-b11d6c6e4ba9,4f64b206-7b74-44ce-b39f-89049ebd4e3f,99326bcd-2ed0-4319-b6a7-a9d1ac39f1b2,618,INR,completed,,2025-09-12T16:48:16.146Z,2025-09-12T16:48:16.146Z
19e6a5f6-cb05-4637-b949-1fa030c3a25a,dep-1c8e9cd3-31d0-4e8c-a1f1-a83c2234ab8e,,2e25c793-17ff-4230-b58d-17dfcc222464,10921,INR,completed,,2025-09-12T16:48:16.146Z,2025-09-12T16:48:16.146Z
c6024900-98ae-463f-bccf-82a0f63b849e,dep-4e6ce057-0483-44f0-9533-4f6f63e98cce,,2e25c793-17ff-4230-b58d-17dfcc222464,16925,INR,completed,,2025-09-12T16:48:16.146Z,2025-09-12T16:48:16.146Z
43412176-9933-4346-80e6-6c505432fba1,tx-e1b4de69-63cf-4d8b-9e3b-225d34056c95,2e25c793-17ff-4230-b58d-17dfcc222464,8c25909a-227f-4d95-86a1-9033ec6e34a4,487,INR,completed,,2025-09-12T16:48:16.146Z,2025-09-12T16:48:16.146Z
7128db9f-6308-43d5-bd2e-1d6b909cd3ea,tx-31ed5f2d-2866-4c61-a057-d4dedd67fe22,4c9659e2-39a0-491a-9392-94dfda2a7ad5,a56c78df-bd12-4093-8857-edaaef0c6ac6,8000,INR,completed,,2025-09-12T16:48:16.146Z,2025-09-12T16:48:16.146Z
918adc23-5b82-401b-9707-10724cfcad2c,tx-59d9ae94-8408-4ff8-860f-c0e304656cc5,4c9659e2-39a0-491a-9392-94dfda2a7ad5,8fecc2ac-282e-4044-a1dd-0ef257c60926,1677,INR,failed,Insufficient balance,2025-09-12T16:48:16.146Z,2025-09-12T16:48:16.146Z
835727d5-2f6d-4d0e-bc24-e5b7cef30420,tx-ddb58326-129e-4400-bd68-82785caba9f7,4f64b206-7b74-44ce-b39f-89049ebd4e3f,8fecc2ac-282e-4044-a1dd-0ef257c60926,2670,INR,completed,,2025-09-13T16:48:16.146Z,2025-09-13T16:48:16.146Z
3b57afbf-f495-4f80-a0e8-6777aa909f8b,tx-b8d61551-3c61-45d6-81e2-96d3c2541404,4f64b206-7b74-44ce-b39f-89049ebd4e3f,68e8cdc4-a89c-4489-9d80-d6345ef95f59,932,INR,completed,,2025-09-13T16:48:16.146Z,2025-09-13T16:48:16.146Z
b214d68a-24e3-4546-ba83-e265dd4b659e,dep-f3109e13-119e-4250-9491-b977d62abfe5,,2e25c793-17ff-4230-b58d-17dfcc222464,10504,INR,completed,,2025-09-13T16:48:16.146Z,2025-09-13T16:48:16.146Z
c085aa44-94c6-4cb4-86d5-a9fe4bff7367,dep-18e7e76e-28d2-4d2e-be09-dd9de2a7d33f,,2e25c793-17ff-4230-b58d-17dfcc222464,13233,INR,completed,,2025-09-13T16:48:16.146Z,2025-09-13T16:48:16.146Z
e0342627-14bf-4a07-a040-cd078f5e710b,tx-7eaa4baa-09df-408d-89c9-f939a77fe79c,dfffab37-7984-45e6-bfd9-bcb0617b8a82,99326bcd-2ed0-4319-b6a7-a9d1ac39f1b2,386,INR,completed,,2025-09-13T16:48:16.146Z,2025-09-13T16:48:16.146Z
e3ff5928-577a-47a6-80da-522778144a4e,tx-c54952f3-73db-488f-9066-4d6db61b21bc,cc817b0a-5cde-4437-9047-eb0a6c1b8735,dfffab37-7984-45e6-bfd9-bcb0617b8a82,249,INR,completed,,2025-09-13T16:48:16.146Z,2025-09-13T16:48:16.146Z
a1ce846e-d458-4a80-9296-cf17f2a04b59,dep-cf05d551-8dad-4e21-b740-c8eb83c453a9,,2e25c793-17ff-4230-b58d-17dfcc222464,16167,INR,completed,,2025-09-14T16:48:16.146Z,2025-09-14T16:48:16.146Z
ed479694-dfd0-4690-9695-2ea5c635f9a4,dep-8d07fc70-36a1-4bf7-8539-11dc47bf6684,,dfffab37-7984-45e6-bfd9-bcb0617b8a82,5000,INR,completed,,2025-09-14T16:48:16.146Z,2025-09-14T16:48:16.146Z
47862518-1fdb-49fa-8e8c-e87d4b02d1d4,dep-c1093ebc-fcbf-463a-bf0a-30fa6bf66cb7,,cc817b0a-5cde-4437-9047-eb0a6c1b8735,4000,INR,completed,,2025-09-14T16:48:16.146Z,2025-09-14T16:48:16.146Z
ca538235-c520-4cfb-aecc-c8d0fb6f7b82,tx-3ddb78ec-d35f-46b3-9793-cbdd733a8ad9,cc817b0a-5cde-4437-9047-eb0a6c1b8735,99326bcd-2ed0-4319-b6a7-a9d1ac39f1b2,348,INR,completed,,2025-09-14T16:48:16.146Z,2025-09-14T16:48:16.146Z
91926500-a881-4f73-b5cc-b9cb04d37edd,dep-a3e26dc7-91d8-43e9-842d-909d6eb42294,,2e25c793-17ff-4230-b58d-17dfcc222464,5863,INR,completed,,2025-09-15T16:48:16.146Z,2025-09-15T16:48:16.146Z
c491f72c-7007-4909-b731-e2e89e499a86,tx-7178d35d-dafa-44d7-9521-f45bf8f7f4ed,2e25c793-17ff-4230-b58d-17dfcc222464,78d754c3-7421-45c6-af19-62af10c7d7a7,38197,INR,completed,,2025-09-15T16:48:16.146Z,2025-09-15T16:48:16.146Z
f325e4c3-5a25-4b47-a63d-915ecd126927,tx-5bf9fc2c-c5fa-4c14-bfcc-e7477a00b259,2e25c793-17ff-4230-b58d-17dfcc222464,8c25909a-227f-4d95-86a1-9033ec6e34a4,579,INR,completed,,2025-09-15T16:48:16.146Z,2025-09-15T16:48:16.146Z
1fa528e6-db0a-464e-8c84-c1bf1ee1068f,tx-9699b4f9-9842-4a0f-9889-97c5e32aa6cf,4c9659e2-39a0-491a-9392-94dfda2a7ad5,68e8cdc4-a89c-4489-9d80-d6345ef95f59,2671,INR,failed,Insufficient balance,2025-09-15T16:48:16.146Z,2025-09-15T16:48:16.146Z
2555dec5-a806-49cd-b04c-fd91ba19caad,tx-a0cc3340-90b4-418d-82e2-cdb3c69f2c81,4c9659e2-39a0-491a-9392-94dfda2a7ad5,99326bcd-2ed0-4319-b6a7-a9d1ac39f1b2,231,INR,failed,Insufficient balance,2025-09-15T16:48:16.146Z,2025-09-15T16:48:16.146Z
6128a37d-4422-4786-8727-3f50ac0ccaf5,tx-4e4aea23-918b-4af1-915f-37a9a0109dac,4f64b206-7b74-44ce-b39f-89049ebd4e3f,77f216ae-66bd-4d6b-9dcf-ac7ac8c779cc,429,INR,completed,,2025-09-16T16:48:16.146Z,2025-09-16T16:48:16.146Z
97f30119-563f-46d1-8e98-255f5a67b708,dep-7441e92c-4768-44b0-a39e-21788422f5de,,4f64b206-7b74-44ce-b39f-89049ebd4e3f,21.45,INR,completed,,2025-09-16T16:48:16.146Z,2025-09-16T16:48:16.146Z
074aa53b-d15b-48d8-ad7c-c57496f4f3f3,dep-66e2a0ea-7a8b-45f5-ac77-ce235e35cfb2,,2e25c793-17ff-4230-b58d-17dfcc222464,12739,INR,completed,,2025-09-16T16:48:16.146Z,2025-09-16T16:48:16.146Z
d093120f-56a5-442d-82fa-b1d7d1665c39,dep-65e19f9b-5f6c-4750-a95b-649781010ced,,2e25c793-17ff-4230-b58d-17dfcc222464,9560,INR,completed,,2025-09-16T16:48:16.146Z,2025-09-16T16:48:16.146Z
9ee23239-4ba2-4c2e-85d2-b06f6ef601e7,dep-8c4918ac-b596-4aad-b232-5a9eed3b4444,,2e25c793-17ff-4230-b58d-17dfcc222464,13623,INR,completed,,2025-09-16T16:48:16.146Z,2025-09-16T16:48:16.146Z
6c0beea4-12b0-4b5b-a809-b9ae6036e709,tx-32ac8781-42f8-4fe5-8315-3f05701e78b5,2e25c793-17ff-4230-b58d-17dfcc222464,68e8cdc4-a89c-4489-9d80-d6345ef95f59,3036,INR,completed,,2025-09-16T16:48:16.146Z,2025-09-16T16:48:16.146Z
0ad22766-4960-4c87-805f-01282289fa33,tx-54ef1f5d-d0f2-49e0-b2ce-4ee752a8ce09,d53314e5-d645-464a-99cf-45ed1a35e9fd,99326bcd-2ed0-4319-b6a7-a9d1ac39f1b2,399,INR,completed,,2025-09-16T16:48:16.146Z,2025-09-16T16:48:16.146Z
16477175-4c64-42db-ab64-612bf36e4b5f,dep-7a2a26ec-b87d-4d1d-875b-07cecfa34a68,,d53314e5-d645-464a-99cf-45ed1a35e9fd,19.95,INR,completed,,2025-09-16T16:48:16.146Z,2025-09-16T16:48:16.146Z
93ccdebb-eac8-4f97-9c10-ecdcc3c1cc6e,tx-2373bf3f-2406-4523-af69-139b5710de92,cc817b0a-5cde-4437-9047-eb0a6c1b8735,dfffab37-7984-45e6-bfd9-bcb0617b8a82,169,INR,completed,,2025-09-16T16:48:16.146Z,2025-09-16T16:48:16.146Z
74d55782-f5fe-4346-ab1a-026197b0375f,tx-27f4cf0f-a9ba-402b-8b07-5cd385c74f02,4c9659e2-39a0-491a-9392-94dfda2a7ad5,8fecc2ac-282e-4044-a1dd-0ef257c60926,1223,INR,failed,Insufficient balance,2025-09-16T16:48:16.146Z,2025-09-16T16:48:16.146Z
36216c76-564b-4b1d-a545-65d4b2e510a5,dep-99b1b675-538e-4b0a-b246-1c9a1d001cee,,2e25c793-17ff-4230-b58d-17dfcc222464,13856,INR,completed,,2025-09-17T16:48:16.146Z,2025-09-17T16:48:16.146Z
5dbbd34f-03e9-491c-825d-f3d663af70cc,dep-ed0c716d-f428-4c41-8165-6d9a64826f14,,2e25c793-17ff-4230-b58d-17dfcc222464,12046,INR,completed,,2025-09-17T16:48:16.146Z,2025-09-17T16:48:16.146Z
be3e3ce2-0421-4cf6-9ec6-887ee772b54a,dep-0db0575a-300f-4af3-a5e7-cd7d4d0e4520,,2e25c793-17ff-4230-b58d-17dfcc222464,9415,INR,completed,,2025-09-17T16:48:16.146Z,2025-09-17T16:48:16.146Z
208284dd-3d52-4fae-aa1a-7cd13badb0ae,tx-1f661727-c535-4df5-aa44-e92a2dc3dba4,dfffab37-7984-45e6-bfd9-bcb0617b8a82,68e8cdc4-a89c-4489-9d80-d6345ef95f59,452,INR,completed,,2025-09-17T16:48:16.146Z,2025-09-17T16:48:16.146Z
b5907cbb-446f-494f-b004-470e8bb656fb,tx-ba99cf0d-b614-4c31-8fcf-d49073d66701,cc817b0a-5cde-4437-9047-eb0a6c1b8735,77f216ae-66bd-4d6b-9dcf-ac7ac8c779cc,255,INR,completed,,2025-09-17T16:48:16.146Z,2025-09-17T16:48:16.146Z
ee020145-fb2a-4fb7-8605-aba59b5b4c39,tx-bda51c54-e656-4002-a8c8-e957fbe6fd4c,4c9659e2-39a0-491a-9392-94dfda2a7ad5,8fecc2ac-282e-4044-a1dd-0ef257c60926,1079,INR,failed,Insufficient balance,2025-09-17T16:48:16.146Z,2025-09-17T16:48:16.146Z
a83e3aba-3ba3-45fd-9d08-3713a420437a,dep-566c9b92-91d7-4065-9a30-fe5ff39b3fb5,,2e25c793-17ff-4230-b58d-17dfcc222464,5300,INR,completed,,2025-09-18T16:48:16.146Z,2025-09-18T16:48:16.146Z
2429fd1a-0d8b-4297-a5c5-010ea2cad740,dep-ed7c93f3-ee67-48dd-b4de-3d105031f3a5,,2e25c793-17ff-4230-b58d-17dfcc222464,10600,INR,completed,,2025-09-18T16:48:16.146Z,2025-09-18T16:48:16.146Z
fc2ffa4a-fbaf-4414-bdad-83e819520e06,tx-54a0500e-f28d-43b6-b6ff-f2050d85dac3,2e25c793-17ff-4230-b58d-17dfcc222464,68e8cdc4-a89c-4489-9d80-d6345ef95f59,7081,INR,completed,,2025-09-18T16:48:16.146Z,2025-09-18T16:48:16.146Z
b18e8de4-6687-4756-baf0-f49acdf4af0d,tx-b0fbc188-550b-43ae-a588-578c2e7c27a2,cc817b0a-5cde-4437-9047-eb0a6c1b8735,68e8cdc4-a89c-4489-9d80-d6345ef95f59,379,INR,completed,,2025-09-18T16:48:16.146Z,2025-09-18T16:48:16.146Z
72025858-53e5-4a51-8124-be1cd2883ae6,dep-5f4265ed-06b8-4f00-92b6-f9af7a5b3ab4,,4c9659e2-39a0-491a-9392-94dfda2a7ad5,24795,INR,completed,,2025-09-18T16:48:16.146Z,2025-09-18T16:48:16.146Z
7eee63cc-935b-4481-991e-6d8f81a79321,tx-5b257b88-05ef-470d-b773-414db8e39628,4f64b206-7b74-44ce-b39f-89049ebd4e3f,77f216ae-66bd-4d6b-9dcf-ac7ac8c779cc,370,INR,completed,,2025-09-19T16:48:16.146Z,2025-09-19T16:48:16.146Z
0bc190cb-62dc-4e6f-af1e-276a78a577b1,dep-63386249-60d9-403e-ade7-f979cd4851d4,,2e25c793-17ff-4230-b58d-17dfcc222464,14799,INR,completed,,2025-09-19T16:48:16.146Z,2025-09-19T16:48:16.146Z
eff5f4d4-4537-48d0-96a1-12afe70aea9e,dep-eb364a64-85ce-42b5-8a02-d19b96f0195c,,2e25c793-17ff-4230-b58d-17dfcc222464,12817,INR,completed,,2025-09-19T16:48:16.146Z,2025-09-19T16:48:16.146Z
34ca3e7b-328f-40fe-9a30-8edfc0f4f3ed,dep-781fd77c-f8be-4374-9d7f-56fb258763b1,,2e25c793-17ff-4230-b58d-17dfcc222464,16948,INR,completed,,2025-09-19T16:48:16.146Z,2025-09-19T16:48:16.146Z
c90202d0-f4d8-4a48-a0cc-ea575ad36d5c,tx-0f8723d8-c0c2-4605-ad3e-060570890811,2e25c793-17ff-4230-b58d-17dfcc222464,68e8cdc4-a89c-4489-9d80-d6345ef95f59,8407,INR,completed,,2025-09-19T16:48:16.146Z,2025-09-19T16:48:16.146Z
41ed56eb-f506-4fd1-a435-7334bdf524d2,tx-281a12ee-4d5b-430b-ae68-14544da8677a,d53314e5-d645-464a-99cf-45ed1a35e9fd,77f216ae-66bd-4d6b-9dcf-ac7ac8c779cc,256,INR,completed,,2025-09-19T16:48:16.146Z,2025-09-19T16:48:16.146Z
1ba78dad-483a-4b59-a82f-7f2c5272a929,tx-3ff8059e-0130-4297-807a-5d8cddb36996,4f64b206-7b74-44ce-b39f-89049ebd4e3f,8fecc2ac-282e-4044-a1dd-0ef257c60926,2173,INR,completed,,2025-09-20T16:48:16.146Z,2025-09-20T16:48:16.146Z
879496cc-bd52-4a37-84e9-cdbd82e09ffb,dep-2f39d6db-6c5e-4492-bc71-374a399967c8,,2e25c793-17ff-4230-b58d-17dfcc222464,6270,INR,completed,,2025-09-20T16:48:16.146Z,2025-09-20T16:48:16.146Z
c9a15e71-4d4f-43bd-96ef-6af1b7052a01,tx-a7eb81a7-083f-403d-9d93-cba30b3a5d6e,dfffab37-7984-45e6-bfd9-bcb0617b8a82,cc817b0a-5cde-4437-9047-eb0a6c1b8735,248,INR,completed,,2025-09-20T16:48:16.146Z,2025-09-20T16:48:16.146Z
2c5400e3-2e0f-49ea-ab1d-da908ed6971c,tx-77b2e2e1-4375-4f71-9898-a07d7fde0913,cc817b0a-5cde-4437-9047-eb0a6c1b8735,99326bcd-2ed0-4319-b6a7-a9d1ac39f1b2,207,INR,completed,,2025-09-20T16:48:16.146Z,2025-09-20T16:48:16.146Z
f35534d5-a5f6-47df-80cc-9a59f05527cd,tx-5f79e70e-0cc0-49e8-ad5f-ab7c4472104a,4c9659e2-39a0-491a-9392-94dfda2a7ad5,8c25909a-227f-4d95-86a1-9033ec6e34a4,315,INR,completed,,2025-09-20T16:48:16.146Z,2025-09-20T16:48:16.146Z
cbe2355f-4b64-4709-a637-221ec28540f2,dep-b6139104-3564-4ab7-9099-7d6f334305a4,,2e25c793-17ff-4230-b58d-17dfcc222464,4735,INR,completed,,2025-09-21T16:48:16.146Z,2025-09-21T16:48:16.146Z
6dec72f4-1c62-4e02-b6e1-6b92c15d3593,dep-23330884-96dd-45b0-808e-90b2f586432a,,2e25c793-17ff-4230-b58d-17dfcc222464,10579,INR,completed,,2025-09-21T16:48:16.146Z,2025-09-21T16:48:16.146Z
0aaefa41-c381-45bd-842a-55bcf7efb68a,tx-379f23c8-2252-4600-9322-262ba0e71432,2e25c793-17ff-4230-b58d-17dfcc222464,8c25909a-227f-4d95-86a1-9033ec6e34a4,550,INR,completed,,2025-09-21T16:48:16.146Z,2025-09-21T16:48:16.146Z
c07d53a1-f51a-448a-b23c-25a2bfd7c6a2,dep-086bef37-625d-4524-93df-5f68623bbd65,,dfffab37-7984-45e6-bfd9-bcb0617b8a82,5000,INR,completed,,2025-09-21T16:48:16.146Z,2025-09-21T16:48:16.146Z
364b891d-c18d-4acb-9fb7-62a052560290,tx-db732a8c-d7fd-4a5c-81f8-f268dc4086ba,dfffab37-7984-45e6-bfd9-bcb0617b8a82,cc817b0a-5cde-4437-9047-eb0a6c1b8735,236,INR,completed,,2025-09-21T16:48:16.146Z,2025-09-21T16:48:16.146Z
568c796a-f7c3-4e58-a41b-598dc68d85af,dep-95c85cd1-2dfe-43b9-95e2-ff548019f8aa,,cc817b0a-5cde-4437-9047-eb0a6c1b8735,4000,INR,completed,,2025-09-21T16:48:16.146Z,2025-09-21T16:48:16.146Z
c8607131-5c50-46a2-b14a-7077c9fd8d8b,tx-41e0c00b-6252-4fc0-a038-c8765aa4b461,4c9659e2-39a0-491a-9392-94dfda2a7ad5,99326bcd-2ed0-4319-b6a7-a9d1ac39f1b2,243,INR,completed,,2025-09-21T16:48:16.146Z,2025-09-21T16:48:16.146Z
7cba4a35-18b0-4ad4-804a-cd936d9cf4f7,tx-8f86e111-10eb-4356-817c-ce2e859c82b7,d53314e5-d645-464a-99cf-45ed1a35e9fd,99326bcd-2ed0-4319-b6a7-a9d1ac39f1b2,642,INR,completed,,2025-09-22T16:48:16.146Z,2025-09-22T16:48:16.146Z
6eb56838-c68d-4b0b-a8e4-7c6ddfb39c68,dep-aacea75d-990f-4cae-9f51-2062e10a2705,,2e25c793-17ff-4230-b58d-17dfcc222464,13910,INR,completed,,2025-09-23T16:48:16.146Z,2025-09-23T16:48:16.146Z
a532c168-4182-415e-bb8f-ef1b8d7a397c,dep-b3a1514e-df50-40f7-9af6-e6130ed376e2,,2e25c793-17ff-4230-b58d-17dfcc222464,12862,INR,completed,,2025-09-23T16:48:16.146Z,2025-09-23T16:48:16.146Z
e96b810d-4bd4-4a5d-ba4f-7d37ed13720c,tx-9df988cf-2b15-41a3-bae2-ec2d2c95675d,4c9659e2-39a0-491a-9392-94dfda2a7ad5,8fecc2ac-282e-4044-a1dd-0ef257c60926,1441,INR,completed,,2025-09-23T16:48:16.146Z,2025-09-23T16:48:16.146Z
db8f8082-a6c5-437b-9e7a-ae9c89d43acb,dep-2ae3b2ce-5cbb-43ab-b531-7aba5f730c67,,2e25c793-17ff-4230-b58d-17dfcc222464,15605,INR,completed,,2025-09-24T16:48:16.146Z,2025-09-24T16:48:16.146Z
67e147f1-85d4-443f-92f9-a2edac107a81,tx-7df439db-1280-47be-bcab-523f9199ed1e,cc817b0a-5cde-4437-9047-eb0a6c1b8735,99326bcd-2ed0-4319-b6a7-a9d1ac39f1b2,224,INR,completed,,2025-09-24T16:48:16.146Z,2025-09-24T16:48:16.146Z
0b3bbc5c-e0fb-4f8e-8401-fac7ee0eb14d,tx-6ba0f955-cd6a-448c-867e-9831f73c6823,4f64b206-7b74-44ce-b39f-89049ebd4e3f,99326bcd-2ed0-4319-b6a7-a9d1ac39f1b2,718,INR,completed,,2025-09-25T16:48:16.146Z,2025-09-25T16:48:16.146Z
54f73e6e-7b6f-4356-baa5-c944544a38a0,dep-03639328-baf1-4afc-9462-f402fb2dba41,,2e25c793-17ff-4230-b58d-17dfcc222464,7456,INR,completed,,2025-09-25T16:48:16.146Z,2025-09-25T16:48:16.146Z
894230af-458c-4b5f-93f2-a8e87997d177,dep-21e49c9d-0ca0-4006-b212-ce09432ea439,,2e25c793-17ff-4230-b58d-17dfcc222464,16424,INR,completed,,2025-09-25T16:48:16.146Z,2025-09-25T16:48:16.146Z
06cecae4-8c15-4cea-80f6-ff7f5cf09aa2,tx-1c31cc03-4421-4000-abe3-803e5c46c526,2e25c793-17ff-4230-b58d-17dfcc222464,78d754c3-7421-45c6-af19-62af10c7d7a7,41430,INR,completed,,2025-09-25T16:48:16.146Z,2025-09-25T16:48:16.146Z
c12cccef-6354-4f05-a8ad-f724f5418966,tx-f648e201-8aac-486b-b32b-3bd2f53732e6,dfffab37-7984-45e6-bfd9-bcb0617b8a82,77f216ae-66bd-4d6b-9dcf-ac7ac8c779cc,140,INR,completed,,2025-09-25T16:48:16.146Z,2025-09-25T16:48:16.146Z
e8d189be-7f54-4949-9434-f81648a2e834,tx-342666d1-6e79-43a4-9c50-c7cda6bcc25c,4c9659e2-39a0-491a-9392-94dfda2a7ad5,8c25909a-227f-4d95-86a1-9033ec6e34a4,253,INR,completed,,2025-09-25T16:48:16.146Z,2025-09-25T16:48:16.146Z
c9ef179a-4e38-4424-897f-152fa6293e82,tx-8abaec70-e1da-4326-b27a-80ada4a55336,4f64b206-7b74-44ce-b39f-89049ebd4e3f,77f216ae-66bd-4d6b-9dcf-ac7ac8c779cc,470,INR,completed,,2025-09-26T16:48:16.146Z,2025-09-26T16:48:16.146Z
eea04c26-af2f-4690-af41-fb4ed75161b5,dep-0bd225e9-a1cc-4059-aa4d-2d3c276a06a9,,2e25c793-17ff-4230-b58d-17dfcc222464,17266,INR,completed,,2025-09-26T16:48:16.146Z,2025-09-26T16:48:16.146Z
2bd575bd-84e2-4440-b45d-621ca1519b23,tx-6f9ceb2b-1d74-4a44-ae88-48be8c0df277,4c9659e2-39a0-491a-9392-94dfda2a7ad5,99326bcd-2ed0-4319-b6a7-a9d1ac39f1b2,411,INR,completed,,2025-09-26T16:48:16.146Z,2025-09-26T16:48:16.146Z
856d4c31-1f40-4fcf-8f73-0b72c31f5e0c,tx-ba2ec1d3-eb96-40e7-9672-b2dd6ad740ce,4f64b206-7b74-44ce-b39f-89049ebd4e3f,8fecc2ac-282e-4044-a1dd-0ef257c60926,2557,INR,completed,,2025-09-27T16:48:16.146Z,2025-09-27T16:48:16.146Z
48512d15-ee26-447f-9ff3-b1c7070d3da4,tx-8a97177c-ac26-45e2-8104-2f8276a2a233,4f64b206-7b74-44ce-b39f-89049ebd4e3f,99326bcd-2ed0-4319-b6a7-a9d1ac39f1b2,589,INR,completed,,2025-09-27T16:48:16.146Z,2025-09-27T16:48:16.146Z
65a81571-2cbc-47cf-8753-7214fe34fbdc,dep-4eeb2b81-d144-4b79-8b90-c84b716da621,,2e25c793-17ff-4230-b58d-17dfcc222464,6770,INR,completed,,2025-09-27T16:48:16.146Z,2025-09-27T16:48:16.146Z
9389240f-4a58-4134-9ed9-8133241f77f1,tx-e3e39bd7-7200-4dc5-991a-24c27a2d28e4,2e25c793-17ff-4230-b58d-17dfcc222464,8c25909a-227f-4d95-86a1-9033ec6e34a4,607,INR,completed,,2025-09-27T16:48:16.146Z,2025-09-27T16:48:16.146Z
aaec1197-a38b-4842-b2cc-6bcbf8beaef9,tx-fc9194f9-eacb-4d55-9c10-63059d1ef033,4c9659e2-39a0-491a-9392-94dfda2a7ad5,99326bcd-2ed0-4319-b6a7-a9d1ac39f1b2,301,INR,completed,,2025-09-27T16:48:16.146Z,2025-09-27T16:48:16.146Z
70435bb1-6a82-4a37-ab5c-baa6ed8999b5,dep-7887fa23-ecd7-4475-af96-e26852f64c57,,2e25c793-17ff-4230-b58d-17dfcc222464,6512,INR,completed,,2025-09-28T16:48:16.146Z,2025-09-28T16:48:16.146Z
a62eaed0-60ef-4009-a12a-cb815815b576,dep-2978c341-dee6-4adb-8e3d-7285a5275ac3,,2e25c793-17ff-4230-b58d-17dfcc222464,8511,INR,completed,,2025-09-28T16:48:16.146Z,2025-09-28T16:48:16.146Z
1abe0231-c288-4e7d-8299-e21ae945dd43,tx-e417a8f5-7836-4ece-92e3-bfd7fddd2f85,2e25c793-17ff-4230-b58d-17dfcc222464,68e8cdc4-a89c-4489-9d80-d6345ef95f59,7447,INR,completed,,2025-09-28T16:48:16.146Z,2025-09-28T16:48:16.146Z
64e6a161-6adf-48cb-a369-f0f7526ae0ee,dep-aaae3703-4e85-4a82-87b4-c3453c5a0f7e,,dfffab37-7984-45e6-bfd9-bcb0617b8a82,5000,INR,completed,,2025-09-28T16:48:16.146Z,2025-09-28T16:48:16.146Z
6a72b301-e960-40c3-89a9-4b9d998b7cd1,tx-db24d468-ed9c-4476-95d9-54cdcebe6323,dfffab37-7984-45e6-bfd9-bcb0617b8a82,99326bcd-2ed0-4319-b6a7-a9d1ac39f1b2,350,INR,completed,,2025-09-28T16:48:16.146Z,2025-09-28T16:48:16.146Z
62e8ae87-1ddd-4875-beb4-e4220a7af40f,dep-3da6a5cf-f7d1-4b47-914a-6e720203aeff,,cc817b0a-5cde-4437-9047-eb0a6c1b8735,4000,INR,completed,,2025-09-28T16:48:16.146Z,2025-09-28T16:48:16.146Z
a96b1123-16df-4fe4-a5a9-91e48f2a00b9,tx-16991785-bad8-4b13-8b31-e861213d7cc5,cc817b0a-5cde-4437-9047-eb0a6c1b8735,77f216ae-66bd-4d6b-9dcf-ac7ac8c779cc,297,INR,completed,,2025-09-28T16:48:16.146Z,2025-09-28T16:48:16.146Z
558af266-4a6b-4890-a71f-de79eea36f6c,tx-987093f1-f35b-4978-8759-7f88bde763d0,4c9659e2-39a0-491a-9392-94dfda2a7ad5,8c25909a-227f-4d95-86a1-9033ec6e34a4,235,INR,completed,,2025-09-28T16:48:16.146Z,2025-09-28T16:48:16.146Z
3501a960-9f83-4aa6-a814-19a1cf976d29,dep-26e8c7f1-a491-449f-bff6-ab32271da7ad,,2e25c793-17ff-4230-b58d-17dfcc222464,13114,INR,completed,,2025-09-29T16:48:16.146Z,2025-09-29T16:48:16.146Z
4a802c91-f0ae-4616-a90b-2cde3cd74fc8,dep-658b2de3-3707-44e1-be56-6034fb972966,,2e25c793-17ff-4230-b58d-17dfcc222464,7698,INR,completed,,2025-09-29T16:48:16.146Z,2025-09-29T16:48:16.146Z
b5901820-10e4-4774-84e3-2701769affcb,tx-2144ce7f-c1da-41fc-aa63-4462f1ea7e29,2e25c793-17ff-4230-b58d-17dfcc222464,77f216ae-66bd-4d6b-9dcf-ac7ac8c779cc,947,INR,completed,,2025-09-29T16:48:16.146Z,2025-09-29T16:48:16.146Z
b0dc9cd9-7c28-4f72-a7fa-25e2d14e3c3d,tx-861c2f32-b22e-4373-a7a5-51f416e68124,cc817b0a-5cde-4437-9047-eb0a6c1b8735,dfffab37-7984-45e6-bfd9-bcb0617b8a82,64,INR,completed,,2025-09-29T16:48:16.146Z,2025-09-29T16:48:16.146Z
c63527af-60c1-4c7c-8f1e-e8514bca020c,tx-5e2ef61d-a2aa-442d-a559-3d624dc2e39a,4c9659e2-39a0-491a-9392-94dfda2a7ad5,99326bcd-2ed0-4319-b6a7-a9d1ac39f1b2,429,INR,completed,,2025-09-29T16:48:16.146Z,2025-09-29T16:48:16.146Z
61042b91-b283-41f0-8424-c858b6ab4e62,dep-424b9b7c-eb87-4109-8188-faa5f2c1a88c,,4c9659e2-39a0-491a-9392-94dfda2a7ad5,21.45,INR,completed,,2025-09-29T16:48:16.146Z,2025-09-29T16:48:16.146Z
3ab8300c-ae97-4e4e-a3d0-c78041558627,dep-010fa2dc-deab-4699-b742-09384f2230b9,,2e25c793-17ff-4230-b58d-17dfcc222464,14359,INR,completed,,2025-09-30T16:48:16.146Z,2025-09-30T16:48:16.146Z
e7b3cb30-7b4f-4d4d-83fb-5868628012f0,tx-1b418562-9d85-4c25-9840-6cff21837902,d53314e5-d645-464a-99cf-45ed1a35e9fd,99326bcd-2ed0-4319-b6a7-a9d1ac39f1b2,392,INR,completed,,2025-09-30T16:48:16.146Z,2025-09-30T16:48:16.146Z
c7dae9d7-e5a2-45b0-bb99-9dd98bd5b6fd,tx-0005514f-c815-41ba-86bc-50716b6b47ee,dfffab37-7984-45e6-bfd9-bcb0617b8a82,99326bcd-2ed0-4319-b6a7-a9d1ac39f1b2,356,INR,completed,,2025-09-30T16:48:16.146Z,2025-09-30T16:48:16.146Z
00025947-4667-4eaa-80c2-353990c68ba8,tx-9491776c-7bfe-416a-b493-e9487271db05,4c9659e2-39a0-491a-9392-94dfda2a7ad5,77f216ae-66bd-4d6b-9dcf-ac7ac8c779cc,207,INR,completed,,2025-09-30T16:48:16.146Z,2025-09-30T16:48:16.146Z
d381128d-48bf-4832-9c5f-8848a0ca0123,dep-67b4e280-e952-4afa-bc53-767956a24bac,,4f64b206-7b74-44ce-b39f-89049ebd4e3f,85000,INR,completed,,2025-10-01T16:48:16.146Z,2025-10-01T16:48:16.146Z
865b4679-7f69-4e0b-b316-2747a713d0dc,tx-ce139d98-eb5b-43a9-ab72-5167c77c12b5,4f64b206-7b74-44ce-b39f-89049ebd4e3f,68e8cdc4-a89c-4489-9d80-d6345ef95f59,2207,INR,completed,,2025-10-01T16:48:16.146Z,2025-10-01T16:48:16.146Z
88ba2728-25a4-4f14-be9e-ba0e7e60e1b0,dep-e5472238-a00a-457a-86a8-249993f2d232,,2e25c793-17ff-4230-b58d-17dfcc222464,8330,INR,completed,,2025-10-01T16:48:16.146Z,2025-10-01T16:48:16.146Z
8ae1421e-c9c0-428c-b3c1-c42ee61eef1b,dep-bb3535dd-fb0d-4f20-bdc1-235f0d1edcc4,,2e25c793-17ff-4230-b58d-17dfcc222464,13007,INR,completed,,2025-10-01T16:48:16.146Z,2025-10-01T16:48:16.146Z
a2aada9a-a0a5-4755-9b82-33d98856f2a3,tx-a06c0d82-3367-4ec1-bca0-fd314370c333,2e25c793-17ff-4230-b58d-17dfcc222464,77f216ae-66bd-4d6b-9dcf-ac7ac8c779cc,549,INR,completed,,2025-10-01T16:48:16.146Z,2025-10-01T16:48:16.146Z
ec849e17-d22e-4d61-b60e-684ca26691e6,dep-76e2c8c7-f485-47ca-b33e-284343f8c127,,d53314e5-d645-464a-99cf-45ed1a35e9fd,120000,INR,completed,,2025-10-01T16:48:16.146Z,2025-10-01T16:48:16.146Z
dd25763d-39cc-4faa-a518-0cf669fffe86,tx-ec6ef7f5-6e4a-4628-8a7c-03163aad8e3b,dfffab37-7984-45e6-bfd9-bcb0617b8a82,68e8cdc4-a89c-4489-9d80-d6345ef95f59,1006,INR,completed,,2025-10-01T16:48:16.146Z,2025-10-01T16:48:16.146Z
00cda5c3-919c-4a64-8238-b40ff0c54e90,tx-f08ef5d6-db3c-4988-9513-edfda083cbb8,cc817b0a-5cde-4437-9047-eb0a6c1b8735,99326bcd-2ed0-4319-b6a7-a9d1ac39f1b2,267,INR,completed,,2025-10-01T16:48:16.146Z,2025-10-01T16:48:16.146Z
78eecaed-ebc9-4350-a462-a21e0e44f0c3,tx-19d5909d-e182-410b-ba78-62daf90d41f6,4c9659e2-39a0-491a-9392-94dfda2a7ad5,8c25909a-227f-4d95-86a1-9033ec6e34a4,214,INR,completed,,2025-10-01T16:48:16.146Z,2025-10-01T16:48:16.146Z
62944f33-311e-4cb3-87bc-2d00ec34568e,dep-c1bb5a8d-5c63-4173-a3e0-1144e44362db,,2e25c793-17ff-4230-b58d-17dfcc222464,16610,INR,completed,,2025-10-02T16:48:16.146Z,2025-10-02T16:48:16.146Z
a285b3e7-6b7a-4cad-a766-02626b3c7e67,tx-368afbb1-71e0-4e73-b212-edf5a6c2dace,2e25c793-17ff-4230-b58d-17dfcc222464,396aaa88-f522-47e1-a4dd-f2107cc69e7a,35000,INR,completed,,2025-10-02T16:48:16.146Z,2025-10-02T16:48:16.146Z
c45b7885-f0fa-4960-816e-e587e0a20826,tx-89b1b9ca-811b-48fe-a59d-0e866afbf787,2e25c793-17ff-4230-b58d-17dfcc222464,77f216ae-66bd-4d6b-9dcf-ac7ac8c779cc,762,INR,completed,,2025-10-02T16:48:16.146Z,2025-10-02T16:48:16.146Z
fcf42915-0ce3-48a5-a439-f8cca3be87a4,tx-579237a5-5997-4564-851a-dbb6b7b2d2f1,cc817b0a-5cde-4437-9047-eb0a6c1b8735,99326bcd-2ed0-4319-b6a7-a9d1ac39f1b2,338,INR,completed,,2025-10-02T16:48:16.146Z,2025-10-02T16:48:16.146Z
cf2cd13b-1f01-4e12-a63d-33e8155b0304,tx-26a5f6b9-07fd-44a6-bb00-f94d3c464a41,4f64b206-7b74-44ce-b39f-89049ebd4e3f,396aaa88-f522-47e1-a4dd-f2107cc69e7a,25000,INR,completed,,2025-10-03T16:48:16.146Z,2025-10-03T16:48:16.146Z
90523c63-f1d2-433f-8354-5d959b2d512b,dep-1a6aac78-a15f-4947-95bc-7ca3a780ef8c,,2e25c793-17ff-4230-b58d-17dfcc222464,17455,INR,completed,,2025-10-03T16:48:16.146Z,2025-10-03T16:48:16.146Z
3db54d99-5c51-4e2b-a390-18c2652b9ad2,dep-0cc08a58-ed78-41c7-b3a1-c3ca147ee43e,,2e25c793-17ff-4230-b58d-17dfcc222464,11662,INR,completed,,2025-10-03T16:48:16.146Z,2025-10-03T16:48:16.146Z
5de23e66-b97c-4f20-b578-698b3cfdb8f8,tx-b65d295f-10c3-4109-8ff7-3a00402efbe5,dfffab37-7984-45e6-bfd9-bcb0617b8a82,cc817b0a-5cde-4437-9047-eb0a6c1b8735,109,INR,completed,,2025-10-03T16:48:16.146Z,2025-10-03T16:48:16.146Z
3cf243c4-7030-43f8-bd93-99c2d3a1dd08,tx-d0dbde35-7fbb-45f2-9496-e83de28a3c51,4f64b206-7b74-44ce-b39f-89049ebd4e3f,8fecc2ac-282e-4044-a1dd-0ef257c60926,3040,INR,completed,,2025-10-04T16:48:16.146Z,2025-10-04T16:48:16.146Z
02668c01-2690-49dc-93da-8cff961a70f4,dep-2e7eda6a-316f-43e1-9b64-18013a8c514a,,2e25c793-17ff-4230-b58d-17dfcc222464,17270,INR,completed,,2025-10-04T16:48:16.146Z,2025-10-04T16:48:16.146Z
b0855188-8160-419a-9a40-66413aed7203,tx-8c65805f-0c1a-44fb-a212-a25dbe315466,dfffab37-7984-45e6-bfd9-bcb0617b8a82,99326bcd-2ed0-4319-b6a7-a9d1ac39f1b2,445,INR,completed,,2025-10-04T16:48:16.146Z,2025-10-04T16:48:16.146Z
0a65d4ed-63e1-4ed7-9ad2-3fbd4cd9dde0,tx-18a7cfd8-3572-45e3-803c-75bd903569dc,4c9659e2-39a0-491a-9392-94dfda2a7ad5,77f216ae-66bd-4d6b-9dcf-ac7ac8c779cc,148,INR,completed,,2025-10-04T16:48:16.146Z,2025-10-04T16:48:16.146Z
f460e7d1-5ddb-4c2b-a80e-f99396c9bbbe,tx-8f06cd90-4b92-4bdb-8658-fbdf703f3860,4f64b206-7b74-44ce-b39f-89049ebd4e3f,0e5d4bb0-d613-443b-beef-163eb4214b67,3611,INR,completed,,2025-10-05T16:48:16.146Z,2025-10-05T16:48:16.146Z
a83f9d6b-c25a-42ac-a81a-cb89a9cad23d,tx-23780c5b-ca99-4ab6-9373-2dec66903483,4f64b206-7b74-44ce-b39f-89049ebd4e3f,77f216ae-66bd-4d6b-9dcf-ac7ac8c779cc,402,INR,completed,,2025-10-05T16:48:16.146Z,2025-10-05T16:48:16.146Z
30a3e386-51ec-4234-a1ec-6707157e99df,dep-e74644a4-9546-4e87-94ff-a2dbed0c616b,,2e25c793-17ff-4230-b58d-17dfcc222464,6153,INR,completed,,2025-10-05T16:48:16.146Z,2025-10-05T16:48:16.146Z
f1a9cfbc-62d6-4f5b-ae62-b3296a1f48ef,dep-f41780fe-d3b6-4b64-8838-d9c8e59246f1,,2e25c793-17ff-4230-b58d-17dfcc222464,15279,INR,completed,,2025-10-05T16:48:16.146Z,2025-10-05T16:48:16.146Z
37221857-e374-4ed0-82ad-8bdc2181b07f,dep-7d422992-0808-4cd2-95ca-d4b8aee813be,,2e25c793-17ff-4230-b58d-17dfcc222464,7606,INR,completed,,2025-10-05T16:48:16.146Z,2025-10-05T16:48:16.146Z
bd55ed63-0878-4fda-b924-87d70eea9e35,tx-ebca6c51-31a8-4356-a7dc-eeb67a77b2c3,2e25c793-17ff-4230-b58d-17dfcc222464,78d754c3-7421-45c6-af19-62af10c7d7a7,44695,INR,completed,,2025-10-05T16:48:16.146Z,2025-10-05T16:48:16.146Z
d23cdcb9-9e10-435e-8814-dedad8ac38d5,dep-27fb98fc-ce24-4838-a6fc-c472566beb44,,dfffab37-7984-45e6-bfd9-bcb0617b8a82,5000,INR,completed,,2025-10-05T16:48:16.146Z,2025-10-05T16:48:16.146Z
5c93e739-dd27-47c2-aae9-c8c273dfeb18,tx-0a878eae-f815-43b6-b292-044cfdcb86e4,dfffab37-7984-45e6-bfd9-bcb0617b8a82,68e8cdc4-a89c-4489-9d80-d6345ef95f59,992,INR,completed,,2025-10-05T16:48:16.146Z,2025-10-05T16:48:16.146Z
a90aa8f0-3c10-467f-8587-e1919dd71a58,dep-7ecc3e3e-55f9-41fc-969e-13ef36a99a5c,,cc817b0a-5cde-4437-9047-eb0a6c1b8735,4000,INR,completed,,2025-10-05T16:48:16.146Z,2025-10-05T16:48:16.146Z
ff098c4b-5dbc-4ee3-b276-5f2470710820,tx-081e23c0-4c2f-4845-904a-9673b27200cb,4c9659e2-39a0-491a-9392-94dfda2a7ad5,99326bcd-2ed0-4319-b6a7-a9d1ac39f1b2,483,INR,completed,,2025-10-05T16:48:16.146Z,2025-10-05T16:48:16.146Z
8e437713-279d-4df5-a3ad-87d6e84226b8,dep-209e4b9b-dde3-422f-9168-b41363a36bd2,,2e25c793-17ff-4230-b58d-17dfcc222464,16215,INR,completed,,2025-10-06T16:48:16.146Z,2025-10-06T16:48:16.146Z
cf3ccb8c-056c-41f4-9da1-eaf2ef1e3ec0,tx-9cd8b10d-d2a1-4069-ab44-202e3736a240,2e25c793-17ff-4230-b58d-17dfcc222464,77f216ae-66bd-4d6b-9dcf-ac7ac8c779cc,941,INR,completed,,2025-10-06T16:48:16.146Z,2025-10-06T16:48:16.146Z
44fbcfa2-3a82-4502-92f8-678984bacead,tx-b7d18bef-3387-482d-9c6c-2e4792247698,dfffab37-7984-45e6-bfd9-bcb0617b8a82,68e8cdc4-a89c-4489-9d80-d6345ef95f59,542,INR,completed,,2025-10-06T16:48:16.146Z,2025-10-06T16:48:16.146Z
822bb081-aec4-4f4c-9e3c-0d8f04dca7fa,tx-d5d000a4-65a2-416a-8c2e-8e25b9887b26,cc817b0a-5cde-4437-9047-eb0a6c1b8735,99326bcd-2ed0-4319-b6a7-a9d1ac39f1b2,262,INR,completed,,2025-10-06T16:48:16.146Z,2025-10-06T16:48:16.146Z
8b977fb5-3298-4a29-91f7-355b3b5d74d5,tx-f500bc9a-9fa0-41a6-95ac-914d5d6ca6eb,4c9659e2-39a0-491a-9392-94dfda2a7ad5,8c25909a-227f-4d95-86a1-9033ec6e34a4,377,INR,completed,,2025-10-06T16:48:16.146Z,2025-10-06T16:48:16.146Z
7b2493c6-3536-4aa3-b1e6-1f28af3e260d,tx-34ee956e-16b2-4525-a373-cfa6e0fe9831,4f64b206-7b74-44ce-b39f-89049ebd4e3f,77f216ae-66bd-4d6b-9dcf-ac7ac8c779cc,292,INR,completed,,2025-10-07T16:48:16.146Z,2025-10-07T16:48:16.146Z
3dec4573-e857-4ff4-946d-82ac2da0cfb0,dep-1ec0b850-978c-48ce-b8de-8adf17b881b0,,2e25c793-17ff-4230-b58d-17dfcc222464,5500,INR,completed,,2025-10-07T16:48:16.146Z,2025-10-07T16:48:16.146Z
a5b505cb-b12b-42ab-8d6c-1fd317854f54,tx-67fbb4d6-644b-4e8e-a549-750742a653c9,2e25c793-17ff-4230-b58d-17dfcc222464,655846c2-aeb1-41c7-b562-4937ad6f5c8b,18000,INR,completed,,2025-10-07T16:48:16.146Z,2025-10-07T16:48:16.146Z
6b185be7-09b0-4568-973f-214c17508352,tx-10066708-187d-49ff-bfb6-aeb6c0dc9346,2e25c793-17ff-4230-b58d-17dfcc222464,77f216ae-66bd-4d6b-9dcf-ac7ac8c779cc,552,INR,completed,,2025-10-07T16:48:16.146Z,2025-10-07T16:48:16.146Z
01f62f90-ddd4-4454-abaf-8e19662b8068,tx-54de9979-9dd4-4333-a845-3c6d1d1cd4fa,dfffab37-7984-45e6-bfd9-bcb0617b8a82,77f216ae-66bd-4d6b-9dcf-ac7ac8c779cc,103,INR,completed,,2025-10-07T16:48:16.146Z,2025-10-07T16:48:16.146Z
6db8b054-4d04-42e9-bbb2-a072117056f3,tx-71d1bd74-8b24-41b3-a2d7-beb96f1b5e9a,2e25c793-17ff-4230-b58d-17dfcc222464,68e8cdc4-a89c-4489-9d80-d6345ef95f59,5922,INR,completed,,2025-10-08T16:48:16.146Z,2025-10-08T16:48:16.146Z
7ee2b0b1-dea8-4ae3-b4b2-fa57c13c436b,tx-694f53a9-ae8e-47c3-af25-d1506430e403,dfffab37-7984-45e6-bfd9-bcb0617b8a82,68e8cdc4-a89c-4489-9d80-d6345ef95f59,1025,INR,completed,,2025-10-08T16:48:16.146Z,2025-10-08T16:48:16.146Z
0ac56f9c-032a-4f48-b4de-a1b4a0d22048,dep-1e1aa284-d14f-4478-8292-0c14b6e5ae15,,2e25c793-17ff-4230-b58d-17dfcc222464,12901,INR,completed,,2025-10-09T16:48:16.146Z,2025-10-09T16:48:16.146Z
dabb5a14-c9cf-4f45-ae95-51308416fcbc,tx-0438096d-a884-4ad2-a1f7-4d202c4fdb0b,d53314e5-d645-464a-99cf-45ed1a35e9fd,99326bcd-2ed0-4319-b6a7-a9d1ac39f1b2,683,INR,completed,,2025-10-09T16:48:16.146Z,2025-10-09T16:48:16.146Z
0d2495de-80a1-4f77-a17f-1a6bafc9e415,tx-a99918fc-30fd-4231-8263-beaa7ee280da,4c9659e2-39a0-491a-9392-94dfda2a7ad5,99326bcd-2ed0-4319-b6a7-a9d1ac39f1b2,546,INR,completed,,2025-10-09T16:48:16.146Z,2025-10-09T16:48:16.146Z
b6884d00-ebda-4b8c-9a25-5755de8afea4,tx-2d9e3b67-60d0-455c-a801-4ba4c819e732,4f64b206-7b74-44ce-b39f-89049ebd4e3f,bcf7c323-ee7b-4313-95c0-68f74cfeb2bb,199,INR,completed,,2025-10-10T16:48:16.146Z,2025-10-10T16:48:16.146Z
023054cd-2b44-4b31-8e2b-d01fbe47dc1d,tx-04533925-e1c0-499d-b38d-75d9ebadc60c,4f64b206-7b74-44ce-b39f-89049ebd4e3f,8f5bd58f-2868-4aff-b5da-41454b5bb662,699,INR,completed,,2025-10-10T16:48:16.146Z,2025-10-10T16:48:16.146Z
867ee740-2115-4b0e-af0e-3a24524ed11d,tx-b82461a7-3fc7-48d7-a73d-fbb82fc6c7c4,2e25c793-17ff-4230-b58d-17dfcc222464,77f216ae-66bd-4d6b-9dcf-ac7ac8c779cc,644,INR,completed,,2025-10-10T16:48:16.146Z,2025-10-10T16:48:16.146Z
6bbb3288-a4ec-4306-b007-8a89a100180a,tx-111dd536-9e0f-44f7-916c-cadc1ad1c8a1,cc817b0a-5cde-4437-9047-eb0a6c1b8735,77f216ae-66bd-4d6b-9dcf-ac7ac8c779cc,197,INR,completed,,2025-10-10T16:48:16.146Z,2025-10-10T16:48:16.146Z
b91f15a0-ef18-444b-8cf9-575632de898a,tx-33531db2-3371-4c71-ba3c-490852f08925,4c9659e2-39a0-491a-9392-94dfda2a7ad5,99326bcd-2ed0-4319-b6a7-a9d1ac39f1b2,249,INR,completed,,2025-10-10T16:48:16.146Z,2025-10-10T16:48:16.146Z
da209a98-f8f5-43a6-99c6-e0f00988cbc0,tx-8a9d641c-1314-4003-bc7e-9e814cfed85d,4f64b206-7b74-44ce-b39f-89049ebd4e3f,8fecc2ac-282e-4044-a1dd-0ef257c60926,2173,INR,completed,,2025-10-11T16:48:16.146Z,2025-10-11T16:48:16.146Z
fd1460e9-7373-4708-8ff5-f2611e6f94c2,dep-424aa5f1-c00d-4e02-99fc-708d7ec3abeb,,2e25c793-17ff-4230-b58d-17dfcc222464,8834,INR,completed,,2025-10-11T16:48:16.146Z,2025-10-11T16:48:16.146Z
de376cf5-0174-4147-a843-121c5013fa00,dep-3ffce528-f064-42d0-8dc3-bff850c6474d,,2e25c793-17ff-4230-b58d-17dfcc222464,14126,INR,completed,,2025-10-12T16:48:16.146Z,2025-10-12T16:48:16.146Z
6c67bbcc-4b00-4d9b-869c-ac3f4e55df9c,tx-46b1eb23-9540-4fd2-b790-3e7f121a4da9,2e25c793-17ff-4230-b58d-17dfcc222464,8c25909a-227f-4d95-86a1-9033ec6e34a4,215,INR,completed,,2025-10-12T16:48:16.146Z,2025-10-12T16:48:16.146Z
73f59dcf-1ba7-482a-aa24-0390838b2bcb,dep-1cd82c33-8b5c-4f52-9fba-55e20f47dbe2,,dfffab37-7984-45e6-bfd9-bcb0617b8a82,5000,INR,completed,,2025-10-12T16:48:16.146Z,2025-10-12T16:48:16.146Z
bb3149a9-d5a9-44db-8a57-bc58e30192be,dep-7ddec9c6-0777-43f3-a5bc-825339b04b0a,,cc817b0a-5cde-4437-9047-eb0a6c1b8735,4000,INR,completed,,2025-10-12T16:48:16.146Z,2025-10-12T16:48:16.146Z
08ee3b85-57f5-488c-bffa-8a25fea95de0,tx-9a705e72-09da-49f4-8548-173780236331,4c9659e2-39a0-491a-9392-94dfda2a7ad5,a56c78df-bd12-4093-8857-edaaef0c6ac6,8000,INR,completed,,2025-10-12T16:48:16.146Z,2025-10-12T16:48:16.146Z
bef2bff6-091d-4849-9750-51124d4f1ce8,tx-d73e2f25-2302-49c3-8b87-83bd57d83ff5,4c9659e2-39a0-491a-9392-94dfda2a7ad5,99326bcd-2ed0-4319-b6a7-a9d1ac39f1b2,541,INR,completed,,2025-10-12T16:48:16.146Z,2025-10-12T16:48:16.146Z
d132617d-db66-4f71-9d13-4bff4e08a982,tx-c7886924-dac9-4707-9105-6c9cb6ad990a,4f64b206-7b74-44ce-b39f-89049ebd4e3f,68e8cdc4-a89c-4489-9d80-d6345ef95f59,2518,INR,completed,,2025-10-13T16:48:16.146Z,2025-10-13T16:48:16.146Z
22862f3f-eddc-4399-b7ad-fbaf1235a3ea,dep-86d731d0-ede7-4402-acd0-e00537d95099,,2e25c793-17ff-4230-b58d-17dfcc222464,13130,INR,completed,,2025-10-13T16:48:16.146Z,2025-10-13T16:48:16.146Z
50b1c6eb-c1d3-448d-9bb1-3cb3bcd4c264,tx-1b222884-876a-42da-ae2a-63222b9e0765,2e25c793-17ff-4230-b58d-17dfcc222464,68e8cdc4-a89c-4489-9d80-d6345ef95f59,4070,INR,completed,,2025-10-13T16:48:16.146Z,2025-10-13T16:48:16.146Z
2b0981db-0b74-4634-b7e8-9d9938ea1d0c,tx-0244e7bd-d52a-4b96-a255-f181970f48be,d53314e5-d645-464a-99cf-45ed1a35e9fd,4778cfd7-bd59-44d1-88ad-ffa43d403800,11252,INR,completed,,2025-10-13T16:48:16.146Z,2025-10-13T16:48:16.146Z
8095ea3d-297b-4658-98b8-e97664ff7a28,tx-e6e4dd7a-572a-4b4c-a4cb-cbd555c3eb38,cc817b0a-5cde-4437-9047-eb0a6c1b8735,dfffab37-7984-45e6-bfd9-bcb0617b8a82,169,INR,completed,,2025-10-13T16:48:16.146Z,2025-10-13T16:48:16.146Z
629441e1-3d61-4c66-af10-2cb060614cd8,tx-a9b0122b-31e6-48db-a932-bef399f4419d,4c9659e2-39a0-491a-9392-94dfda2a7ad5,8c25909a-227f-4d95-86a1-9033ec6e34a4,283,INR,completed,,2025-10-13T16:48:16.146Z,2025-10-13T16:48:16.146Z
137fc827-b67b-4e54-91fd-a35c09a44fb5,dep-62a769c2-bdee-4a58-9f16-307baf7849c6,,2e25c793-17ff-4230-b58d-17dfcc222464,6431,INR,completed,,2025-10-14T16:48:16.146Z,2025-10-14T16:48:16.146Z
661b44ca-52cb-4149-8cbe-17d26bdf6902,tx-c9148f1a-cf21-45aa-94cb-51bef2929827,4c9659e2-39a0-491a-9392-94dfda2a7ad5,8c25909a-227f-4d95-86a1-9033ec6e34a4,433,INR,completed,,2025-10-14T16:48:16.146Z,2025-10-14T16:48:16.146Z
3bb598e6-f128-4f01-be40-dff3615340a3,tx-ba87daae-2484-4b46-8e04-8a86dedaca3d,4f64b206-7b74-44ce-b39f-89049ebd4e3f,99326bcd-2ed0-4319-b6a7-a9d1ac39f1b2,741,INR,completed,,2025-10-15T16:48:16.146Z,2025-10-15T16:48:16.146Z
5e6f90bb-5e06-4109-8469-a73331c7d9dc,dep-117071f1-3f33-48ab-acae-82a0eb94cb1b,,2e25c793-17ff-4230-b58d-17dfcc222464,14866,INR,completed,,2025-10-15T16:48:16.146Z,2025-10-15T16:48:16.146Z
859e0273-6d7e-432c-96f8-40682d37d58e,tx-52e5c557-b201-4bfd-851a-1a6cf1c66da4,2e25c793-17ff-4230-b58d-17dfcc222464,78d754c3-7421-45c6-af19-62af10c7d7a7,33230,INR,completed,,2025-10-15T16:48:16.146Z,2025-10-15T16:48:16.146Z
191775d9-875f-4258-9080-64af0142fe44,tx-a3f83b6d-51c0-4462-96d8-bc906b121735,2e25c793-17ff-4230-b58d-17dfcc222464,68e8cdc4-a89c-4489-9d80-d6345ef95f59,3425,INR,completed,,2025-10-15T16:48:16.146Z,2025-10-15T16:48:16.146Z
3263dbbb-cc6a-4062-8362-a5e6c94bea1b,tx-4718bb76-ff40-4fc3-9a36-c93d7040c247,d53314e5-d645-464a-99cf-45ed1a35e9fd,77f216ae-66bd-4d6b-9dcf-ac7ac8c779cc,1011,INR,completed,,2025-10-15T16:48:16.146Z,2025-10-15T16:48:16.146Z
6a4be40f-0001-4988-bb2b-c65f218af210,dep-1937ff8b-6b5f-4e3d-abc7-6e92e66d6f87,,4c9659e2-39a0-491a-9392-94dfda2a7ad5,29241,INR,completed,,2025-10-15T16:48:16.146Z,2025-10-15T16:48:16.146Z
28a47171-6fcf-4eae-891b-01eea217259c,tx-48da33d0-e7a9-43e8-a2f5-b1d7f8aab623,4c9659e2-39a0-491a-9392-94dfda2a7ad5,68e8cdc4-a89c-4489-9d80-d6345ef95f59,1849,INR,completed,,2025-10-15T16:48:16.146Z,2025-10-15T16:48:16.146Z
fe592a89-317f-4aca-9f9d-0031a253430b,tx-0e03be87-0cc7-478f-b8a1-f3b2514b2f0d,4c9659e2-39a0-491a-9392-94dfda2a7ad5,99326bcd-2ed0-4319-b6a7-a9d1ac39f1b2,363,INR,completed,,2025-10-15T16:48:16.146Z,2025-10-15T16:48:16.146Z
356be492-0c63-4519-8d45-dea652835f37,tx-820c2595-a957-4e0a-a6a8-5e8156131add,4f64b206-7b74-44ce-b39f-89049ebd4e3f,68e8cdc4-a89c-4489-9d80-d6345ef95f59,3102,INR,completed,,2025-10-16T16:48:16.146Z,2025-10-16T16:48:16.146Z
669b6190-1f67-471e-880d-ee5edeeba943,dep-0fbb1a13-236c-4aee-8aaa-1e658f4588a9,,4f64b206-7b74-44ce-b39f-89049ebd4e3f,155.1,INR,completed,,2025-10-16T16:48:16.146Z,2025-10-16T16:48:16.146Z
1ec25dd5-7f36-4949-b083-e34016ab6677,tx-afe86b5f-b4e9-4c89-b2c3-e1ce7758e75d,2e25c793-17ff-4230-b58d-17dfcc222464,77f216ae-66bd-4d6b-9dcf-ac7ac8c779cc,505,INR,completed,,2025-10-16T16:48:16.146Z,2025-10-16T16:48:16.146Z
4b3b55e3-e443-4d2a-8678-d3d37d6688c4,tx-b86600f8-9517-47bc-9250-be468a37a027,dfffab37-7984-45e6-bfd9-bcb0617b8a82,77f216ae-66bd-4d6b-9dcf-ac7ac8c779cc,224,INR,completed,,2025-10-16T16:48:16.146Z,2025-10-16T16:48:16.146Z
44576bae-d974-42bd-9d14-312aa687fc7b,tx-e621b0a9-6807-4399-b74b-f30bff625cce,cc817b0a-5cde-4437-9047-eb0a6c1b8735,99326bcd-2ed0-4319-b6a7-a9d1ac39f1b2,299,INR,completed,,2025-10-16T16:48:16.146Z,2025-10-16T16:48:16.146Z
d4b84262-593d-4685-ab0d-f8969d626ef1,tx-42cd9aec-bf40-419c-ac14-4adac8e2aecc,4c9659e2-39a0-491a-9392-94dfda2a7ad5,99326bcd-2ed0-4319-b6a7-a9d1ac39f1b2,494,INR,completed,,2025-10-16T16:48:16.146Z,2025-10-16T16:48:16.146Z
5da25e2a-69f5-4db9-9181-6f3555ee12a4,dep-5fb8bb63-652b-46e7-ad77-2f7a998e6d5d,,2e25c793-17ff-4230-b58d-17dfcc222464,10757,INR,completed,,2025-10-17T16:48:16.146Z,2025-10-17T16:48:16.146Z
964789e5-4410-4b0c-8252-78ad900e2fad,tx-ca9d91ef-1317-4b70-b1d7-f43b4a2d323d,d53314e5-d645-464a-99cf-45ed1a35e9fd,8c25909a-227f-4d95-86a1-9033ec6e34a4,1057,INR,completed,,2025-10-17T16:48:16.146Z,2025-10-17T16:48:16.146Z
0981bba7-897f-4a97-ac1c-b7843a386778,tx-a0963943-5d86-4c74-990c-829d9184f9db,4f64b206-7b74-44ce-b39f-89049ebd4e3f,8fecc2ac-282e-4044-a1dd-0ef257c60926,3188,INR,completed,,2025-10-18T16:48:16.146Z,2025-10-18T16:48:16.146Z
2e104b42-0cad-4e65-b598-6095bcd2a421,dep-f7fc782a-5450-4129-9b70-467f3e5f5d5d,,2e25c793-17ff-4230-b58d-17dfcc222464,14619,INR,completed,,2025-10-18T16:48:16.146Z,2025-10-18T16:48:16.146Z
17bf007f-e555-40dd-ac40-e499d805ea09,tx-2a8c63bc-7fce-40ee-a53d-5a07d7cc6326,d53314e5-d645-464a-99cf-45ed1a35e9fd,8c25909a-227f-4d95-86a1-9033ec6e34a4,1488,INR,completed,,2025-10-18T16:48:16.146Z,2025-10-18T16:48:16.146Z
2829de0b-43a8-4222-835a-562d541851aa,tx-28db5216-0a2c-47f9-869f-db5c7bb3eefd,cc817b0a-5cde-4437-9047-eb0a6c1b8735,99326bcd-2ed0-4319-b6a7-a9d1ac39f1b2,430,INR,completed,,2025-10-18T16:48:16.146Z,2025-10-18T16:48:16.146Z
5826a06b-f264-46d1-90b2-590324b3e081,tx-d0aeb406-e45c-46b9-b690-3049b258df33,4f64b206-7b74-44ce-b39f-89049ebd4e3f,99326bcd-2ed0-4319-b6a7-a9d1ac39f1b2,461,INR,completed,,2025-10-19T16:48:16.146Z,2025-10-19T16:48:16.146Z
87c7c492-1dea-43a3-b695-74e3327bde83,dep-e20a4e1a-44fc-45b6-92fb-f01d23bcbfec,,2e25c793-17ff-4230-b58d-17dfcc222464,17607,INR,completed,,2025-10-19T16:48:16.146Z,2025-10-19T16:48:16.146Z
a7648464-cbb1-4aee-82d8-8a15b92eee1a,dep-476e7699-29b1-4c65-b54d-1df464db3d27,,2e25c793-17ff-4230-b58d-17dfcc222464,11186,INR,completed,,2025-10-19T16:48:16.146Z,2025-10-19T16:48:16.146Z
27f69bc7-ffd7-45cb-9b96-4658a22577ad,dep-a485acd7-0de4-45d1-9a12-7be50ae1b5b3,,2e25c793-17ff-4230-b58d-17dfcc222464,8496,INR,completed,,2025-10-19T16:48:16.146Z,2025-10-19T16:48:16.146Z
4043e1d5-b03e-4686-bb68-395a921590fa,tx-14a36ffe-a8ac-4db9-b265-688fe26b655b,d53314e5-d645-464a-99cf-45ed1a35e9fd,5a5c422f-2b4f-4e26-bd2e-db36096ce28f,6768,INR,completed,,2025-10-19T16:48:16.146Z,2025-10-19T16:48:16.146Z
83dcc002-e27e-42a8-9dd0-7075580f6959,dep-dd36b128-fa24-4f45-b3f8-9f12a59f3aac,,dfffab37-7984-45e6-bfd9-bcb0617b8a82,5000,INR,completed,,2025-10-19T16:48:16.146Z,2025-10-19T16:48:16.146Z
263b6a13-9c1e-4a7f-aa3b-bee247ac1e25,dep-867dff9b-582a-4f89-a952-2ee12f477c48,,cc817b0a-5cde-4437-9047-eb0a6c1b8735,4000,INR,completed,,2025-10-19T16:48:16.146Z,2025-10-19T16:48:16.146Z
105d0f81-0425-455a-afde-aec50f8b17c9,tx-fbc1b0ea-ae25-48df-a769-c38adef0772c,cc817b0a-5cde-4437-9047-eb0a6c1b8735,77f216ae-66bd-4d6b-9dcf-ac7ac8c779cc,159,INR,completed,,2025-10-19T16:48:16.146Z,2025-10-19T16:48:16.146Z
9d76f150-317a-4023-bfa9-a36fde422e0f,dep-5e1dcfa6-e3cf-4fc4-901d-aa8f0e7a2734,,2e25c793-17ff-4230-b58d-17dfcc222464,5925,INR,completed,,2025-10-20T16:48:16.146Z,2025-10-20T16:48:16.146Z
906abcb3-8b2a-4e0d-8775-d68281ad0612,dep-ffcddf6d-dbd6-4ab4-a2a3-bc46f796b4f8,,2e25c793-17ff-4230-b58d-17dfcc222464,13709,INR,completed,,2025-10-20T16:48:16.146Z,2025-10-20T16:48:16.146Z
0f7880d7-a60d-49a4-b23b-11eb10c1a941,tx-5f2ea9e6-f39a-43c7-ad7c-03d2c492a55c,2e25c793-17ff-4230-b58d-17dfcc222464,8c25909a-227f-4d95-86a1-9033ec6e34a4,367,INR,completed,,2025-10-20T16:48:16.146Z,2025-10-20T16:48:16.146Z
4ca2ea05-f050-4512-a7b9-60d16f33379a,tx-d10910af-8a47-42c3-ba4f-770fccb44daa,cc817b0a-5cde-4437-9047-eb0a6c1b8735,99326bcd-2ed0-4319-b6a7-a9d1ac39f1b2,156,INR,completed,,2025-10-20T16:48:16.146Z,2025-10-20T16:48:16.146Z
74a7314c-f20f-49cb-b95a-a666b18dddcf,dep-efa4374c-5ecd-4a46-97f4-29993bd3ac0f,,2e25c793-17ff-4230-b58d-17dfcc222464,7558,INR,completed,,2025-10-21T16:48:16.146Z,2025-10-21T16:48:16.146Z
8cc99fc2-abd5-44fb-bc4b-f1a1802d63b0,tx-c0b0ff00-fb0a-413b-934b-ad6102b9b3b2,2e25c793-17ff-4230-b58d-17dfcc222464,77f216ae-66bd-4d6b-9dcf-ac7ac8c779cc,480,INR,completed,,2025-10-21T16:48:16.146Z,2025-10-21T16:48:16.146Z
b6aab9e1-95d8-484c-bbca-611458f291d9,tx-39121051-70e6-4b2e-96f7-67b3e954e3e5,d53314e5-d645-464a-99cf-45ed1a35e9fd,77f216ae-66bd-4d6b-9dcf-ac7ac8c779cc,382,INR,completed,,2025-10-21T16:48:16.146Z,2025-10-21T16:48:16.146Z
7eb6a253-58f4-4c94-b09d-1ea6674dedda,tx-f64d9959-50e7-44ec-b122-924f3795a3b2,cc817b0a-5cde-4437-9047-eb0a6c1b8735,77f216ae-66bd-4d6b-9dcf-ac7ac8c779cc,178,INR,completed,,2025-10-21T16:48:16.146Z,2025-10-21T16:48:16.146Z
95f28bc0-f242-4311-8a01-eb17e0a207ea,tx-1f2b4af9-b39b-497e-834a-5794d2ded763,4c9659e2-39a0-491a-9392-94dfda2a7ad5,8fecc2ac-282e-4044-a1dd-0ef257c60926,1410,INR,completed,,2025-10-21T16:48:16.146Z,2025-10-21T16:48:16.146Z
8ced1651-1642-4dc4-8ffc-5ad290961530,dep-8f8c2311-f958-4476-b0c7-70ced07c5421,,2e25c793-17ff-4230-b58d-17dfcc222464,11685,INR,completed,,2025-10-22T16:48:16.146Z,2025-10-22T16:48:16.146Z
1ca74748-c6eb-4b5b-a089-0c4d1004cd0d,dep-a3253960-9d6a-41d7-89f4-d112ce4ba8de,,2e25c793-17ff-4230-b58d-17dfcc222464,5360,INR,completed,,2025-10-22T16:48:16.146Z,2025-10-22T16:48:16.146Z
418da9e1-0333-4cb5-a783-6e277428f417,dep-72bd805b-ba44-463e-a33b-61dcc57e22d8,,2e25c793-17ff-4230-b58d-17dfcc222464,14624,INR,completed,,2025-10-22T16:48:16.146Z,2025-10-22T16:48:16.146Z
5d2e064c-ad60-4f4a-bbd5-4f28921ace25,tx-7ab4bf78-57ec-4f9f-89e6-1a241070c446,2e25c793-17ff-4230-b58d-17dfcc222464,77f216ae-66bd-4d6b-9dcf-ac7ac8c779cc,696,INR,completed,,2025-10-22T16:48:16.146Z,2025-10-22T16:48:16.146Z
7e966026-d72e-4ab1-b95a-69f107847b46,dep-3faa9a7b-9167-4e2e-bdd1-41d2d4dc2d97,,2e25c793-17ff-4230-b58d-17dfcc222464,8244,INR,completed,,2025-10-23T16:48:16.146Z,2025-10-23T16:48:16.146Z
025e449c-861d-4434-9890-4d3f0bde393e,tx-5a7f90bd-03d8-41e4-b15d-2ef4e130aa4e,4c9659e2-39a0-491a-9392-94dfda2a7ad5,99326bcd-2ed0-4319-b6a7-a9d1ac39f1b2,231,INR,completed,,2025-10-23T16:48:16.146Z,2025-10-23T16:48:16.146Z
a66596f7-1d2f-45f4-a75b-1e4db1a90606,tx-99970f6a-2740-44ff-9b30-042143ba00cd,4f64b206-7b74-44ce-b39f-89049ebd4e3f,99326bcd-2ed0-4319-b6a7-a9d1ac39f1b2,429,INR,completed,,2025-10-24T16:48:16.146Z,2025-10-24T16:48:16.146Z
3d38a505-8f55-4ee0-aa60-34497f3ad5be,dep-9a3c411e-78ab-41fe-9871-353a45143ad2,,2e25c793-17ff-4230-b58d-17dfcc222464,15928,INR,completed,,2025-10-24T16:48:16.146Z,2025-10-24T16:48:16.146Z
c7b309fc-87b3-4dfd-8dc7-e00f8d27e710,dep-bccdbc42-5639-4ebd-9fd1-3d41341bdb36,,4c9659e2-39a0-491a-9392-94dfda2a7ad5,29904,INR,completed,,2025-10-24T16:48:16.146Z,2025-10-24T16:48:16.146Z
9180f711-04af-4bbe-a18e-1e8487dc62e5,tx-d5e143fa-2751-4bba-8576-d8e53d3837aa,4f64b206-7b74-44ce-b39f-89049ebd4e3f,8fecc2ac-282e-4044-a1dd-0ef257c60926,3144,INR,completed,,2025-10-25T16:48:16.146Z,2025-10-25T16:48:16.146Z
a014054a-fa53-4113-9b1f-b44230bb2d06,tx-9d62f192-d4e7-4b49-83d3-752137db53ba,4f64b206-7b74-44ce-b39f-89049ebd4e3f,99326bcd-2ed0-4319-b6a7-a9d1ac39f1b2,329,INR,completed,,2025-10-25T16:48:16.146Z,2025-10-25T16:48:16.146Z
582bddfd-bdba-4c41-b074-32ee0a79baf6,dep-e1f4452e-afef-4b26-ba93-eacff57733d5,,2e25c793-17ff-4230-b58d-17dfcc222464,9188,INR,completed,,2025-10-25T16:48:16.146Z,2025-10-25T16:48:16.146Z
231023fb-fb71-4b46-97b8-38180fc60adb,dep-1d2dae60-e3bf-4579-be29-54c811ade59b,,2e25c793-17ff-4230-b58d-17dfcc222464,15927,INR,completed,,2025-10-25T16:48:16.146Z,2025-10-25T16:48:16.146Z
11882bf0-1557-46c8-8831-f824957af05e,dep-cf9e023f-729f-424a-9fa5-4d1d4a04564e,,2e25c793-17ff-4230-b58d-17dfcc222464,7606,INR,completed,,2025-10-25T16:48:16.146Z,2025-10-25T16:48:16.146Z
6db85669-5528-432e-8d35-01131609f42f,tx-7d415bbe-0221-42b9-9a4f-4d9a4028cb4a,2e25c793-17ff-4230-b58d-17dfcc222464,78d754c3-7421-45c6-af19-62af10c7d7a7,63183,INR,completed,,2025-10-25T16:48:16.146Z,2025-10-25T16:48:16.146Z
45a340fa-9bba-4685-9256-8e022ce751c2,tx-dfa69eff-9a91-4537-989c-08d90b3f045f,cc817b0a-5cde-4437-9047-eb0a6c1b8735,dfffab37-7984-45e6-bfd9-bcb0617b8a82,181,INR,completed,,2025-10-25T16:48:16.146Z,2025-10-25T16:48:16.146Z
82e71e32-ff41-4566-9207-15775489412c,dep-2189002a-5d38-4a8b-a7b9-62e302db315b,,2e25c793-17ff-4230-b58d-17dfcc222464,4977,INR,completed,,2025-10-26T16:48:16.146Z,2025-10-26T16:48:16.146Z
e099750c-5d4d-4e3d-bdd5-9272ab5ddf42,tx-865043e4-b29f-42c7-acca-0c0ebae2c2b9,d53314e5-d645-464a-99cf-45ed1a35e9fd,77f216ae-66bd-4d6b-9dcf-ac7ac8c779cc,338,INR,completed,,2025-10-26T16:48:16.146Z,2025-10-26T16:48:16.146Z
4b0f8e24-b826-41ee-b1e7-9c0625cfe59f,dep-f8327a46-46e9-4630-acbc-d83d47ac19c5,,dfffab37-7984-45e6-bfd9-bcb0617b8a82,5000,INR,completed,,2025-10-26T16:48:16.146Z,2025-10-26T16:48:16.146Z
9d00353f-e8bb-43c5-87dd-3d881a1eefa5,tx-2a600abe-7a82-4fef-b289-bcb5740f21dd,dfffab37-7984-45e6-bfd9-bcb0617b8a82,99326bcd-2ed0-4319-b6a7-a9d1ac39f1b2,200,INR,completed,,2025-10-26T16:48:16.146Z,2025-10-26T16:48:16.146Z
9885e117-90b8-4a5c-b823-357e9cd105ce,dep-dc273644-ce69-4bbc-bd59-5476ef3ab941,,cc817b0a-5cde-4437-9047-eb0a6c1b8735,4000,INR,completed,,2025-10-26T16:48:16.146Z,2025-10-26T16:48:16.146Z
17afb563-3432-46b7-a5d6-a8ce479a4a87,tx-0c6c045b-815c-4ba3-b50e-2db2cff845c0,cc817b0a-5cde-4437-9047-eb0a6c1b8735,dfffab37-7984-45e6-bfd9-bcb0617b8a82,138,INR,completed,,2025-10-26T16:48:16.146Z,2025-10-26T16:48:16.146Z
d04b0ec8-281b-44ec-b5f4-f4a038d466ef,dep-ac34a92e-a676-4a27-b280-2badf9bc86ca,,2e25c793-17ff-4230-b58d-17dfcc222464,7222,INR,completed,,2025-10-27T16:48:16.146Z,2025-10-27T16:48:16.146Z
712b25f6-74cb-4987-93f0-2f2ed99f7ee9,dep-54dab400-4bbf-45b7-b4f0-b52e2e0372e5,,2e25c793-17ff-4230-b58d-17dfcc222464,15769,INR,completed,,2025-10-27T16:48:16.146Z,2025-10-27T16:48:16.146Z
315d1f56-f11b-4084-b1a8-19e80b1f812f,tx-b3731af9-0dba-4f81-b17b-25f7486950c7,cc817b0a-5cde-4437-9047-eb0a6c1b8735,dfffab37-7984-45e6-bfd9-bcb0617b8a82,114,INR,completed,,2025-10-27T16:48:16.146Z,2025-10-27T16:48:16.146Z
44ab6261-33d0-4a32-be72-9dbf22a33499,dep-e588dcc3-b2a0-4c13-bdbf-a5e74f35e63e,,2e25c793-17ff-4230-b58d-17dfcc222464,9389,INR,completed,,2025-10-28T16:48:16.146Z,2025-10-28T16:48:16.146Z
985571a3-0962-4db6-b046-5196da1cfa09,dep-735232fb-4e10-4cad-8e40-03606e33b0bd,,2e25c793-17ff-4230-b58d-17dfcc222464,14365,INR,completed,,2025-10-28T16:48:16.146Z,2025-10-28T16:48:16.146Z
4b8ee496-beeb-4448-8f5b-278c8a9aebe1,tx-80472b76-7e56-4eaa-b0b9-f072801299de,4c9659e2-39a0-491a-9392-94dfda2a7ad5,8fecc2ac-282e-4044-a1dd-0ef257c60926,1429,INR,completed,,2025-10-28T16:48:16.146Z,2025-10-28T16:48:16.146Z
87922b60-999e-4dbf-9aa3-7b965d023ddc,tx-5eff4be8-6948-4a86-a855-dfeacb106cc2,d53314e5-d645-464a-99cf-45ed1a35e9fd,99326bcd-2ed0-4319-b6a7-a9d1ac39f1b2,456,INR,completed,,2025-10-29T16:48:16.146Z,2025-10-29T16:48:16.146Z
7e5befc3-1e1f-48b0-b0fe-9be32b318717,tx-0631eb16-cd59-490d-b0a6-36cef3219a7b,dfffab37-7984-45e6-bfd9-bcb0617b8a82,cc817b0a-5cde-4437-9047-eb0a6c1b8735,142,INR,completed,,2025-10-29T16:48:16.146Z,2025-10-29T16:48:16.146Z
bc076287-4c97-4103-848f-f890a04bb099,tx-e82d1a39-1a42-4182-92a5-6ba4ea2304db,4c9659e2-39a0-491a-9392-94dfda2a7ad5,77f216ae-66bd-4d6b-9dcf-ac7ac8c779cc,197,INR,completed,,2025-10-29T16:48:16.146Z,2025-10-29T16:48:16.146Z
fcf7ad7f-77b2-468d-a53c-2c62b0f40e7d,tx-3d81b49d-1311-4bf0-b9ab-4ffedeafe20b,4f64b206-7b74-44ce-b39f-89049ebd4e3f,99326bcd-2ed0-4319-b6a7-a9d1ac39f1b2,729,INR,completed,,2025-10-30T16:48:16.146Z,2025-10-30T16:48:16.146Z
6d906ac4-84f4-45ea-ad8c-f43f06c94c9e,dep-370c4de1-b376-486a-b8a8-85f3a5e6968a,,2e25c793-17ff-4230-b58d-17dfcc222464,8780,INR,completed,,2025-10-30T16:48:16.146Z,2025-10-30T16:48:16.146Z
5964e5ea-f14f-4692-a61e-469f9ad3e1b1,tx-8cd375f0-988a-43a1-a59c-e120202e35c0,dfffab37-7984-45e6-bfd9-bcb0617b8a82,68e8cdc4-a89c-4489-9d80-d6345ef95f59,692,INR,completed,,2025-10-30T16:48:16.146Z,2025-10-30T16:48:16.146Z
9f19b7a2-3cb0-4e98-aa9f-aa883a3de3dd,dep-227eba81-17b1-4455-986d-e023d8b36ce9,,dfffab37-7984-45e6-bfd9-bcb0617b8a82,34.6,INR,completed,,2025-10-30T16:48:16.146Z,2025-10-30T16:48:16.146Z
b48a4a3b-d22c-43a6-90ed-51d013d49d07,tx-7003c770-6528-44ac-8297-f850aa0204a2,4c9659e2-39a0-491a-9392-94dfda2a7ad5,8fecc2ac-282e-4044-a1dd-0ef257c60926,882,INR,completed,,2025-10-30T16:48:16.146Z,2025-10-30T16:48:16.146Z
f5d3610c-a075-4727-94e9-5c4b50b091d6,dep-693c9165-b0ff-4859-a6cb-abe60952b0c8,,2e25c793-17ff-4230-b58d-17dfcc222464,5904,INR,completed,,2025-10-31T16:48:16.146Z,2025-10-31T16:48:16.146Z
d542278d-af5c-4fb8-b075-a54e42fdd116,dep-07009392-715a-4f30-9f94-ab8b28089f26,,2e25c793-17ff-4230-b58d-17dfcc222464,12822,INR,completed,,2025-10-31T16:48:16.146Z,2025-10-31T16:48:16.146Z
d8518a5e-6edf-4a8e-af63-476041575044,tx-4cc55e1a-da95-4b5e-9ddd-cc8198cad074,cc817b0a-5cde-4437-9047-eb0a6c1b8735,77f216ae-66bd-4d6b-9dcf-ac7ac8c779cc,224,INR,completed,,2025-10-31T16:48:16.146Z,2025-10-31T16:48:16.146Z
3cb7596f-e7bd-43a5-96c6-7718317b4f51,dep-c5f3739e-1870-4287-b968-e00280e516ac,,4f64b206-7b74-44ce-b39f-89049ebd4e3f,85000,INR,completed,,2025-11-01T16:48:16.146Z,2025-11-01T16:48:16.146Z
83d88928-c152-45a4-a01c-bd0ad1d99adc,tx-44b2be4c-055a-4221-b052-086d53f82e06,4f64b206-7b74-44ce-b39f-89049ebd4e3f,8fecc2ac-282e-4044-a1dd-0ef257c60926,2743,INR,completed,,2025-11-01T16:48:16.146Z,2025-11-01T16:48:16.146Z
577babe3-a8da-4cdb-9e12-4268be233fea,dep-48f270e9-8e15-4724-8e82-0d4c871f1295,,2e25c793-17ff-4230-b58d-17dfcc222464,11341,INR,completed,,2025-11-01T16:48:16.146Z,2025-11-01T16:48:16.146Z
ec832865-e1d4-4b17-9d74-de3d1464e00e,dep-351533c4-17e5-41dc-8273-cc0a357e67c9,,2e25c793-17ff-4230-b58d-17dfcc222464,11964,INR,completed,,2025-11-01T16:48:16.146Z,2025-11-01T16:48:16.146Z
496f24f8-3cc6-4cde-864f-11c61ae02434,dep-b099c65e-adc6-4478-b424-ae88ec0fc829,,d53314e5-d645-464a-99cf-45ed1a35e9fd,120000,INR,completed,,2025-11-01T16:48:16.146Z,2025-11-01T16:48:16.146Z
98e457ff-990e-4b04-b04c-98f1b4f1e792,tx-d4902041-71e2-45eb-a3d6-3be22c7ba19c,d53314e5-d645-464a-99cf-45ed1a35e9fd,99326bcd-2ed0-4319-b6a7-a9d1ac39f1b2,358,INR,completed,,2025-11-01T16:48:16.146Z,2025-11-01T16:48:16.146Z
8285ec56-fdd8-425f-ae0a-2d9fe6296295,tx-0ffc014e-f90e-4c0b-9edb-22f14171f570,4f64b206-7b74-44ce-b39f-89049ebd4e3f,99326bcd-2ed0-4319-b6a7-a9d1ac39f1b2,556,INR,completed,,2025-11-02T16:48:16.146Z,2025-11-02T16:48:16.146Z
8ef41175-cb1d-44d8-b39a-79ed12a96a52,tx-2868e89b-a568-4fe2-a207-eefe4b7d9ac9,2e25c793-17ff-4230-b58d-17dfcc222464,396aaa88-f522-47e1-a4dd-f2107cc69e7a,35000,INR,completed,,2025-11-02T16:48:16.146Z,2025-11-02T16:48:16.146Z
5dd4e660-9d4b-4d4c-8603-97ec9f9d46ca,dep-36050de0-434c-459f-b892-f0e7ae96e014,,dfffab37-7984-45e6-bfd9-bcb0617b8a82,5000,INR,completed,,2025-11-02T16:48:16.146Z,2025-11-02T16:48:16.146Z
f765761c-3f42-4cc8-ad95-01378a6a4ffb,dep-c743d35e-90f9-445c-bb38-acbeb215a01d,,cc817b0a-5cde-4437-9047-eb0a6c1b8735,4000,INR,completed,,2025-11-02T16:48:16.146Z,2025-11-02T16:48:16.146Z
68891a7f-e8ec-442f-8cb8-e433256811cb,tx-f3a2137f-71f3-41da-99a6-1451c1506153,cc817b0a-5cde-4437-9047-eb0a6c1b8735,99326bcd-2ed0-4319-b6a7-a9d1ac39f1b2,353,INR,completed,,2025-11-02T16:48:16.146Z,2025-11-02T16:48:16.146Z
1e3f51a8-e7d9-4f9d-b1e2-06cefc23b01b,tx-8bda0326-f413-47e8-b0b6-2cde3e4137cb,4c9659e2-39a0-491a-9392-94dfda2a7ad5,99326bcd-2ed0-4319-b6a7-a9d1ac39f1b2,312,INR,completed,,2025-11-02T16:48:16.146Z,2025-11-02T16:48:16.146Z
def6dbf9-3ab7-4e67-8547-de980a513393,tx-3d5d6f27-6159-40d9-b7c0-30436a14edab,4f64b206-7b74-44ce-b39f-89049ebd4e3f,396aaa88-f522-47e1-a4dd-f2107cc69e7a,25000,INR,completed,,2025-11-03T16:48:16.146Z,2025-11-03T16:48:16.146Z
7adbd22f-e7a1-45b9-9234-f8ee9aa15e88,dep-cd13d0cc-7be3-41e5-aae1-d2f91716890b,,2e25c793-17ff-4230-b58d-17dfcc222464,15550,INR,completed,,2025-11-03T16:48:16.146Z,2025-11-03T16:48:16.146Z
84746ba2-fe11-4adb-96f5-4aab2322d90e,dep-f2bc1ba0-88fd-4fc3-8bc5-f13d88355baf,,2e25c793-17ff-4230-b58d-17dfcc222464,17980,INR,completed,,2025-11-03T16:48:16.146Z,2025-11-03T16:48:16.146Z
d4798c32-790f-4c70-b197-0ab6c0f6a678,dep-9931263b-c2f2-4928-af9b-37b794d5d0af,,2e25c793-17ff-4230-b58d-17dfcc222464,8112,INR,completed,,2025-11-03T16:48:16.146Z,2025-11-03T16:48:16.146Z
f1742d2d-0dbc-44b3-ba89-e5735f866d13,tx-6c4dd70d-a545-418d-a2cb-005e84b5bb68,2e25c793-17ff-4230-b58d-17dfcc222464,8c25909a-227f-4d95-86a1-9033ec6e34a4,371,INR,completed,,2025-11-03T16:48:16.146Z,2025-11-03T16:48:16.146Z
b9e2d2e8-f018-4611-a5b3-e0a8f0a02379,tx-4796a190-83fa-48ee-89c1-06864bede607,dfffab37-7984-45e6-bfd9-bcb0617b8a82,cc817b0a-5cde-4437-9047-eb0a6c1b8735,166,INR,completed,,2025-11-03T16:48:16.146Z,2025-11-03T16:48:16.146Z
2cffe943-b623-42d2-889a-60e8b7e7820a,tx-880386c7-42bf-4726-baca-1ff7c407d60f,4c9659e2-39a0-491a-9392-94dfda2a7ad5,77f216ae-66bd-4d6b-9dcf-ac7ac8c779cc,352,INR,completed,,2025-11-03T16:48:16.146Z,2025-11-03T16:48:16.146Z
332b6d0a-2ffb-4a44-923d-264a31d0295c,dep-524a683e-e147-4de3-b6e1-f9ec037c5763,,2e25c793-17ff-4230-b58d-17dfcc222464,6056,INR,completed,,2025-11-04T16:48:16.146Z,2025-11-04T16:48:16.146Z
193972f7-9ca4-4ae2-b9db-fa06f0fec17a,tx-11958595-bab2-424c-a271-0d8a72fdc2a3,2e25c793-17ff-4230-b58d-17dfcc222464,77f216ae-66bd-4d6b-9dcf-ac7ac8c779cc,813,INR,completed,,2025-11-04T16:48:16.146Z,2025-11-04T16:48:16.146Z
07f7f5d6-58de-4fae-9467-bf9d87714005,tx-a8807830-1217-4a7e-9615-9305e200dfd7,dfffab37-7984-45e6-bfd9-bcb0617b8a82,77f216ae-66bd-4d6b-9dcf-ac7ac8c779cc,118,INR,completed,,2025-11-04T16:48:16.146Z,2025-11-04T16:48:16.146Z
ca0f07c2-cedb-4180-80fa-96481115d2dc,tx-55c0851a-ee6d-4023-a7bb-a390a241d272,cc817b0a-5cde-4437-9047-eb0a6c1b8735,77f216ae-66bd-4d6b-9dcf-ac7ac8c779cc,270,INR,completed,,2025-11-04T16:48:16.146Z,2025-11-04T16:48:16.146Z
eb1508b4-96fe-4331-9f8f-e5265abe5e2d,dep-06561db2-b358-4a6c-a04a-652dc50c0e28,,4c9659e2-39a0-491a-9392-94dfda2a7ad5,12620,INR,completed,,2025-11-04T16:48:16.146Z,2025-11-04T16:48:16.146Z
321b0e45-b264-4e9c-8114-ba03e1bc0665,tx-6985fb3a-5761-4400-8edf-266c66d39460,4c9659e2-39a0-491a-9392-94dfda2a7ad5,8c25909a-227f-4d95-86a1-9033ec6e34a4,180,INR,completed,,2025-11-04T16:48:16.146Z,2025-11-04T16:48:16.146Z
c29d96cb-2926-47c4-ae19-af9526603206,tx-81d3a718-94ba-4586-97fb-b562da99cd5c,4f64b206-7b74-44ce-b39f-89049ebd4e3f,0e5d4bb0-d613-443b-beef-163eb4214b67,4473,INR,completed,,2025-11-05T16:48:16.146Z,2025-11-05T16:48:16.146Z
4338bd2a-477b-4807-89d3-7bdaa54ffad1,dep-c4326d01-39e1-4999-963f-90b2c45b78c7,,2e25c793-17ff-4230-b58d-17dfcc222464,11302,INR,completed,,2025-11-05T16:48:16.146Z,2025-11-05T16:48:16.146Z
c7524cb0-a3a8-4587-8b22-e9f484e987da,dep-66c743bf-f630-4cd2-9c14-90f5040d813a,,2e25c793-17ff-4230-b58d-17dfcc222464,15963,INR,completed,,2025-11-05T16:48:16.146Z,2025-11-05T16:48:16.146Z
1c55dc97-971e-499d-8a66-4e2e6276746d,tx-37177218-eca1-46f3-abab-f51c142ceffa,2e25c793-17ff-4230-b58d-17dfcc222464,78d754c3-7421-45c6-af19-62af10c7d7a7,39035,INR,completed,,2025-11-05T16:48:16.146Z,2025-11-05T16:48:16.146Z
e7355d1b-8068-4500-b10e-3319dbb121fc,tx-9a6d4140-502f-42ed-a591-721afc46b758,4f64b206-7b74-44ce-b39f-89049ebd4e3f,99326bcd-2ed0-4319-b6a7-a9d1ac39f1b2,658,INR,completed,,2025-11-06T16:48:16.146Z,2025-11-06T16:48:16.146Z
bfbc394f-62d1-46b5-9200-b80a93fcf391,dep-4f27274b-1bc1-4324-a16f-2d30767e00fb,,2e25c793-17ff-4230-b58d-17dfcc222464,7040,INR,completed,,2025-11-06T16:48:16.146Z,2025-11-06T16:48:16.146Z
431c6616-19a2-411d-b72c-32bbcab4d8a2,tx-33b7739c-86b9-4f47-8a18-a0e48adfe630,2e25c793-17ff-4230-b58d-17dfcc222464,77f216ae-66bd-4d6b-9dcf-ac7ac8c779cc,709,INR,completed,,2025-11-06T16:48:16.146Z,2025-11-06T16:48:16.146Z
0c7d5aaa-12df-4118-9bc8-ebf92c6ea5ca,tx-84304d28-904d-423c-a84b-f599a55c518e,dfffab37-7984-45e6-bfd9-bcb0617b8a82,99326bcd-2ed0-4319-b6a7-a9d1ac39f1b2,280,INR,completed,,2025-11-06T16:48:16.146Z,2025-11-06T16:48:16.146Z
c685189d-49f9-4829-b368-48256e038d23,tx-85baae85-b6b1-4904-8a96-e89b6a400391,cc817b0a-5cde-4437-9047-eb0a6c1b8735,77f216ae-66bd-4d6b-9dcf-ac7ac8c779cc,176,INR,completed,,2025-11-06T16:48:16.146Z,2025-11-06T16:48:16.146Z
bb4ff908-1ecb-41e8-8c4b-061b602cb15b,tx-2b4eb3d6-6ec2-4126-b418-13f8b26381ff,4c9659e2-39a0-491a-9392-94dfda2a7ad5,99326bcd-2ed0-4319-b6a7-a9d1ac39f1b2,294,INR,completed,,2025-11-06T16:48:16.146Z,2025-11-06T16:48:16.146Z
5b68a63c-de23-40dd-97f7-724db4cae536,dep-65a2ba40-4916-4679-915d-6e874e42c991,,2e25c793-17ff-4230-b58d-17dfcc222464,15916,INR,completed,,2025-11-07T16:48:16.146Z,2025-11-07T16:48:16.146Z
1ac5dbf7-6d2b-4aee-8298-8587d5993c5f,dep-e854254a-42ca-42e7-889f-38f79eb5c120,,2e25c793-17ff-4230-b58d-17dfcc222464,10092,INR,completed,,2025-11-07T16:48:16.146Z,2025-11-07T16:48:16.146Z
5e9940c8-1d4a-45f3-b37f-b6408bb78942,dep-0e4c1ec3-8ec2-4954-8d1f-1bca1dc4df66,,2e25c793-17ff-4230-b58d-17dfcc222464,7470,INR,completed,,2025-11-07T16:48:16.146Z,2025-11-07T16:48:16.146Z
6d4a0289-e37b-4993-a973-3da72d95cf2f,tx-dce21815-bf44-46bc-b599-baa36f674b57,2e25c793-17ff-4230-b58d-17dfcc222464,655846c2-aeb1-41c7-b562-4937ad6f5c8b,18000,INR,completed,,2025-11-07T16:48:16.146Z,2025-11-07T16:48:16.146Z
17a22e0d-cf22-4f6c-8a30-641ba16e2c1c,tx-2f42a74f-9c45-4914-a2ac-cf982b64be64,2e25c793-17ff-4230-b58d-17dfcc222464,68e8cdc4-a89c-4489-9d80-d6345ef95f59,1868,INR,completed,,2025-11-07T16:48:16.146Z,2025-11-07T16:48:16.146Z
547fffae-c9f1-4e1a-ac35-533ccfd00cbb,tx-d753766c-0eee-46a8-9d3e-3358047700d1,4f64b206-7b74-44ce-b39f-89049ebd4e3f,8fecc2ac-282e-4044-a1dd-0ef257c60926,2748,INR,completed,,2025-11-08T16:48:16.146Z,2025-11-08T16:48:16.146Z
2ac1d95a-5778-4258-a1c3-077d79a32b9d,dep-c09780df-ac69-4d66-b619-4a80dabadbcb,,2e25c793-17ff-4230-b58d-17dfcc222464,17400,INR,completed,,2025-11-08T16:48:16.146Z,2025-11-08T16:48:16.146Z
7b9ab024-cbee-44dd-93fb-a6d367ca56a6,dep-b7416241-6720-47df-a805-1fe733a6b808,,2e25c793-17ff-4230-b58d-17dfcc222464,10113,INR,completed,,2025-11-08T16:48:16.146Z,2025-11-08T16:48:16.146Z
40f3890c-f6b6-4cf0-8399-48d287220921,dep-0948945d-0ba6-4266-8f08-d1a5c4b38871,,2e25c793-17ff-4230-b58d-17dfcc222464,13574,INR,completed,,2025-11-08T16:48:16.146Z,2025-11-08T16:48:16.146Z
0fdff69d-2674-4616-9e15-2b41652f06ce,tx-1ab0c51e-3c56-4743-9699-0c91aff8ac9d,2e25c793-17ff-4230-b58d-17dfcc222464,68e8cdc4-a89c-4489-9d80-d6345ef95f59,6198,INR,completed,,2025-11-08T16:48:16.146Z,2025-11-08T16:48:16.146Z
1913bd5d-0d53-4d85-94e3-5d4fc0dbb06b,tx-1528e083-8257-42ee-87ad-05046024c639,dfffab37-7984-45e6-bfd9-bcb0617b8a82,99326bcd-2ed0-4319-b6a7-a9d1ac39f1b2,217,INR,completed,,2025-11-08T16:48:16.146Z,2025-11-08T16:48:16.146Z
ff194840-c39c-451b-b8b1-164ba429bfab,tx-0501af7a-5c8b-4628-90ad-7bd53cf4bf63,cc817b0a-5cde-4437-9047-eb0a6c1b8735,dfffab37-7984-45e6-bfd9-bcb0617b8a82,235,INR,completed,,2025-11-08T16:48:16.146Z,2025-11-08T16:48:16.146Z
64bacc73-2228-47c3-8213-29c0eb921508,tx-e5d55e56-ab55-49d9-a3d6-0e5a2b906f69,4c9659e2-39a0-491a-9392-94dfda2a7ad5,8fecc2ac-282e-4044-a1dd-0ef257c60926,1457,INR,completed,,2025-11-08T16:48:16.146Z,2025-11-08T16:48:16.146Z
4f6157c4-ab6a-4dc3-95cd-b6219b2032a3,dep-28b4f071-c00a-48ee-af8b-5f591f4bd700,,2e25c793-17ff-4230-b58d-17dfcc222464,13252,INR,completed,,2025-11-09T16:48:16.146Z,2025-11-09T16:48:16.146Z
610f3f88-ed03-4057-9509-f8a15e3a2b45,tx-0eed0bbd-8ab3-4a36-a8d6-779d9d182ae7,d53314e5-d645-464a-99cf-45ed1a35e9fd,99326bcd-2ed0-4319-b6a7-a9d1ac39f1b2,461,INR,completed,,2025-11-09T16:48:16.146Z,2025-11-09T16:48:16.146Z
1d397bd6-2f17-4b21-9c49-15971dd6e6f6,dep-76c90225-d66c-443f-9fd2-daca23a678cb,,dfffab37-7984-45e6-bfd9-bcb0617b8a82,5000,INR,completed,,2025-11-09T16:48:16.146Z,2025-11-09T16:48:16.146Z
019ce3f9-b223-4f0f-80da-29a9991ba8a9,dep-ab9b9fa3-7a86-4027-b6cc-5c1d41ec7867,,cc817b0a-5cde-4437-9047-eb0a6c1b8735,4000,INR,completed,,2025-11-09T16:48:16.146Z,2025-11-09T16:48:16.146Z
70e2097d-a521-4b39-a135-c9632c47e8b1,tx-6c599cc4-a242-442c-ba98-80e3dd8bf372,cc817b0a-5cde-4437-9047-eb0a6c1b8735,77f216ae-66bd-4d6b-9dcf-ac7ac8c779cc,145,INR,completed,,2025-11-09T16:48:16.146Z,2025-11-09T16:48:16.146Z
dd54ceab-9da1-472c-b7b4-2efd473697bc,tx-153b816d-6f2e-474c-9fa2-5316b7722660,4c9659e2-39a0-491a-9392-94dfda2a7ad5,99326bcd-2ed0-4319-b6a7-a9d1ac39f1b2,561,INR,completed,,2025-11-09T16:48:16.146Z,2025-11-09T16:48:16.146Z
ccb08328-3bb0-457b-b422-0a8c4cb43109,tx-212819e3-8aa3-4aec-a845-586179b05bf2,4f64b206-7b74-44ce-b39f-89049ebd4e3f,bcf7c323-ee7b-4313-95c0-68f74cfeb2bb,199,INR,completed,,2025-11-10T16:48:16.146Z,2025-11-10T16:48:16.146Z
52f0545d-b25c-4a50-a111-42a1cc472269,tx-4d746add-4276-4dd6-a1a5-287d15a8c4c3,4f64b206-7b74-44ce-b39f-89049ebd4e3f,8f5bd58f-2868-4aff-b5da-41454b5bb662,699,INR,completed,,2025-11-10T16:48:16.146Z,2025-11-10T16:48:16.146Z
f6865c33-ba7c-41cf-b723-431c50b591e7,tx-882cf2ff-b190-4fdc-8039-ff4e7fbd208b,4f64b206-7b74-44ce-b39f-89049ebd4e3f,68e8cdc4-a89c-4489-9d80-d6345ef95f59,3552,INR,completed,,2025-11-10T16:48:16.146Z,2025-11-10T16:48:16.146Z
423da42e-2a93-41f7-84d8-e43774bcd746,dep-f15c7d90-4ebc-4bd4-aa2e-0d58e3f4c3b3,,2e25c793-17ff-4230-b58d-17dfcc222464,5430,INR,completed,,2025-11-10T16:48:16.146Z,2025-11-10T16:48:16.146Z
4b74af0f-33d1-4c69-ad9f-a9c4b54a079f,tx-c9e6472d-aaa5-4766-a31c-2583efc2e81a,2e25c793-17ff-4230-b58d-17dfcc222464,77f216ae-66bd-4d6b-9dcf-ac7ac8c779cc,459,INR,completed,,2025-11-10T16:48:16.146Z,2025-11-10T16:48:16.146Z
41ac590a-6daa-4d5f-9db2-836840c3c65a,tx-4bc3783c-f69d-4bf5-ac29-3ea2384a16c2,dfffab37-7984-45e6-bfd9-bcb0617b8a82,99326bcd-2ed0-4319-b6a7-a9d1ac39f1b2,282,INR,completed,,2025-11-10T16:48:16.146Z,2025-11-10T16:48:16.146Z
20210746-5a33-4811-b6d9-5d790d2f26ff,dep-17339fdd-d9ac-456c-9ef8-bfb97875eec0,,4c9659e2-39a0-491a-9392-94dfda2a7ad5,18823,INR,completed,,2025-11-10T16:48:16.146Z,2025-11-10T16:48:16.146Z
94406e71-2c23-417a-a860-f77cbc8395c3,tx-d183f30c-7b6a-4038-9e32-8ab1920e9baa,4c9659e2-39a0-491a-9392-94dfda2a7ad5,8c25909a-227f-4d95-86a1-9033ec6e34a4,343,INR,completed,,2025-11-10T16:48:16.146Z,2025-11-10T16:48:16.146Z
91207b46-ab52-45d1-90c8-4962963c6323,dep-4d453ec2-86de-4240-941f-a20d463cda92,,2e25c793-17ff-4230-b58d-17dfcc222464,16645,INR,completed,,2025-11-11T16:48:16.146Z,2025-11-11T16:48:16.146Z
9cd2f923-60c5-4eb0-b9d9-1c6191bc71ae,dep-29ba227f-ec10-45e2-a7fc-96bfd6d07821,,2e25c793-17ff-4230-b58d-17dfcc222464,10566,INR,completed,,2025-11-11T16:48:16.146Z,2025-11-11T16:48:16.146Z
ec7a70be-1ba6-4a5f-babb-8b8d6c9c6ad1,tx-37fcebfe-3764-41f7-bdc4-904b8e4ef751,dfffab37-7984-45e6-bfd9-bcb0617b8a82,cc817b0a-5cde-4437-9047-eb0a6c1b8735,211,INR,completed,,2025-11-11T16:48:16.146Z,2025-11-11T16:48:16.146Z
2a6713ca-412d-4160-b7f6-fdff99f4b844,tx-0ca2ed90-1b0f-47f0-a0d6-033c1ee4f379,cc817b0a-5cde-4437-9047-eb0a6c1b8735,77f216ae-66bd-4d6b-9dcf-ac7ac8c779cc,270,INR,completed,,2025-11-11T16:48:16.146Z,2025-11-11T16:48:16.146Z
022690d2-a274-4684-b9cb-211a8aa584b8,tx-59cf2b0a-8ea0-404d-a3dd-92cbe2165c0e,4c9659e2-39a0-491a-9392-94dfda2a7ad5,77f216ae-66bd-4d6b-9dcf-ac7ac8c779cc,138,INR,completed,,2025-11-11T16:48:16.146Z,2025-11-11T16:48:16.146Z
e27a8cc7-c87b-452c-ad8b-c6530a60c9bd,dep-164711ec-54f5-4737-a149-afa8635d126b,,2e25c793-17ff-4230-b58d-17dfcc222464,13302,INR,completed,,2025-11-12T16:48:16.146Z,2025-11-12T16:48:16.146Z
1293fa13-47d4-4aba-b9b4-fa4878a8a168,dep-1b2376ca-b59e-4f62-adfe-8a0f9afdbeab,,2e25c793-17ff-4230-b58d-17dfcc222464,11196,INR,completed,,2025-11-12T16:48:16.146Z,2025-11-12T16:48:16.146Z
3dd32b55-ac99-45a7-9bf5-acc4f3cfac44,tx-5fb412bb-3d36-4a4e-a24d-41e93d73bc37,dfffab37-7984-45e6-bfd9-bcb0617b8a82,99326bcd-2ed0-4319-b6a7-a9d1ac39f1b2,404,INR,completed,,2025-11-12T16:48:16.146Z,2025-11-12T16:48:16.146Z
322c1fe8-7f18-4d1f-9802-cb567cce5314,tx-9aa4c785-7fe3-4e27-a497-ff8d34271c38,cc817b0a-5cde-4437-9047-eb0a6c1b8735,dfffab37-7984-45e6-bfd9-bcb0617b8a82,198,INR,completed,,2025-11-12T16:48:16.146Z,2025-11-12T16:48:16.146Z
ec750d04-df4b-41c2-8d18-c4b77ec735d5,tx-70d36445-9ffd-48e5-a83c-8ca885a18a0a,4c9659e2-39a0-491a-9392-94dfda2a7ad5,a56c78df-bd12-4093-8857-edaaef0c6ac6,8000,INR,completed,,2025-11-12T16:48:16.146Z,2025-11-12T16:48:16.146Z
9801d516-9747-4067-8c51-1be315f042c1,dep-6e0f6442-984d-4194-bed9-b717c9554038,,2e25c793-17ff-4230-b58d-17dfcc222464,13740,INR,completed,,2025-11-13T16:48:16.146Z,2025-11-13T16:48:16.146Z
b8e05ccb-52d5-4706-b1b0-1990aa1a1f3e,tx-00ed4f99-f0f6-40fc-8ba5-e374f5ce6e21,4c9659e2-39a0-491a-9392-94dfda2a7ad5,8c25909a-227f-4d95-86a1-9033ec6e34a4,302,INR,completed,,2025-11-13T16:48:16.146Z,2025-11-13T16:48:16.146Z
68be2708-9caf-4dca-824f-c5a29f694063,dep-25bfc45e-5cce-4ba9-b2d7-c68c16902f2b,,2e25c793-17ff-4230-b58d-17dfcc222464,10476,INR,completed,,2025-11-14T16:48:16.146Z,2025-11-14T16:48:16.146Z
0aca2013-25b5-482e-b2a5-2d0dadf756c8,tx-aa91688f-e805-46a2-b027-ab1fa62d47f0,2e25c793-17ff-4230-b58d-17dfcc222464,68e8cdc4-a89c-4489-9d80-d6345ef95f59,2847,INR,completed,,2025-11-14T16:48:16.146Z,2025-11-14T16:48:16.146Z
35953ece-edd4-4248-a30c-e765a211e642,tx-49f19584-abee-422f-a41d-dcba8385f6a1,d53314e5-d645-464a-99cf-45ed1a35e9fd,4778cfd7-bd59-44d1-88ad-ffa43d403800,8680,INR,completed,,2025-11-14T16:48:16.146Z,2025-11-14T16:48:16.146Z
2bb1104b-4e98-4583-a9f7-f4f26999a43a,tx-767b1b23-b0a9-4f2f-8096-89298749c287,dfffab37-7984-45e6-bfd9-bcb0617b8a82,cc817b0a-5cde-4437-9047-eb0a6c1b8735,213,INR,completed,,2025-11-14T16:48:16.146Z,2025-11-14T16:48:16.146Z
97a9f387-9d53-4a0a-9024-c924db98e3d1,tx-47272527-be00-40a6-8cb5-b5fdc151e3d3,cc817b0a-5cde-4437-9047-eb0a6c1b8735,99326bcd-2ed0-4319-b6a7-a9d1ac39f1b2,343,INR,completed,,2025-11-14T16:48:16.146Z,2025-11-14T16:48:16.146Z
559f9add-3967-4800-af57-e14f1567606f,dep-15cc0918-daaa-45d7-a5d2-4fd7e1d92ed0,,cc817b0a-5cde-4437-9047-eb0a6c1b8735,17.15,INR,completed,,2025-11-14T16:48:16.146Z,2025-11-14T16:48:16.146Z
45f4e10a-0f18-44e0-8cec-99c26c155bb5,tx-1ae48386-195a-49ee-b014-1b0cec8f15e0,4c9659e2-39a0-491a-9392-94dfda2a7ad5,99326bcd-2ed0-4319-b6a7-a9d1ac39f1b2,333,INR,completed,,2025-11-14T16:48:16.146Z,2025-11-14T16:48:16.146Z
3935e0c8-29da-4ac0-825c-2cfccb35d9c8,tx-ee9fef0e-f436-4f54-87e8-a795f127afc2,4f64b206-7b74-44ce-b39f-89049ebd4e3f,8fecc2ac-282e-4044-a1dd-0ef257c60926,2710,INR,completed,,2025-11-15T16:48:16.146Z,2025-11-15T16:48:16.146Z
874ecd3f-ed20-454b-b674-49a9e78b4dce,dep-7f35b6d4-60e9-4351-9396-552e02dc23b3,,2e25c793-17ff-4230-b58d-17dfcc222464,8978,INR,completed,,2025-11-15T16:48:16.146Z,2025-11-15T16:48:16.146Z
8e1cf286-5963-4c54-9d28-2521b83a969a,dep-0cfcc11f-45c6-4255-81d0-0cd6d06f8a18,,2e25c793-17ff-4230-b58d-17dfcc222464,7790,INR,completed,,2025-11-15T16:48:16.146Z,2025-11-15T16:48:16.146Z
81d7cc49-9350-4d38-88f1-9cd5ef2611eb,dep-073f765d-1136-4613-8756-750723a67a33,,2e25c793-17ff-4230-b58d-17dfcc222464,12912,INR,completed,,2025-11-15T16:48:16.146Z,2025-11-15T16:48:16.146Z
cb57e52d-f845-432b-840f-6172f448f092,tx-bee53d25-8756-4fae-bd90-2a0d766c1d39,2e25c793-17ff-4230-b58d-17dfcc222464,78d754c3-7421-45c6-af19-62af10c7d7a7,42861,INR,completed,,2025-11-15T16:48:16.146Z,2025-11-15T16:48:16.146Z
9ce2d46f-52de-464c-9c82-b1176beb2ad7,tx-080c2e4e-12b2-45a9-9c2a-561d9fa39aac,d53314e5-d645-464a-99cf-45ed1a35e9fd,8c25909a-227f-4d95-86a1-9033ec6e34a4,1720,INR,completed,,2025-11-15T16:48:16.146Z,2025-11-15T16:48:16.146Z
9b6738e2-5e39-4c7e-853d-a8eb18b369e2,tx-bfef6fbc-6136-48cb-a3bc-0f07a638f520,dfffab37-7984-45e6-bfd9-bcb0617b8a82,99326bcd-2ed0-4319-b6a7-a9d1ac39f1b2,187,INR,completed,,2025-11-15T16:48:16.146Z,2025-11-15T16:48:16.146Z
b0724429-2057-424c-bd86-9b0d4133d8b5,tx-ea58753d-492a-4c38-a433-ffeb4cdfaf4a,cc817b0a-5cde-4437-9047-eb0a6c1b8735,99326bcd-2ed0-4319-b6a7-a9d1ac39f1b2,238,INR,completed,,2025-11-15T16:48:16.146Z,2025-11-15T16:48:16.146Z
ccedccf8-ddae-4966-aa59-9cd3ba111c55,tx-2a98cc42-2674-4aad-ab26-26c2935036ed,4c9659e2-39a0-491a-9392-94dfda2a7ad5,68e8cdc4-a89c-4489-9d80-d6345ef95f59,1526,INR,completed,,2025-11-15T16:48:16.146Z,2025-11-15T16:48:16.146Z
62b26fc3-84a3-4d38-9273-077505353837,dep-217ac78b-cde3-4e17-8134-5db1ebe7adc7,,2e25c793-17ff-4230-b58d-17dfcc222464,5000,INR,completed,,2025-11-16T16:48:16.146Z,2025-11-16T16:48:16.146Z
441e7bf2-6050-49db-81bc-80befffe7ae5,dep-02ae5ae5-a36a-4799-bc34-ac70617a8d8f,,dfffab37-7984-45e6-bfd9-bcb0617b8a82,5000,INR,completed,,2025-11-16T16:48:16.146Z,2025-11-16T16:48:16.146Z
eebd57bb-a1a3-4685-ad3f-076e1505e797,tx-dc1f3918-668f-463c-9594-280e13466506,dfffab37-7984-45e6-bfd9-bcb0617b8a82,99326bcd-2ed0-4319-b6a7-a9d1ac39f1b2,185,INR,completed,,2025-11-16T16:48:16.146Z,2025-11-16T16:48:16.146Z
cab147ac-72de-48f7-8f07-630c28b3c265,dep-177eb594-c24d-40ce-b197-251c4f36f5f2,,cc817b0a-5cde-4437-9047-eb0a6c1b8735,4000,INR,completed,,2025-11-16T16:48:16.146Z,2025-11-16T16:48:16.146Z
8408f6f9-db94-4ce9-bb14-2c0863050bde,tx-05729a6e-529e-493d-a46d-e5ae7bb71674,cc817b0a-5cde-4437-9047-eb0a6c1b8735,99326bcd-2ed0-4319-b6a7-a9d1ac39f1b2,186,INR,completed,,2025-11-16T16:48:16.146Z,2025-11-16T16:48:16.146Z
1af560ec-8079-49fa-8fd2-7cc2f28fe8d5,tx-a39c85c4-ea36-41e0-bf4d-7cbdad2f6229,4c9659e2-39a0-491a-9392-94dfda2a7ad5,8c25909a-227f-4d95-86a1-9033ec6e34a4,291,INR,completed,,2025-11-16T16:48:16.146Z,2025-11-16T16:48:16.146Z
a1fe5879-96dc-4e25-a050-4f322bb62010,tx-c09697b0-3964-48aa-9cf2-cfed162d7a29,4f64b206-7b74-44ce-b39f-89049ebd4e3f,68e8cdc4-a89c-4489-9d80-d6345ef95f59,3787,INR,completed,,2025-11-17T16:48:16.146Z,2025-11-17T16:48:16.146Z
7fe4044e-fc5e-48df-a373-748c7c1aaf46,dep-a7b36526-9940-4404-86ea-61d11500f9cc,,2e25c793-17ff-4230-b58d-17dfcc222464,14430,INR,completed,,2025-11-17T16:48:16.146Z,2025-11-17T16:48:16.146Z
e003e0c7-c451-4f89-9088-cddba6097ac7,dep-d7bbd37e-9bd8-4708-9dbf-13ee29a6ee7c,,2e25c793-17ff-4230-b58d-17dfcc222464,6715,INR,completed,,2025-11-17T16:48:16.146Z,2025-11-17T16:48:16.146Z
86c2f8f4-805c-4ebe-a7cf-c5054a114a08,dep-155f1196-9208-4913-b5b9-8ceb0031767c,,2e25c793-17ff-4230-b58d-17dfcc222464,13868,INR,completed,,2025-11-17T16:48:16.146Z,2025-11-17T16:48:16.146Z
ab8a8c9f-6540-4fc9-9bdf-37d0f5e0996f,tx-61ec1003-d0b2-484e-b3a7-db221fb4bbdb,2e25c793-17ff-4230-b58d-17dfcc222464,77f216ae-66bd-4d6b-9dcf-ac7ac8c779cc,609,INR,completed,,2025-11-17T16:48:16.146Z,2025-11-17T16:48:16.146Z
ff1d0309-a829-40b5-94d3-51bf70078cf9,tx-f8fdad53-c5cc-4ad3-bab6-43feabe9713f,d53314e5-d645-464a-99cf-45ed1a35e9fd,8c25909a-227f-4d95-86a1-9033ec6e34a4,442,INR,completed,,2025-11-17T16:48:16.146Z,2025-11-17T16:48:16.146Z
409f42f6-0475-419d-a744-810df1458c51,dep-f224d93c-8898-40d1-8530-2212839c2a22,,4c9659e2-39a0-491a-9392-94dfda2a7ad5,35491,INR,completed,,2025-11-17T16:48:16.146Z,2025-11-17T16:48:16.146Z
4d802815-281b-442e-b313-ae7d522a13a6,tx-9670e42f-46f7-47dd-9030-a1927d8f764a,4c9659e2-39a0-491a-9392-94dfda2a7ad5,99326bcd-2ed0-4319-b6a7-a9d1ac39f1b2,388,INR,completed,,2025-11-17T16:48:16.146Z,2025-11-17T16:48:16.146Z
1009d2e2-6a01-4376-8495-44b8a11039c7,dep-cbcf58e6-e515-4bfd-ae94-3fe86f31d19f,,2e25c793-17ff-4230-b58d-17dfcc222464,9499,INR,completed,,2025-11-18T16:48:16.146Z,2025-11-18T16:48:16.146Z
a6718114-ceb0-471e-8fc5-4e9d38a7a62f,tx-f5323e61-9460-4910-993b-bbcdd4864415,2e25c793-17ff-4230-b58d-17dfcc222464,68e8cdc4-a89c-4489-9d80-d6345ef95f59,3317,INR,completed,,2025-11-18T16:48:16.146Z,2025-11-18T16:48:16.146Z
c424004d-86df-4311-8f03-fe63a5a65926,dep-accb815f-b482-49fa-9995-640d02ab170f,,2e25c793-17ff-4230-b58d-17dfcc222464,10913,INR,completed,,2025-11-19T16:48:16.146Z,2025-11-19T16:48:16.146Z
3c657892-ec47-4a8b-89cb-313071b59802,tx-12446da5-7254-49b4-a329-40eab360996a,4f64b206-7b74-44ce-b39f-89049ebd4e3f,99326bcd-2ed0-4319-b6a7-a9d1ac39f1b2,379,INR,completed,,2025-11-20T16:48:16.146Z,2025-11-20T16:48:16.146Z
e8c435cd-b0e8-49be-89f1-eb812f6a9ddf,dep-90996a79-fcb0-4c62-9a88-357e69aa38c6,,2e25c793-17ff-4230-b58d-17dfcc222464,11677,INR,completed,,2025-11-20T16:48:16.146Z,2025-11-20T16:48:16.146Z
6a21026a-2f03-4738-b26f-8610288adb22,tx-8b780c57-84e5-4590-a269-537ddc2d6a0e,2e25c793-17ff-4230-b58d-17dfcc222464,8c25909a-227f-4d95-86a1-9033ec6e34a4,511,INR,completed,,2025-11-20T16:48:16.146Z,2025-11-20T16:48:16.146Z
f1a3984e-4392-4fac-853b-4bac04dd1cb3,tx-a2250e77-07e0-4e63-a603-bf939c6af5b6,4f64b206-7b74-44ce-b39f-89049ebd4e3f,68e8cdc4-a89c-4489-9d80-d6345ef95f59,2401,INR,completed,,2025-11-21T16:48:16.146Z,2025-11-21T16:48:16.146Z
0b6bb714-959c-4792-b710-43d729afa674,dep-b3b725df-8a43-4bc5-9c81-b4c6a045c053,,4f64b206-7b74-44ce-b39f-89049ebd4e3f,120.05,INR,completed,,2025-11-21T16:48:16.146Z,2025-11-21T16:48:16.146Z
898e86e3-8df7-4584-b96f-c8d4564a471a,dep-663bee34-46d8-41bd-80f7-0db319c78212,,2e25c793-17ff-4230-b58d-17dfcc222464,4975,INR,completed,,2025-11-21T16:48:16.146Z,2025-11-21T16:48:16.146Z
dbc1a2b2-d852-4d54-bed4-73212952f6c1,tx-ec4b2655-07ce-4c4e-ba31-1d473586c572,2e25c793-17ff-4230-b58d-17dfcc222464,68e8cdc4-a89c-4489-9d80-d6345ef95f59,7656,INR,completed,,2025-11-21T16:48:16.146Z,2025-11-21T16:48:16.146Z
2719f131-7436-4731-b373-43d95cb09cef,tx-947cc435-37ca-4a4f-8901-5b5ccd0900fa,d53314e5-d645-464a-99cf-45ed1a35e9fd,8c25909a-227f-4d95-86a1-9033ec6e34a4,1622,INR,completed,,2025-11-21T16:48:16.146Z,2025-11-21T16:48:16.146Z
c92f74a9-103e-43b2-a0da-316ac26e3a1b,tx-d1c262b2-6649-4daf-8e68-0817658ac465,4f64b206-7b74-44ce-b39f-89049ebd4e3f,8fecc2ac-282e-4044-a1dd-0ef257c60926,2320,INR,completed,,2025-11-22T16:48:16.146Z,2025-11-22T16:48:16.146Z
5dfaaef6-41c9-4f81-8569-1589283e2bb2,dep-a54771ba-cd69-4cb1-a1c0-61001b98a866,,2e25c793-17ff-4230-b58d-17dfcc222464,14931,INR,completed,,2025-11-22T16:48:16.146Z,2025-11-22T16:48:16.146Z
55eefd38-c703-45dd-8b20-91556b7d8040,tx-06cba3cd-a0f5-414a-857f-b990b385e606,2e25c793-17ff-4230-b58d-17dfcc222464,77f216ae-66bd-4d6b-9dcf-ac7ac8c779cc,802,INR,completed,,2025-11-22T16:48:16.146Z,2025-11-22T16:48:16.146Z
bdb09dab-d60e-4856-8e6e-1c216d653962,tx-53991d5c-eab6-45b3-a475-9a3989398675,d53314e5-d645-464a-99cf-45ed1a35e9fd,8c25909a-227f-4d95-86a1-9033ec6e34a4,1539,INR,completed,,2025-11-22T16:48:16.146Z,2025-11-22T16:48:16.146Z
12a69af7-0221-43b4-8e5a-28a2e4cbd552,tx-d138b9a4-0f9a-430d-9fad-9a76e908e6d2,dfffab37-7984-45e6-bfd9-bcb0617b8a82,99326bcd-2ed0-4319-b6a7-a9d1ac39f1b2,405,INR,completed,,2025-11-22T16:48:16.146Z,2025-11-22T16:48:16.146Z
6013cd19-63ed-4bd8-827d-fb866adbb6ce,tx-1360d1d0-aa9c-4923-bec7-e824817a1ecb,cc817b0a-5cde-4437-9047-eb0a6c1b8735,dfffab37-7984-45e6-bfd9-bcb0617b8a82,180,INR,completed,,2025-11-22T16:48:16.146Z,2025-11-22T16:48:16.146Z
7ef98731-a63c-4477-8cd9-f1dceda9666b,tx-3ca851cb-c525-48f9-8221-2444fab5c536,4c9659e2-39a0-491a-9392-94dfda2a7ad5,99326bcd-2ed0-4319-b6a7-a9d1ac39f1b2,343,INR,completed,,2025-11-22T16:48:16.146Z,2025-11-22T16:48:16.146Z
86175f12-fab2-449b-bb25-6e414f25bbad,dep-51c97af5-e7e9-4f41-98fd-dbd86795215c,,2e25c793-17ff-4230-b58d-17dfcc222464,15259,INR,completed,,2025-11-23T16:48:16.146Z,2025-11-23T16:48:16.146Z
e12b9469-6443-45ac-8c6c-ac0c97a7f794,tx-77960724-ba36-48de-91d0-201f514a9f81,2e25c793-17ff-4230-b58d-17dfcc222464,77f216ae-66bd-4d6b-9dcf-ac7ac8c779cc,581,INR,completed,,2025-11-23T16:48:16.146Z,2025-11-23T16:48:16.146Z
f59f2943-c4ce-4c79-9a7d-3e5d3492557c,tx-3bc766fc-6a44-4d68-ba14-d057e9c6e6e0,d53314e5-d645-464a-99cf-45ed1a35e9fd,77f216ae-66bd-4d6b-9dcf-ac7ac8c779cc,515,INR,completed,,2025-11-23T16:48:16.146Z,2025-11-23T16:48:16.146Z
06bdc718-b0aa-42d6-9933-597786df6772,dep-9cb014b3-8742-4be8-9472-35147a377c4b,,dfffab37-7984-45e6-bfd9-bcb0617b8a82,5000,INR,completed,,2025-11-23T16:48:16.146Z,2025-11-23T16:48:16.146Z
1867187a-3b39-4938-9786-c481207a5c12,tx-3cc01054-0663-4840-8bbd-3e56dfff9fd7,dfffab37-7984-45e6-bfd9-bcb0617b8a82,cc817b0a-5cde-4437-9047-eb0a6c1b8735,150,INR,completed,,2025-11-23T16:48:16.146Z,2025-11-23T16:48:16.146Z
ee5f2518-3ffc-425e-9184-c6712e3c72ca,dep-2b0b9285-4ce1-4bc1-8dc8-278b5fe24934,,cc817b0a-5cde-4437-9047-eb0a6c1b8735,4000,INR,completed,,2025-11-23T16:48:16.146Z,2025-11-23T16:48:16.146Z
41f3e909-9769-44de-9fbe-1eeabfc3ff38,tx-ff31ae20-ed12-40c3-a314-a5fee9a11519,4c9659e2-39a0-491a-9392-94dfda2a7ad5,77f216ae-66bd-4d6b-9dcf-ac7ac8c779cc,136,INR,completed,,2025-11-23T16:48:16.146Z,2025-11-23T16:48:16.146Z
e6f1c994-0001-4f94-9bda-668b29bea68d,tx-f1a92dc8-81e5-4c33-97c5-ecfeb4725ea7,4f64b206-7b74-44ce-b39f-89049ebd4e3f,99326bcd-2ed0-4319-b6a7-a9d1ac39f1b2,359,INR,completed,,2025-11-24T16:48:16.146Z,2025-11-24T16:48:16.146Z
3a55b65a-f6ae-4230-8797-0f89069bbc94,tx-ff98042d-6750-491f-891c-f9fe728ec960,d53314e5-d645-464a-99cf-45ed1a35e9fd,8c25909a-227f-4d95-86a1-9033ec6e34a4,708,INR,completed,,2025-11-24T16:48:16.146Z,2025-11-24T16:48:16.146Z
5144a841-c315-4ba2-a274-bb5a0f9d6b19,tx-10c1aa35-6cb5-4150-8e0f-de1630b71d19,dfffab37-7984-45e6-bfd9-bcb0617b8a82,99326bcd-2ed0-4319-b6a7-a9d1ac39f1b2,199,INR,completed,,2025-11-24T16:48:16.146Z,2025-11-24T16:48:16.146Z
94a38aba-7219-4de6-9b0d-7f1c2efa023e,tx-fba88abb-1a34-48cf-bb97-e8c2c07ff462,4c9659e2-39a0-491a-9392-94dfda2a7ad5,99326bcd-2ed0-4319-b6a7-a9d1ac39f1b2,343,INR,completed,,2025-11-24T16:48:16.146Z,2025-11-24T16:48:16.146Z
a0574a69-e68f-44d4-9e64-9ff634719407,dep-5dbc2077-b172-458e-9d5c-db4cfc2c8728,,2e25c793-17ff-4230-b58d-17dfcc222464,15500,INR,completed,,2025-11-25T16:48:16.146Z,2025-11-25T16:48:16.146Z
1b3f77b0-88be-4219-adc4-046fa2528d1c,dep-488e342b-7029-4aba-ac31-cb20fabbba1f,,2e25c793-17ff-4230-b58d-17dfcc222464,5462,INR,completed,,2025-11-25T16:48:16.146Z,2025-11-25T16:48:16.146Z
b4719621-eeca-4fb8-a123-d34242acf5b2,tx-e906dabb-348c-45b5-8fbc-ab09c9daaaaa,2e25c793-17ff-4230-b58d-17dfcc222464,78d754c3-7421-45c6-af19-62af10c7d7a7,64031,INR,completed,,2025-11-25T16:48:16.146Z,2025-11-25T16:48:16.146Z
73a2749b-a005-43bf-86d8-60f3e25dec42,tx-bb215357-e844-4960-91bb-d17a24b93fc1,2e25c793-17ff-4230-b58d-17dfcc222464,68e8cdc4-a89c-4489-9d80-d6345ef95f59,1217,INR,completed,,2025-11-25T16:48:16.146Z,2025-11-25T16:48:16.146Z
fe311074-6c07-4e5f-8e16-e037760fefe4,tx-f398f253-4fc6-4f6e-921e-dbec1bdd1951,cc817b0a-5cde-4437-9047-eb0a6c1b8735,77f216ae-66bd-4d6b-9dcf-ac7ac8c779cc,174,INR,completed,,2025-11-25T16:48:16.146Z,2025-11-25T16:48:16.146Z
5b80957d-dc8d-431d-9cdd-2d37e9f382e9,dep-25d3216e-c9f9-4fdd-bb03-24f219869860,,4c9659e2-39a0-491a-9392-94dfda2a7ad5,17530,INR,completed,,2025-11-25T16:48:16.146Z,2025-11-25T16:48:16.146Z
bd5d7cb3-3773-4701-af34-a8b4cecc5e44,dep-920d7c29-8cbb-4650-b993-3fa0742ca6dc,,2e25c793-17ff-4230-b58d-17dfcc222464,10596,INR,completed,,2025-11-26T16:48:16.146Z,2025-11-26T16:48:16.146Z
2317bfab-ca4e-4422-833b-6e63da4eca65,dep-b419a463-718f-4988-8622-215c7c7542ab,,2e25c793-17ff-4230-b58d-17dfcc222464,9239,INR,completed,,2025-11-26T16:48:16.146Z,2025-11-26T16:48:16.146Z
0dceade4-abd2-4c5b-b9e7-8aea7a3e488c,dep-4f83848a-bc55-4e06-87f9-2c9a686edb31,,2e25c793-17ff-4230-b58d-17dfcc222464,8217,INR,completed,,2025-11-26T16:48:16.146Z,2025-11-26T16:48:16.146Z
49b88ba1-54e9-4159-a8ee-76b42ba51901,tx-566ad252-15e1-473f-9a25-f970da349694,dfffab37-7984-45e6-bfd9-bcb0617b8a82,99326bcd-2ed0-4319-b6a7-a9d1ac39f1b2,156,INR,completed,,2025-11-26T16:48:16.146Z,2025-11-26T16:48:16.146Z
4fe529df-6822-4ab9-b639-4d1b3f490255,tx-0542477f-7765-4222-b84d-4a9333a06e2b,cc817b0a-5cde-4437-9047-eb0a6c1b8735,99326bcd-2ed0-4319-b6a7-a9d1ac39f1b2,251,INR,completed,,2025-11-26T16:48:16.146Z,2025-11-26T16:48:16.146Z
bb52d036-0aa6-4352-845c-af02daa64efc,tx-3e5992e7-b592-4015-ab10-be5b53d23087,4c9659e2-39a0-491a-9392-94dfda2a7ad5,8c25909a-227f-4d95-86a1-9033ec6e34a4,314,INR,completed,,2025-11-26T16:48:16.146Z,2025-11-26T16:48:16.146Z
92e15101-1294-44fd-aaf0-d87f3e66a8a2,tx-538437c3-2146-4b3a-9f68-b72581eb83fb,4f64b206-7b74-44ce-b39f-89049ebd4e3f,68e8cdc4-a89c-4489-9d80-d6345ef95f59,3719,INR,completed,,2025-11-27T16:48:16.146Z,2025-11-27T16:48:16.146Z
c6d06a05-422a-4961-9411-3e43f22819f7,dep-8a48f278-8f90-4763-abc2-c9101d554c05,,2e25c793-17ff-4230-b58d-17dfcc222464,15842,INR,completed,,2025-11-27T16:48:16.146Z,2025-11-27T16:48:16.146Z
2d8b0cc5-5546-47ac-ba0f-3f8bf2c44e1a,dep-c5c96cec-1f97-4917-aef5-e85f65cb5645,,2e25c793-17ff-4230-b58d-17dfcc222464,15499,INR,completed,,2025-11-27T16:48:16.146Z,2025-11-27T16:48:16.146Z
b33e7385-f01d-445b-8ebb-42779ac9cdb0,tx-5d17e3e4-4279-47ca-8f3e-58df2f3a3e20,4f64b206-7b74-44ce-b39f-89049ebd4e3f,68e8cdc4-a89c-4489-9d80-d6345ef95f59,2989,INR,completed,,2025-11-28T16:48:16.146Z,2025-11-28T16:48:16.146Z
6cdc92d3-de0f-4fdc-8abf-99809e94257b,tx-a697f657-87c7-4adc-933d-cee815dfa05f,2e25c793-17ff-4230-b58d-17dfcc222464,68e8cdc4-a89c-4489-9d80-d6345ef95f59,6489,INR,completed,,2025-11-28T16:48:16.146Z,2025-11-28T16:48:16.146Z
bb52dd36-1914-4bdd-a500-ef6a6434eb47,tx-0164173e-d840-455f-8ecf-caaddfa38b70,dfffab37-7984-45e6-bfd9-bcb0617b8a82,cc817b0a-5cde-4437-9047-eb0a6c1b8735,169,INR,completed,,2025-11-28T16:48:16.146Z,2025-11-28T16:48:16.146Z
065faab0-49bc-47a3-8c2e-6e3a9334fef6,tx-0462c1be-4bd1-41af-b9d4-857cb4ca62cd,4c9659e2-39a0-491a-9392-94dfda2a7ad5,8fecc2ac-282e-4044-a1dd-0ef257c60926,1623,INR,completed,,2025-11-28T16:48:16.146Z,2025-11-28T16:48:16.146Z
f5593eaf-80fc-46be-bd1e-266f1985a02b,tx-c843cfca-8a35-4904-b57d-4fc51ae43da6,4f64b206-7b74-44ce-b39f-89049ebd4e3f,8fecc2ac-282e-4044-a1dd-0ef257c60926,2745,INR,completed,,2025-11-29T16:48:16.146Z,2025-11-29T16:48:16.146Z
50cf7fc6-177e-47c9-b32a-bc72a9843c61,tx-4fbd6559-b8eb-42e0-bd0e-01b95513a782,4f64b206-7b74-44ce-b39f-89049ebd4e3f,68e8cdc4-a89c-4489-9d80-d6345ef95f59,3412,INR,completed,,2025-11-29T16:48:16.146Z,2025-11-29T16:48:16.146Z
1f761c66-00fe-4b91-8591-97c07b6b1e7d,tx-c37a2fba-55bf-441a-bc64-35989c47e7de,dfffab37-7984-45e6-bfd9-bcb0617b8a82,68e8cdc4-a89c-4489-9d80-d6345ef95f59,1011,INR,completed,,2025-11-29T16:48:16.146Z,2025-11-29T16:48:16.146Z
cdcd4128-ca23-463a-85ab-8b948bbf66e7,dep-112d9538-a6ad-4afc-9c55-ce34c6617f77,,dfffab37-7984-45e6-bfd9-bcb0617b8a82,50.55,INR,completed,,2025-11-29T16:48:16.146Z,2025-11-29T16:48:16.146Z
412336df-83ce-4e78-b7ae-8a372324e161,tx-cf96ada5-013c-446d-adb5-6d7d30a832f7,cc817b0a-5cde-4437-9047-eb0a6c1b8735,99326bcd-2ed0-4319-b6a7-a9d1ac39f1b2,152,INR,completed,,2025-11-29T16:48:16.146Z,2025-11-29T16:48:16.146Z
0242c19a-f7ce-4d45-9460-c636521d0dcc,dep-bf92bda8-6cc0-4042-8c0d-8f547be62528,,2e25c793-17ff-4230-b58d-17dfcc222464,12148,INR,completed,,2025-11-30T16:48:16.146Z,2025-11-30T16:48:16.146Z
84240247-ae49-43ff-bdb8-1721bfc77b6d,tx-c51022af-c6c6-424d-b8b6-658ee0ab0da9,d53314e5-d645-464a-99cf-45ed1a35e9fd,4778cfd7-bd59-44d1-88ad-ffa43d403800,14822,INR,completed,,2025-11-30T16:48:16.146Z,2025-11-30T16:48:16.146Z
5271031c-5f87-4951-b7c4-96df1e9fe12c,dep-3ec70a2b-9fd3-49df-a755-618b41ed6a3c,,dfffab37-7984-45e6-bfd9-bcb0617b8a82,5000,INR,completed,,2025-11-30T16:48:16.146Z,2025-11-30T16:48:16.146Z
2b07eb86-144f-4775-bfbe-8144cbd5c221,tx-c14889c8-06dc-4422-a385-7ffbd35fc5e7,dfffab37-7984-45e6-bfd9-bcb0617b8a82,cc817b0a-5cde-4437-9047-eb0a6c1b8735,219,INR,completed,,2025-11-30T16:48:16.146Z,2025-11-30T16:48:16.146Z
e7664d67-7f3c-4c5a-ac77-00b304f6a9ae,dep-d2ea87fc-b7c8-49a2-ac63-6f2c0c0e1a4b,,cc817b0a-5cde-4437-9047-eb0a6c1b8735,4000,INR,completed,,2025-11-30T16:48:16.146Z,2025-11-30T16:48:16.146Z
b0c30e0e-4b16-4769-97c2-b1a07061fd88,tx-33867c08-8a08-4435-9595-76551b176d8f,cc817b0a-5cde-4437-9047-eb0a6c1b8735,99326bcd-2ed0-4319-b6a7-a9d1ac39f1b2,348,INR,completed,,2025-11-30T16:48:16.146Z,2025-11-30T16:48:16.146Z
1fdc1184-279b-4c52-9d46-0920d5dc83bc,tx-a1fd2aa1-27c6-40fd-9c87-02eeab54978e,4c9659e2-39a0-491a-9392-94dfda2a7ad5,8c25909a-227f-4d95-86a1-9033ec6e34a4,363,INR,completed,,2025-11-30T16:48:16.146Z,2025-11-30T16:48:16.146Z
955d242b-adb7-4d22-8493-40071d752555,dep-27c858c3-1ce3-4991-9bb1-10e281ed794f,,4f64b206-7b74-44ce-b39f-89049ebd4e3f,85000,INR,completed,,2025-12-01T16:48:16.146Z,2025-12-01T16:48:16.146Z
a1b31c3c-c837-4acf-9054-03d2a32e8000,dep-1e063273-d46f-4611-b631-a5a954cee489,,d53314e5-d645-464a-99cf-45ed1a35e9fd,120000,INR,completed,,2025-12-01T16:48:16.146Z,2025-12-01T16:48:16.146Z
bb81e94e-8c94-4b4c-983b-2049f6d7cb6d,tx-98378fe7-5c54-4ab8-830d-f9a5c3863bef,d53314e5-d645-464a-99cf-45ed1a35e9fd,8c25909a-227f-4d95-86a1-9033ec6e34a4,744,INR,completed,,2025-12-01T16:48:16.146Z,2025-12-01T16:48:16.146Z
fc7e9244-21df-4517-bc51-a5838e702d38,tx-b1bd5bfc-d3de-4ef8-9e77-6d4f80577798,cc817b0a-5cde-4437-9047-eb0a6c1b8735,68e8cdc4-a89c-4489-9d80-d6345ef95f59,785,INR,completed,,2025-12-01T16:48:16.146Z,2025-12-01T16:48:16.146Z
ce230c88-939c-42a1-8bea-0f7da7306497,dep-fbc635a2-e975-4ce6-93b4-aaf8d3c3b86b,,cc817b0a-5cde-4437-9047-eb0a6c1b8735,39.25,INR,completed,,2025-12-01T16:48:16.146Z,2025-12-01T16:48:16.146Z
cb5f5fc0-d23b-4459-bb4b-ddca64e624c8,tx-bed8b951-166f-4f58-8f8e-f44627f5ffa7,4c9659e2-39a0-491a-9392-94dfda2a7ad5,8c25909a-227f-4d95-86a1-9033ec6e34a4,271,INR,completed,,2025-12-01T16:48:16.146Z,2025-12-01T16:48:16.146Z
a1f6711a-e18c-44d4-9cc4-ea795af0d2e2,tx-14888d2b-1d29-4502-a35b-512965d3206d,4f64b206-7b74-44ce-b39f-89049ebd4e3f,77f216ae-66bd-4d6b-9dcf-ac7ac8c779cc,367,INR,completed,,2025-12-02T16:48:16.146Z,2025-12-02T16:48:16.146Z
8956f695-3790-4f08-9039-fbfe86a92d9b,dep-038e1a84-3a5c-4616-a0ff-68ad26346964,,2e25c793-17ff-4230-b58d-17dfcc222464,16388,INR,completed,,2025-12-02T16:48:16.146Z,2025-12-02T16:48:16.146Z
6c45b7b5-a28b-4e73-bf79-d8657ad92d5f,dep-eb2c9ec5-daac-4c6a-8df5-49d344cdbdc5,,2e25c793-17ff-4230-b58d-17dfcc222464,7045,INR,completed,,2025-12-02T16:48:16.146Z,2025-12-02T16:48:16.146Z
8ee4ba1e-f76f-4105-af32-a9312ae5a26f,tx-361ce958-935d-4142-8b9a-81a8a746b1d4,2e25c793-17ff-4230-b58d-17dfcc222464,396aaa88-f522-47e1-a4dd-f2107cc69e7a,35000,INR,completed,,2025-12-02T16:48:16.146Z,2025-12-02T16:48:16.146Z
2482709c-e413-4157-8ad0-d3fb73ac28d9,tx-33e790e2-3ed9-4299-bef2-6977cb6ef5b5,2e25c793-17ff-4230-b58d-17dfcc222464,8c25909a-227f-4d95-86a1-9033ec6e34a4,228,INR,completed,,2025-12-02T16:48:16.146Z,2025-12-02T16:48:16.146Z
24bcb3ae-34ff-481f-a832-44f3cf3340a3,tx-37363ea7-e843-4b5c-9bd5-d8bcc7e33695,d53314e5-d645-464a-99cf-45ed1a35e9fd,5a5c422f-2b4f-4e26-bd2e-db36096ce28f,7289,INR,completed,,2025-12-02T16:48:16.146Z,2025-12-02T16:48:16.146Z
25efdcdf-702e-4adf-a80e-af40b2ff9058,tx-6f63c383-c1be-4c47-8e18-0e16176d83d6,4c9659e2-39a0-491a-9392-94dfda2a7ad5,77f216ae-66bd-4d6b-9dcf-ac7ac8c779cc,156,INR,completed,,2025-12-02T16:48:16.146Z,2025-12-02T16:48:16.146Z
3c4fa8dd-36b3-4e7b-81dc-a68c7a5020d4,tx-d5bccd5b-09ea-406d-b77b-3af3b507ed1b,4f64b206-7b74-44ce-b39f-89049ebd4e3f,396aaa88-f522-47e1-a4dd-f2107cc69e7a,25000,INR,completed,,2025-12-03T16:48:16.146Z,2025-12-03T16:48:16.146Z
58233560-3488-427a-a2ec-ec697a75d165,dep-3f7332f3-f696-45fe-ac39-17767e858181,,2e25c793-17ff-4230-b58d-17dfcc222464,11294,INR,completed,,2025-12-03T16:48:16.146Z,2025-12-03T16:48:16.146Z
b3367203-6149-4482-a769-b1385a1939a0,dep-265e1729-2513-4df2-9964-ab86439b4b99,,2e25c793-17ff-4230-b58d-17dfcc222464,11381,INR,completed,,2025-12-03T16:48:16.146Z,2025-12-03T16:48:16.146Z
a6f04c11-12b8-4e08-994d-259a757123b7,tx-39c32032-8e40-4c0b-a6c7-358a7d6a3a43,2e25c793-17ff-4230-b58d-17dfcc222464,68e8cdc4-a89c-4489-9d80-d6345ef95f59,7825,INR,completed,,2025-12-03T16:48:16.146Z,2025-12-03T16:48:16.146Z
64d5ba06-d741-4e7f-b9c4-5d1075eb46ce,tx-f710e99e-7fbd-4e0a-a32c-7e4c58a693a0,d53314e5-d645-464a-99cf-45ed1a35e9fd,8c25909a-227f-4d95-86a1-9033ec6e34a4,1695,INR,completed,,2025-12-03T16:48:16.146Z,2025-12-03T16:48:16.146Z
b935cc13-1313-46ec-97d9-a081feb015b3,dep-ad2b638b-7bfe-46df-afe7-d438ba57bd63,,d53314e5-d645-464a-99cf-45ed1a35e9fd,84.75,INR,completed,,2025-12-03T16:48:16.146Z,2025-12-03T16:48:16.146Z
48c14355-583d-4f67-b36c-8fa48e4e050f,tx-ce7c56b0-f0ce-4528-8ec4-8ebbc25935f0,4c9659e2-39a0-491a-9392-94dfda2a7ad5,77f216ae-66bd-4d6b-9dcf-ac7ac8c779cc,434,INR,completed,,2025-12-03T16:48:16.146Z,2025-12-03T16:48:16.146Z
2d3a42bc-9212-44b2-a388-7e5ca058798b,dep-54a88f80-32e9-443e-8259-dee72f8bb5ec,,2e25c793-17ff-4230-b58d-17dfcc222464,17290,INR,completed,,2025-12-04T16:48:16.146Z,2025-12-04T16:48:16.146Z
14296769-3331-40c7-b245-d56ad75902fb,tx-1b48cd2e-82cf-482a-82e5-4e90e29f7c11,2e25c793-17ff-4230-b58d-17dfcc222464,77f216ae-66bd-4d6b-9dcf-ac7ac8c779cc,661,INR,completed,,2025-12-04T16:48:16.146Z,2025-12-04T16:48:16.146Z
9837abeb-e3df-444c-b0db-7ba7c2724fc4,tx-bd9aba5c-b09a-4e67-a3dd-af6a42c3dc94,cc817b0a-5cde-4437-9047-eb0a6c1b8735,77f216ae-66bd-4d6b-9dcf-ac7ac8c779cc,177,INR,completed,,2025-12-04T16:48:16.146Z,2025-12-04T16:48:16.146Z
07d41dc1-77da-470b-902d-6d83f1071fb3,tx-ae236e41-4d74-497e-9eb9-3fdc7af936fa,4c9659e2-39a0-491a-9392-94dfda2a7ad5,8c25909a-227f-4d95-86a1-9033ec6e34a4,180,INR,completed,,2025-12-04T16:48:16.146Z,2025-12-04T16:48:16.146Z
601ad543-e6e0-4113-9e06-311f491d0876,tx-f752263e-a37f-4bba-a899-c1635dc8ccc3,4f64b206-7b74-44ce-b39f-89049ebd4e3f,0e5d4bb0-d613-443b-beef-163eb4214b67,3396,INR,completed,,2025-12-05T16:48:16.146Z,2025-12-05T16:48:16.146Z
b3ae5283-3e05-4598-b81d-aadbebbb1d99,tx-b41dba4e-0fc7-46fd-95a0-13e8da22b8df,4f64b206-7b74-44ce-b39f-89049ebd4e3f,99326bcd-2ed0-4319-b6a7-a9d1ac39f1b2,588,INR,completed,,2025-12-05T16:48:16.146Z,2025-12-05T16:48:16.146Z
9d0cf01c-c05f-4ac9-b037-566f4258acf4,dep-65f7d5dc-7a88-45df-a743-78392ac9b4ed,,2e25c793-17ff-4230-b58d-17dfcc222464,14959,INR,completed,,2025-12-05T16:48:16.146Z,2025-12-05T16:48:16.146Z
5f0b5dc6-72d1-4686-8d81-2fd5dcfe91a6,tx-bc41a9bb-3b99-41b0-b4df-c802b3faa814,2e25c793-17ff-4230-b58d-17dfcc222464,78d754c3-7421-45c6-af19-62af10c7d7a7,63816,INR,completed,,2025-12-05T16:48:16.146Z,2025-12-05T16:48:16.146Z
92959785-a9df-4e1b-8c4c-dff881a3f151,tx-7d30cb5a-ae06-48a7-b1bd-a5bdb6ff32c8,d53314e5-d645-464a-99cf-45ed1a35e9fd,8c25909a-227f-4d95-86a1-9033ec6e34a4,1409,INR,completed,,2025-12-05T16:48:16.146Z,2025-12-05T16:48:16.146Z
eb50137e-bc63-42d3-acae-04a9d3ef64ed,dep-0e3531fd-ccb4-439e-be3c-293fd3e9faac,,d53314e5-d645-464a-99cf-45ed1a35e9fd,70.45,INR,completed,,2025-12-05T16:48:16.146Z,2025-12-05T16:48:16.146Z
be193e18-8b9b-4d45-9513-48176333bf00,tx-e1ca4e8e-91da-4abf-8067-7d35b1159558,cc817b0a-5cde-4437-9047-eb0a6c1b8735,99326bcd-2ed0-4319-b6a7-a9d1ac39f1b2,450,INR,completed,,2025-12-05T16:48:16.146Z,2025-12-05T16:48:16.146Z
419011be-c867-48b5-885f-a0a882c105f5,tx-5e15a28b-7061-4703-8aae-02f73cf32ecd,4c9659e2-39a0-491a-9392-94dfda2a7ad5,8c25909a-227f-4d95-86a1-9033ec6e34a4,182,INR,completed,,2025-12-05T16:48:16.146Z,2025-12-05T16:48:16.146Z
3a82a024-7bde-4f73-af27-ef26695c6158,tx-0800e825-aeb9-45fb-b1ff-dc4d8061beec,4f64b206-7b74-44ce-b39f-89049ebd4e3f,8fecc2ac-282e-4044-a1dd-0ef257c60926,3307,INR,completed,,2025-12-06T16:48:16.146Z,2025-12-06T16:48:16.146Z
0c9bd55d-f1be-480a-9a13-b03846fad8b7,tx-6501b7ca-f5b7-4792-846c-05335fadbf22,4f64b206-7b74-44ce-b39f-89049ebd4e3f,77f216ae-66bd-4d6b-9dcf-ac7ac8c779cc,185,INR,completed,,2025-12-06T16:48:16.146Z,2025-12-06T16:48:16.146Z
74b7a4a7-f98a-460f-a265-812dfedb9cd2,dep-420d9ed1-5b4a-4b2f-a99d-cc83f7057f8c,,2e25c793-17ff-4230-b58d-17dfcc222464,12319,INR,completed,,2025-12-06T16:48:16.146Z,2025-12-06T16:48:16.146Z
b44c770e-448b-4a12-a7d3-372f832f9c58,dep-6c6db0d4-0560-48af-a11e-bbaff92afdaa,,2e25c793-17ff-4230-b58d-17dfcc222464,7633,INR,completed,,2025-12-06T16:48:16.146Z,2025-12-06T16:48:16.146Z
ce739f9f-7eb9-4961-97c1-d2f700e7a687,tx-70f25c00-910e-444a-869d-66f2e7773952,2e25c793-17ff-4230-b58d-17dfcc222464,68e8cdc4-a89c-4489-9d80-d6345ef95f59,1718,INR,completed,,2025-12-06T16:48:16.146Z,2025-12-06T16:48:16.146Z
d54b078e-d2b3-411d-866a-dc52a9e9eecd,tx-feae40f1-377c-448e-bf7b-c8d19d665779,d53314e5-d645-464a-99cf-45ed1a35e9fd,77f216ae-66bd-4d6b-9dcf-ac7ac8c779cc,939,INR,completed,,2025-12-06T16:48:16.146Z,2025-12-06T16:48:16.146Z
295763c9-7d68-41fe-9988-3df7c576ec42,tx-f72ccea5-d102-4569-9f92-0833ab161457,4c9659e2-39a0-491a-9392-94dfda2a7ad5,99326bcd-2ed0-4319-b6a7-a9d1ac39f1b2,288,INR,completed,,2025-12-06T16:48:16.146Z,2025-12-06T16:48:16.146Z
5b12f0fa-a99a-49b0-8557-aa0ee103d738,dep-3a5a3b31-9cd3-430e-bb39-5fdd5e0b6755,,4c9659e2-39a0-491a-9392-94dfda2a7ad5,14.4,INR,completed,,2025-12-06T16:48:16.146Z,2025-12-06T16:48:16.146Z
3673e979-c72a-44ad-9321-30f7b5061f19,tx-869b29eb-04b6-41fb-9219-87d3ce593f57,4f64b206-7b74-44ce-b39f-89049ebd4e3f,68e8cdc4-a89c-4489-9d80-d6345ef95f59,2456,INR,completed,,2025-12-07T16:48:16.146Z,2025-12-07T16:48:16.146Z
d01877f1-dc5d-4b77-933d-58737a481b3c,tx-8a9b54de-288b-4414-9600-09b349f2ed90,2e25c793-17ff-4230-b58d-17dfcc222464,655846c2-aeb1-41c7-b562-4937ad6f5c8b,18000,INR,completed,,2025-12-07T16:48:16.146Z,2025-12-07T16:48:16.146Z
ce6a0c94-54d0-4d8c-81b8-a04be91fb520,tx-da6809f5-c5cc-4b3c-ba17-5756bc20a7a9,2e25c793-17ff-4230-b58d-17dfcc222464,8c25909a-227f-4d95-86a1-9033ec6e34a4,371,INR,completed,,2025-12-07T16:48:16.146Z,2025-12-07T16:48:16.146Z
e10e5b48-5412-4410-99ab-a1e172fe40be,tx-c4fe4dd9-3e0f-4100-be7c-d2afc3b03a71,d53314e5-d645-464a-99cf-45ed1a35e9fd,8c25909a-227f-4d95-86a1-9033ec6e34a4,823,INR,completed,,2025-12-07T16:48:16.146Z,2025-12-07T16:48:16.146Z
883cc3e3-6f7e-4971-b765-32af8ff23915,dep-37a00e6d-c095-4e24-97b6-b64392450048,,dfffab37-7984-45e6-bfd9-bcb0617b8a82,5000,INR,completed,,2025-12-07T16:48:16.146Z,2025-12-07T16:48:16.146Z
4f2bc55b-2ce1-4f46-a4c4-f6316ef01e22,tx-6c49737b-4ae4-4403-939c-97fa61d131fe,dfffab37-7984-45e6-bfd9-bcb0617b8a82,77f216ae-66bd-4d6b-9dcf-ac7ac8c779cc,248,INR,completed,,2025-12-07T16:48:16.146Z,2025-12-07T16:48:16.146Z
89a52f2f-2ee9-4a4d-8611-6abab4fe9fcf,dep-5cfc462b-87c6-49ec-a17f-24761f8c020a,,cc817b0a-5cde-4437-9047-eb0a6c1b8735,4000,INR,completed,,2025-12-07T16:48:16.146Z,2025-12-07T16:48:16.146Z
a5fbaf38-3c47-4720-8522-b6a5c6ded028,tx-541b2168-dcdd-4050-be28-e96f26991c74,4c9659e2-39a0-491a-9392-94dfda2a7ad5,99326bcd-2ed0-4319-b6a7-a9d1ac39f1b2,526,INR,completed,,2025-12-07T16:48:16.146Z,2025-12-07T16:48:16.146Z
4efffdea-d28b-4978-993e-376e603cd4cf,tx-ec6a1858-e1bd-49ac-83f4-2c6cb483fe78,4f64b206-7b74-44ce-b39f-89049ebd4e3f,77f216ae-66bd-4d6b-9dcf-ac7ac8c779cc,207,INR,completed,,2025-12-08T16:48:16.146Z,2025-12-08T16:48:16.146Z
d60ab16d-55da-4f85-8adb-486188930b96,dep-db8544e2-c18f-4ed2-9709-2e5d7a9ffbbb,,2e25c793-17ff-4230-b58d-17dfcc222464,14955,INR,completed,,2025-12-08T16:48:16.146Z,2025-12-08T16:48:16.146Z
7c32ec29-1794-409b-ac82-0c118a53ed0b,tx-1283eead-b5bc-47dc-b657-f8068b9edf8b,cc817b0a-5cde-4437-9047-eb0a6c1b8735,77f216ae-66bd-4d6b-9dcf-ac7ac8c779cc,131,INR,completed,,2025-12-08T16:48:16.146Z,2025-12-08T16:48:16.146Z
b5b8bf65-ad3b-4a43-8286-5f2943901b81,dep-22abe282-7aa5-4093-a7ae-2497e0856bfc,,2e25c793-17ff-4230-b58d-17dfcc222464,16728,INR,completed,,2025-12-09T16:48:16.146Z,2025-12-09T16:48:16.146Z
36c5e37c-55d2-48e6-8fff-9f318d0550a5,tx-32734fad-4473-4e45-b3fa-f2e251b38eed,dfffab37-7984-45e6-bfd9-bcb0617b8a82,99326bcd-2ed0-4319-b6a7-a9d1ac39f1b2,295,INR,completed,,2025-12-09T16:48:16.146Z,2025-12-09T16:48:16.146Z
189468d1-cb77-476c-88df-f585105928fe,tx-d5e93d1e-8519-4677-abbc-b429e83bf388,cc817b0a-5cde-4437-9047-eb0a6c1b8735,68e8cdc4-a89c-4489-9d80-d6345ef95f59,1008,INR,completed,,2025-12-09T16:48:16.146Z,2025-12-09T16:48:16.146Z
a9ad6738-1097-40ee-80a2-74e4b7e7b37f,tx-1d45bd91-3ffc-4170-879e-eafb755c4fb2,4c9659e2-39a0-491a-9392-94dfda2a7ad5,8c25909a-227f-4d95-86a1-9033ec6e34a4,459,INR,completed,,2025-12-09T16:48:16.146Z,2025-12-09T16:48:16.146Z
402228e6-8607-455f-b6e1-a50e80c13e05,tx-5b190e3c-1e81-44a2-9647-ea571a320e0e,4f64b206-7b74-44ce-b39f-89049ebd4e3f,bcf7c323-ee7b-4313-95c0-68f74cfeb2bb,199,INR,completed,,2025-12-10T16:48:16.146Z,2025-12-10T16:48:16.146Z
efff4a33-b94f-4496-81cc-929f7afb0e50,tx-f4276e5b-24e3-409a-9863-885407103940,4f64b206-7b74-44ce-b39f-89049ebd4e3f,8f5bd58f-2868-4aff-b5da-41454b5bb662,699,INR,completed,,2025-12-10T16:48:16.146Z,2025-12-10T16:48:16.146Z
cfc1aa36-34d5-4731-b0ca-6cd6efb74ca9,tx-a902c39d-aa34-4bee-89ba-1753f8ae7f91,4f64b206-7b74-44ce-b39f-89049ebd4e3f,68e8cdc4-a89c-4489-9d80-d6345ef95f59,1810,INR,completed,,2025-12-10T16:48:16.146Z,2025-12-10T16:48:16.146Z
2120a10b-5c42-4684-a627-e5157ecc19c4,dep-2e27c6a6-53da-4642-a9f9-b5b49615f119,,2e25c793-17ff-4230-b58d-17dfcc222464,17311,INR,completed,,2025-12-10T16:48:16.146Z,2025-12-10T16:48:16.146Z
1536bc03-f31f-45dd-a819-86977f2619b2,tx-b906eb99-e521-4f80-aac7-46f4039fd97a,2e25c793-17ff-4230-b58d-17dfcc222464,68e8cdc4-a89c-4489-9d80-d6345ef95f59,4228,INR,completed,,2025-12-10T16:48:16.146Z,2025-12-10T16:48:16.146Z
93f1d54f-e973-4a7d-9e89-ca018d55c72e,tx-ffb16bbd-be49-482f-a2c2-b11224f79175,d53314e5-d645-464a-99cf-45ed1a35e9fd,8c25909a-227f-4d95-86a1-9033ec6e34a4,948,INR,completed,,2025-12-10T16:48:16.146Z,2025-12-10T16:48:16.146Z
9643ab1e-47bd-4feb-8146-c12ad23e226c,tx-2f34dac9-1726-4b0d-ac83-2f694e69e533,dfffab37-7984-45e6-bfd9-bcb0617b8a82,8f5bd58f-2868-4aff-b5da-41454b5bb662,299,INR,completed,,2025-12-10T16:48:16.146Z,2025-12-10T16:48:16.146Z
6b4c67e3-b7d1-40f5-8233-67b0d2ed2b11,tx-33414895-9a86-4899-bb0b-b57272aa06b7,4c9659e2-39a0-491a-9392-94dfda2a7ad5,8fecc2ac-282e-4044-a1dd-0ef257c60926,1583,INR,completed,,2025-12-10T16:48:16.146Z,2025-12-10T16:48:16.146Z
cde9bb55-375b-43b8-9631-fea166379b78,dep-84d9084a-0142-4228-b2dd-50fe8af768c5,,2e25c793-17ff-4230-b58d-17dfcc222464,14914,INR,completed,,2025-12-11T16:48:16.146Z,2025-12-11T16:48:16.146Z
50e6fa16-bbe5-45e5-8da9-64b3c87de6e6,tx-a225b7a8-3a87-4a0e-bad6-0104c9c6d878,d53314e5-d645-464a-99cf-45ed1a35e9fd,77f216ae-66bd-4d6b-9dcf-ac7ac8c779cc,949,INR,completed,,2025-12-11T16:48:16.146Z,2025-12-11T16:48:16.146Z
f6348bf1-da35-4a5a-944e-0f773910d83c,dep-00fe49be-1298-4034-aa0c-ffe15a143385,,d53314e5-d645-464a-99cf-45ed1a35e9fd,47.45,INR,completed,,2025-12-11T16:48:16.146Z,2025-12-11T16:48:16.146Z
348e3248-255d-42f1-a290-2379878b6955,tx-50c3cd15-0ad0-4b11-9343-eb3b459b13ad,dfffab37-7984-45e6-bfd9-bcb0617b8a82,99326bcd-2ed0-4319-b6a7-a9d1ac39f1b2,203,INR,completed,,2025-12-11T16:48:16.146Z,2025-12-11T16:48:16.146Z
17fe9df4-42c5-4592-a8af-997a0d913898,tx-9506c37d-81fc-4eef-857e-96e8a378855f,cc817b0a-5cde-4437-9047-eb0a6c1b8735,77f216ae-66bd-4d6b-9dcf-ac7ac8c779cc,201,INR,completed,,2025-12-11T16:48:16.146Z,2025-12-11T16:48:16.146Z
51ae9709-9f9b-4c42-84b3-227188e51fe0,tx-6e9c8c0d-1b69-4d4d-a8ec-7985d651f785,4c9659e2-39a0-491a-9392-94dfda2a7ad5,8c25909a-227f-4d95-86a1-9033ec6e34a4,285,INR,completed,,2025-12-11T16:48:16.146Z,2025-12-11T16:48:16.146Z
520df7b5-8eeb-400b-95aa-2ceeaf41c144,tx-93bb2571-1ffd-49bc-8f43-00440c8f8f32,4f64b206-7b74-44ce-b39f-89049ebd4e3f,77f216ae-66bd-4d6b-9dcf-ac7ac8c779cc,478,INR,completed,,2025-12-12T16:48:16.146Z,2025-12-12T16:48:16.146Z
f52e9121-2d9c-4cb3-a419-2e6a113c69ce,dep-e84e2b78-fed8-427d-ba5c-850b4d7eeba7,,2e25c793-17ff-4230-b58d-17dfcc222464,16388,INR,completed,,2025-12-12T16:48:16.146Z,2025-12-12T16:48:16.146Z
309556d0-03a0-493a-9e55-e3247811c858,dep-e30f3937-9db1-48a9-ae78-e1d6d5390b8b,,2e25c793-17ff-4230-b58d-17dfcc222464,12197,INR,completed,,2025-12-12T16:48:16.146Z,2025-12-12T16:48:16.146Z
2ddb50bc-ef7e-4b9f-9739-0d2af6b84a87,tx-96c6fc75-e6a5-4700-ac20-e6bbb21fcbc0,d53314e5-d645-464a-99cf-45ed1a35e9fd,77f216ae-66bd-4d6b-9dcf-ac7ac8c779cc,316,INR,completed,,2025-12-12T16:48:16.146Z,2025-12-12T16:48:16.146Z
4f9c8763-d1f5-4fcb-92a3-1f82ae0cf185,tx-81dd3b09-7cd1-4ad7-857b-b74ae6eca8b6,dfffab37-7984-45e6-bfd9-bcb0617b8a82,68e8cdc4-a89c-4489-9d80-d6345ef95f59,915,INR,completed,,2025-12-12T16:48:16.146Z,2025-12-12T16:48:16.146Z
647abb47-34c8-43e1-a8a5-f8d207d533ab,tx-04cefdb5-0067-4d34-b30e-f838bf1c097a,4c9659e2-39a0-491a-9392-94dfda2a7ad5,a56c78df-bd12-4093-8857-edaaef0c6ac6,8000,INR,completed,,2025-12-12T16:48:16.146Z,2025-12-12T16:48:16.146Z
6fc3c75d-1540-4a5e-b5a4-d2eb701f3dbc,tx-f45031f0-211e-4f1c-baf0-1296cdea36bd,4f64b206-7b74-44ce-b39f-89049ebd4e3f,8fecc2ac-282e-4044-a1dd-0ef257c60926,2794,INR,completed,,2025-12-13T16:48:16.146Z,2025-12-13T16:48:16.146Z
6779f1b2-15e7-4c79-bc11-5c77e5fda7f1,tx-e6fee3d9-02c1-4094-a258-1fce9bd7c109,4f64b206-7b74-44ce-b39f-89049ebd4e3f,99326bcd-2ed0-4319-b6a7-a9d1ac39f1b2,715,INR,completed,,2025-12-13T16:48:16.146Z,2025-12-13T16:48:16.146Z
eac71888-60bf-4083-9a30-864a7cc87bdd,dep-80748ce3-09a1-4b20-a76c-16f724bf6186,,2e25c793-17ff-4230-b58d-17dfcc222464,7194,INR,completed,,2025-12-13T16:48:16.146Z,2025-12-13T16:48:16.146Z
9b90947c-81e6-4068-8edf-fe33ad7178f7,tx-ded89a1b-daa2-4a18-bd4e-283228460dc6,d53314e5-d645-464a-99cf-45ed1a35e9fd,77f216ae-66bd-4d6b-9dcf-ac7ac8c779cc,414,INR,completed,,2025-12-13T16:48:16.146Z,2025-12-13T16:48:16.146Z
5b593b2b-7346-4f25-bf9a-bbc92262aa01,dep-84ea8022-b129-4248-8027-71cc06641e3c,,2e25c793-17ff-4230-b58d-17dfcc222464,9395,INR,completed,,2025-12-14T16:48:16.146Z,2025-12-14T16:48:16.146Z
57b41789-5d5d-4cf2-b4d3-8c869e0729dc,dep-95ce2d25-3635-46e4-812e-5c1b6780e168,,2e25c793-17ff-4230-b58d-17dfcc222464,17056,INR,completed,,2025-12-14T16:48:16.146Z,2025-12-14T16:48:16.146Z
15529f1d-b1c9-4e22-bb2f-2fa427adc651,tx-5dc1ab23-1f70-48ff-83a0-ca7a658f5201,2e25c793-17ff-4230-b58d-17dfcc222464,77f216ae-66bd-4d6b-9dcf-ac7ac8c779cc,723,INR,completed,,2025-12-14T16:48:16.146Z,2025-12-14T16:48:16.146Z
22b43e33-4f28-4df3-a831-5f3950010d2f,dep-bcece64d-7d9b-4f41-b5f7-0dc5184a1c79,,dfffab37-7984-45e6-bfd9-bcb0617b8a82,5000,INR,completed,,2025-12-14T16:48:16.146Z,2025-12-14T16:48:16.146Z
351a807a-2717-4e9e-8661-cd1849653b24,dep-64a46d36-6628-48e5-8664-79bad417b57e,,cc817b0a-5cde-4437-9047-eb0a6c1b8735,4000,INR,completed,,2025-12-14T16:48:16.146Z,2025-12-14T16:48:16.146Z
734ce1b0-0e28-4e5a-b2d8-d1a1503af004,tx-078a7cd8-5f99-4132-bdf5-c0659f16af3e,cc817b0a-5cde-4437-9047-eb0a6c1b8735,dfffab37-7984-45e6-bfd9-bcb0617b8a82,194,INR,completed,,2025-12-14T16:48:16.146Z,2025-12-14T16:48:16.146Z
98626087-ee73-40b9-ba41-75c7f7fd5f2a,dep-bd449403-b609-4ffe-86e3-f3478ff070eb,,2e25c793-17ff-4230-b58d-17dfcc222464,9449,INR,completed,,2025-12-15T16:48:16.146Z,2025-12-15T16:48:16.146Z
713816f7-3357-4a53-a1df-e181169a1afa,dep-dc247e79-52ab-4a30-8470-fa6c58530d6a,,2e25c793-17ff-4230-b58d-17dfcc222464,15411,INR,completed,,2025-12-15T16:48:16.146Z,2025-12-15T16:48:16.146Z
481fc33f-a64d-4d9d-b4b4-ed134296fe07,dep-d3576b7f-6369-47e1-811e-5851e3c56004,,2e25c793-17ff-4230-b58d-17dfcc222464,7412,INR,completed,,2025-12-15T16:48:16.146Z,2025-12-15T16:48:16.146Z
ea2e49d2-1012-4a04-83dd-ffb9581559f5,tx-dd149a33-20df-4ff8-bc45-26fa13a2bf1a,2e25c793-17ff-4230-b58d-17dfcc222464,78d754c3-7421-45c6-af19-62af10c7d7a7,60949,INR,completed,,2025-12-15T16:48:16.146Z,2025-12-15T16:48:16.146Z
1198b249-5788-46df-917a-33b8b5078366,tx-7acb72b7-642a-4183-8a17-b528a86a5f6e,cc817b0a-5cde-4437-9047-eb0a6c1b8735,77f216ae-66bd-4d6b-9dcf-ac7ac8c779cc,271,INR,completed,,2025-12-15T16:48:16.146Z,2025-12-15T16:48:16.146Z
05c38c9d-d64b-489e-b5c8-b767e0fd9b50,tx-fbabb969-2926-4e95-a560-68a9c5f6915c,4c9659e2-39a0-491a-9392-94dfda2a7ad5,68e8cdc4-a89c-4489-9d80-d6345ef95f59,1505,INR,completed,,2025-12-15T16:48:16.146Z,2025-12-15T16:48:16.146Z
16563dfa-f403-4d3f-9bbc-0781ca804843,tx-bc921eb6-9510-4b59-a11e-2caa99b3c360,4c9659e2-39a0-491a-9392-94dfda2a7ad5,8c25909a-227f-4d95-86a1-9033ec6e34a4,469,INR,completed,,2025-12-15T16:48:16.146Z,2025-12-15T16:48:16.146Z
9126756c-a103-480b-b745-7c44290fb006,tx-8e84b311-51f9-4a84-a314-ffe1840e33fc,4f64b206-7b74-44ce-b39f-89049ebd4e3f,77f216ae-66bd-4d6b-9dcf-ac7ac8c779cc,204,INR,completed,,2025-12-16T16:48:16.146Z,2025-12-16T16:48:16.146Z
f084bf78-1c8d-4f87-b445-c41d9f0f6c2b,dep-d7ace424-74f9-422c-88e0-f0f0b2708a01,,2e25c793-17ff-4230-b58d-17dfcc222464,15092,INR,completed,,2025-12-16T16:48:16.146Z,2025-12-16T16:48:16.146Z
c9321b13-3c4c-40d9-940b-c1e8d29718c9,dep-45555148-de62-48da-b556-87d2cdfd3aab,,2e25c793-17ff-4230-b58d-17dfcc222464,7315,INR,completed,,2025-12-16T16:48:16.146Z,2025-12-16T16:48:16.146Z
9292d62e-db35-4f45-a017-8d312ed7f3cc,tx-641f5c08-0dd2-47e4-8524-03c70537a649,2e25c793-17ff-4230-b58d-17dfcc222464,77f216ae-66bd-4d6b-9dcf-ac7ac8c779cc,400,INR,completed,,2025-12-16T16:48:16.146Z,2025-12-16T16:48:16.146Z
2dba32d4-a26d-40d0-ba52-37bb4bd4d970,tx-31a606e1-a12d-420e-add4-ed53b637707a,cc817b0a-5cde-4437-9047-eb0a6c1b8735,dfffab37-7984-45e6-bfd9-bcb0617b8a82,118,INR,completed,,2025-12-16T16:48:16.146Z,2025-12-16T16:48:16.146Z
2410ce7b-e4f6-484f-b102-f3362c141fac,dep-8ecc0ab4-1a73-43b3-8a83-a1e957822ff2,,2e25c793-17ff-4230-b58d-17dfcc222464,6379,INR,completed,,2025-12-17T16:48:16.146Z,2025-12-17T16:48:16.146Z
e524de88-dcb7-4366-b693-139bd5f10c62,tx-5dbf8a70-e760-4095-ac38-692356795025,2e25c793-17ff-4230-b58d-17dfcc222464,8c25909a-227f-4d95-86a1-9033ec6e34a4,346,INR,completed,,2025-12-17T16:48:16.146Z,2025-12-17T16:48:16.146Z
8c320785-dd70-4b6e-a517-0223099b5482,tx-5114494d-500c-4b4f-afe1-4b303bf6d283,4c9659e2-39a0-491a-9392-94dfda2a7ad5,8c25909a-227f-4d95-86a1-9033ec6e34a4,281,INR,completed,,2025-12-17T16:48:16.146Z,2025-12-17T16:48:16.146Z
fc4a1099-242e-4bab-83c4-abacbecd4930,dep-f44e102a-0a6b-494a-b25a-16fca388c08a,,2e25c793-17ff-4230-b58d-17dfcc222464,8924,INR,completed,,2025-12-18T16:48:16.146Z,2025-12-18T16:48:16.146Z
7d8a08d5-d669-4e5e-8765-20f88d04ce45,dep-322cff18-3a1f-4a71-b11e-3dcc85de92e9,,2e25c793-17ff-4230-b58d-17dfcc222464,9886,INR,completed,,2025-12-18T16:48:16.146Z,2025-12-18T16:48:16.146Z
2333dcc5-70e4-4de1-97f5-c9ffb54d8009,tx-0e18f5c5-61c8-4ac5-a7e7-223118b9b982,d53314e5-d645-464a-99cf-45ed1a35e9fd,99326bcd-2ed0-4319-b6a7-a9d1ac39f1b2,534,INR,completed,,2025-12-18T16:48:16.146Z,2025-12-18T16:48:16.146Z
9271add4-4c4e-4aad-96f3-c9507251dcf6,tx-6c601220-881e-46c1-a08c-7df71b31e8ab,4c9659e2-39a0-491a-9392-94dfda2a7ad5,99326bcd-2ed0-4319-b6a7-a9d1ac39f1b2,308,INR,completed,,2025-12-18T16:48:16.146Z,2025-12-18T16:48:16.146Z
ed4d01b1-fe8e-42ca-a72d-68a095230e18,dep-71796d77-d8e5-462e-973b-278fc0285e56,,2e25c793-17ff-4230-b58d-17dfcc222464,7799,INR,completed,,2025-12-19T16:48:16.146Z,2025-12-19T16:48:16.146Z
0ede3c22-8a5b-4d41-a445-533e024d242a,dep-1dae3e4c-c968-4f7b-885f-3b6e1b18b09b,,2e25c793-17ff-4230-b58d-17dfcc222464,15089,INR,completed,,2025-12-19T16:48:16.146Z,2025-12-19T16:48:16.146Z
dd95a963-c496-4dfd-9f31-56510e80a7c4,tx-35b392d9-d592-40af-b667-ba0f41f83f12,4c9659e2-39a0-491a-9392-94dfda2a7ad5,77f216ae-66bd-4d6b-9dcf-ac7ac8c779cc,205,INR,completed,,2025-12-19T16:48:16.146Z,2025-12-19T16:48:16.146Z
1c27e807-ba3b-4788-8ebc-4c09dc5d01f5,tx-7829918c-fe9b-4507-96f2-604b762daee5,4f64b206-7b74-44ce-b39f-89049ebd4e3f,8fecc2ac-282e-4044-a1dd-0ef257c60926,3377,INR,completed,,2025-12-20T16:48:16.146Z,2025-12-20T16:48:16.146Z
634db7ec-00c8-4220-bb6a-68d3b9d2d880,dep-3cd1ce80-5a6f-48cd-bfdb-7d4f01e00896,,2e25c793-17ff-4230-b58d-17dfcc222464,17842,INR,completed,,2025-12-20T16:48:16.146Z,2025-12-20T16:48:16.146Z
cc6a4d86-32e2-4f3f-b4d1-283ef8fc8d52,dep-c704b602-1e8a-4fd2-9489-91319036c39d,,2e25c793-17ff-4230-b58d-17dfcc222464,16538,INR,completed,,2025-12-20T16:48:16.146Z,2025-12-20T16:48:16.146Z
736a6f6a-44c3-4185-898f-b9647f0111eb,tx-71b62995-1d3f-4125-bf9b-e15a4cf75837,2e25c793-17ff-4230-b58d-17dfcc222464,68e8cdc4-a89c-4489-9d80-d6345ef95f59,5275,INR,completed,,2025-12-20T16:48:16.146Z,2025-12-20T16:48:16.146Z
39599827-c7a7-45bf-a0b6-7d1842b0b53c,tx-263b10cb-4182-499a-89b5-74faecc5acc2,dfffab37-7984-45e6-bfd9-bcb0617b8a82,77f216ae-66bd-4d6b-9dcf-ac7ac8c779cc,174,INR,completed,,2025-12-20T16:48:16.146Z,2025-12-20T16:48:16.146Z
7ae0e947-9b10-45df-badf-5bd7926b2170,tx-7033f524-2a35-4ea0-9d21-c65e73c0183c,cc817b0a-5cde-4437-9047-eb0a6c1b8735,77f216ae-66bd-4d6b-9dcf-ac7ac8c779cc,155,INR,completed,,2025-12-20T16:48:16.146Z,2025-12-20T16:48:16.146Z
d51d1fbe-9de4-4647-b7a0-8aa89707ae0e,tx-d3b6a5fe-868d-4b3d-952c-7d2cc82c6bb7,4f64b206-7b74-44ce-b39f-89049ebd4e3f,99326bcd-2ed0-4319-b6a7-a9d1ac39f1b2,477,INR,completed,,2025-12-21T16:48:16.146Z,2025-12-21T16:48:16.146Z
41fb4c0f-e638-41ff-b0ba-8dc81d1ca31c,dep-4978f004-aa55-4870-ab83-98ccaca5d2bc,,2e25c793-17ff-4230-b58d-17dfcc222464,9891,INR,completed,,2025-12-21T16:48:16.146Z,2025-12-21T16:48:16.146Z
562aec1c-4b88-4c34-8e96-d48cedf324e4,dep-052ebe7c-039d-44f7-b9a6-eb92a97e103a,,dfffab37-7984-45e6-bfd9-bcb0617b8a82,5000,INR,completed,,2025-12-21T16:48:16.146Z,2025-12-21T16:48:16.146Z
50c2dbd6-5347-4fca-9410-0eff570c59c3,dep-bcf864ee-81cf-431c-a39e-48a62e23e051,,cc817b0a-5cde-4437-9047-eb0a6c1b8735,4000,INR,completed,,2025-12-21T16:48:16.146Z,2025-12-21T16:48:16.146Z
2d610ee4-8776-4204-98c9-47b69264f12d,tx-c243ed21-4185-45da-bdb0-9195b2cc6593,4c9659e2-39a0-491a-9392-94dfda2a7ad5,99326bcd-2ed0-4319-b6a7-a9d1ac39f1b2,432,INR,completed,,2025-12-21T16:48:16.146Z,2025-12-21T16:48:16.146Z
b16ec4ad-804e-4c79-a25a-52c8d6df6199,tx-12cca9c1-c177-4859-9114-985042c63155,4f64b206-7b74-44ce-b39f-89049ebd4e3f,99326bcd-2ed0-4319-b6a7-a9d1ac39f1b2,346,INR,completed,,2025-12-22T16:48:16.146Z,2025-12-22T16:48:16.146Z
f049c694-f7a5-435c-b2f3-4f77ce16901f,dep-4e50bf67-8252-44ad-9235-394610bd69be,,2e25c793-17ff-4230-b58d-17dfcc222464,13224,INR,completed,,2025-12-22T16:48:16.146Z,2025-12-22T16:48:16.146Z
8129f48d-707d-4adc-b0ff-1508deec58f6,dep-ac00e158-3b21-454d-acf9-3873ea9f51fe,,2e25c793-17ff-4230-b58d-17dfcc222464,5816,INR,completed,,2025-12-22T16:48:16.146Z,2025-12-22T16:48:16.146Z
2f910eb6-c121-4257-a177-1cbff51828c3,tx-52fdc48c-d3d6-4792-bcd0-92c047e76156,cc817b0a-5cde-4437-9047-eb0a6c1b8735,77f216ae-66bd-4d6b-9dcf-ac7ac8c779cc,177,INR,completed,,2025-12-22T16:48:16.146Z,2025-12-22T16:48:16.146Z
75870edc-e3d9-4201-8a6e-5fb9db18601f,tx-7f8721fe-80e6-4c6d-b6f0-f99cd5120aec,4c9659e2-39a0-491a-9392-94dfda2a7ad5,99326bcd-2ed0-4319-b6a7-a9d1ac39f1b2,472,INR,completed,,2025-12-22T16:48:16.146Z,2025-12-22T16:48:16.146Z
2afc0437-3aef-4266-893d-034375289daf,tx-a2b2349f-b70b-4abb-b82e-22dd31a9a757,4f64b206-7b74-44ce-b39f-89049ebd4e3f,99326bcd-2ed0-4319-b6a7-a9d1ac39f1b2,452,INR,completed,,2025-12-23T16:48:16.146Z,2025-12-23T16:48:16.146Z
6a016e44-66e7-4937-b83c-1cfd01043a34,dep-7e5a0e0d-6eb4-490f-9a70-4cb871c47f91,,2e25c793-17ff-4230-b58d-17dfcc222464,8830,INR,completed,,2025-12-23T16:48:16.146Z,2025-12-23T16:48:16.146Z
a2025d07-df8c-43a3-90c8-dd6f7a2669d9,dep-025b83d5-c5cb-465b-a743-61075f4f589e,,2e25c793-17ff-4230-b58d-17dfcc222464,6273,INR,completed,,2025-12-23T16:48:16.146Z,2025-12-23T16:48:16.146Z
dbe09986-9c68-44d5-b4f7-0587bcd5074f,dep-4b09e37b-346d-4ded-a17e-aa150d6d7272,,2e25c793-17ff-4230-b58d-17dfcc222464,13337,INR,completed,,2025-12-23T16:48:16.146Z,2025-12-23T16:48:16.146Z
5ae7a790-02de-4d0f-abc6-dc06de84e01a,tx-a1b6122d-25b7-4625-973e-155da7e3e00d,2e25c793-17ff-4230-b58d-17dfcc222464,8c25909a-227f-4d95-86a1-9033ec6e34a4,598,INR,completed,,2025-12-23T16:48:16.146Z,2025-12-23T16:48:16.146Z
30da8c0c-c47d-4932-ae8f-b1f9589a5941,tx-e59547a6-bfa0-47ea-8f7a-4f93397cb26d,d53314e5-d645-464a-99cf-45ed1a35e9fd,77f216ae-66bd-4d6b-9dcf-ac7ac8c779cc,449,INR,completed,,2025-12-23T16:48:16.146Z,2025-12-23T16:48:16.146Z
6828c83b-9f7c-499f-ba67-04f80c17585a,tx-c60beca5-2068-4300-9c89-c68e6451991f,cc817b0a-5cde-4437-9047-eb0a6c1b8735,68e8cdc4-a89c-4489-9d80-d6345ef95f59,332,INR,completed,,2025-12-23T16:48:16.146Z,2025-12-23T16:48:16.146Z
cf143b0c-356b-45c7-a610-9a4eba3e8f59,tx-6013e797-f5df-41b8-a28f-d105f79a764b,4c9659e2-39a0-491a-9392-94dfda2a7ad5,99326bcd-2ed0-4319-b6a7-a9d1ac39f1b2,555,INR,completed,,2025-12-23T16:48:16.146Z,2025-12-23T16:48:16.146Z
63bef6ba-7bc9-4c07-b1d8-60d9a50cf5f8,tx-124a84c7-0c0e-45e9-af71-e29df3e2fa28,4f64b206-7b74-44ce-b39f-89049ebd4e3f,99326bcd-2ed0-4319-b6a7-a9d1ac39f1b2,560,INR,completed,,2025-12-24T16:48:16.146Z,2025-12-24T16:48:16.146Z
1a0e6b7d-6ac4-42c9-bf92-0575facbc9ca,dep-620dfe64-53b7-4d5a-80a9-2222b63e058d,,4f64b206-7b74-44ce-b39f-89049ebd4e3f,28,INR,completed,,2025-12-24T16:48:16.146Z,2025-12-24T16:48:16.146Z
de1cedc1-32c8-4b5a-a141-5060c473458b,dep-cfa61ee4-506d-4883-8b5e-d4a7dca05c80,,2e25c793-17ff-4230-b58d-17dfcc222464,6750,INR,completed,,2025-12-24T16:48:16.146Z,2025-12-24T16:48:16.146Z
af5ceda0-428c-4f13-8bcf-0627476d7b39,tx-730a561d-b4f1-4884-b731-13fb9ab7f93d,d53314e5-d645-464a-99cf-45ed1a35e9fd,4778cfd7-bd59-44d1-88ad-ffa43d403800,6407,INR,completed,,2025-12-24T16:48:16.146Z,2025-12-24T16:48:16.146Z
81e3ae67-38ba-47c4-80a3-98819e5ffd99,tx-d9f68fbe-a0f6-45f0-8152-27ff48b1f4a0,dfffab37-7984-45e6-bfd9-bcb0617b8a82,99326bcd-2ed0-4319-b6a7-a9d1ac39f1b2,159,INR,completed,,2025-12-24T16:48:16.146Z,2025-12-24T16:48:16.146Z
3370df1d-cbf6-4707-a456-88ca2d15c845,tx-e4389932-fc11-4969-8254-fce11fe6a2a0,4c9659e2-39a0-491a-9392-94dfda2a7ad5,8c25909a-227f-4d95-86a1-9033ec6e34a4,282,INR,completed,,2025-12-24T16:48:16.146Z,2025-12-24T16:48:16.146Z
4ad22b08-9d27-4c19-a92e-50d051db7496,dep-b3c14192-33d7-4f76-ab5d-cbf0c9e150d8,,2e25c793-17ff-4230-b58d-17dfcc222464,17886,INR,completed,,2025-12-25T16:48:16.146Z,2025-12-25T16:48:16.146Z
f6750c7a-600c-4c09-9970-b58d8108ec08,tx-33ab123d-3481-4c22-95f3-8aa37d3f7098,2e25c793-17ff-4230-b58d-17dfcc222464,78d754c3-7421-45c6-af19-62af10c7d7a7,49995,INR,completed,,2025-12-25T16:48:16.146Z,2025-12-25T16:48:16.146Z
274880a0-4c3c-4407-b385-a494c7643044,tx-71afb015-9a41-4d74-b62d-2b86d06d2562,2e25c793-17ff-4230-b58d-17dfcc222464,8c25909a-227f-4d95-86a1-9033ec6e34a4,517,INR,completed,,2025-12-25T16:48:16.146Z,2025-12-25T16:48:16.146Z
f04b848c-b9f3-443d-9886-7cc441cee05e,tx-8255f713-49cc-47ee-8fbf-4c5888dd6249,dfffab37-7984-45e6-bfd9-bcb0617b8a82,99326bcd-2ed0-4319-b6a7-a9d1ac39f1b2,376,INR,completed,,2025-12-25T16:48:16.146Z,2025-12-25T16:48:16.146Z
7f91896d-77d6-49f8-88a1-8a8dcbab618f,tx-91339f01-7408-46ed-a92d-b5348d55eea4,4c9659e2-39a0-491a-9392-94dfda2a7ad5,8fecc2ac-282e-4044-a1dd-0ef257c60926,1296,INR,completed,,2025-12-25T16:48:16.146Z,2025-12-25T16:48:16.146Z
21318e40-569a-47dc-ba1f-9fefa41aee10,tx-70c051c1-925e-47c4-9dba-45f5812f7712,4f64b206-7b74-44ce-b39f-89049ebd4e3f,99326bcd-2ed0-4319-b6a7-a9d1ac39f1b2,345,INR,completed,,2025-12-26T16:48:16.146Z,2025-12-26T16:48:16.146Z
9e13f827-82eb-428a-a045-2fc4491f3774,tx-d5a8a681-012a-43fa-a2cb-1d7f1ffbbc85,2e25c793-17ff-4230-b58d-17dfcc222464,77f216ae-66bd-4d6b-9dcf-ac7ac8c779cc,858,INR,completed,,2025-12-26T16:48:16.146Z,2025-12-26T16:48:16.146Z
0ff60291-eda0-4263-9a7a-b81e189d48ab,tx-110fc1b0-da4d-49d8-a55b-9cf405d69c8f,d53314e5-d645-464a-99cf-45ed1a35e9fd,8c25909a-227f-4d95-86a1-9033ec6e34a4,1730,INR,completed,,2025-12-26T16:48:16.146Z,2025-12-26T16:48:16.146Z
faa0f69b-33af-4a62-8afe-3e28024431e4,tx-7345dd6a-4b1f-45f1-bc43-437fb46fdae3,dfffab37-7984-45e6-bfd9-bcb0617b8a82,99326bcd-2ed0-4319-b6a7-a9d1ac39f1b2,362,INR,completed,,2025-12-26T16:48:16.146Z,2025-12-26T16:48:16.146Z
39833a25-2ae4-4f4f-b65a-232c67b5f098,tx-ea2bd1a7-2951-4d83-8e7e-258a050ec442,4c9659e2-39a0-491a-9392-94dfda2a7ad5,99326bcd-2ed0-4319-b6a7-a9d1ac39f1b2,476,INR,completed,,2025-12-26T16:48:16.146Z,2025-12-26T16:48:16.146Z
73d26f2c-d057-4f44-9e74-7c33742c59bb,tx-151aefdf-0a6b-46e0-9038-f47cbdd53dcd,4f64b206-7b74-44ce-b39f-89049ebd4e3f,8fecc2ac-282e-4044-a1dd-0ef257c60926,2793,INR,completed,,2025-12-27T16:48:16.146Z,2025-12-27T16:48:16.146Z
da4196d0-51fe-444d-baaa-15093d5e530f,dep-3e92ae52-70f0-4489-9772-524d9b7a9f90,,2e25c793-17ff-4230-b58d-17dfcc222464,14540,INR,completed,,2025-12-27T16:48:16.146Z,2025-12-27T16:48:16.146Z
0a6d542d-a1b1-4262-a679-eab19c520043,tx-22b56e93-79fa-4746-a76f-08d412bedc79,2e25c793-17ff-4230-b58d-17dfcc222464,68e8cdc4-a89c-4489-9d80-d6345ef95f59,7870,INR,completed,,2025-12-27T16:48:16.146Z,2025-12-27T16:48:16.146Z
c2802874-10a2-4749-8fdf-e5411df447b2,tx-def2ebd1-b957-4e5e-8b23-3b5d6edea118,d53314e5-d645-464a-99cf-45ed1a35e9fd,77f216ae-66bd-4d6b-9dcf-ac7ac8c779cc,1136,INR,completed,,2025-12-27T16:48:16.146Z,2025-12-27T16:48:16.146Z
f10d9054-1303-47a0-85ac-9cedfbfbda9e,tx-ce00d1c6-767c-474d-a1e4-60c5579ae893,cc817b0a-5cde-4437-9047-eb0a6c1b8735,99326bcd-2ed0-4319-b6a7-a9d1ac39f1b2,338,INR,completed,,2025-12-27T16:48:16.146Z,2025-12-27T16:48:16.146Z
fd5e8731-565c-4c61-a445-5dbcf89028ee,dep-53fa27b3-5d08-42cc-b47d-838d16f1fa4c,,4c9659e2-39a0-491a-9392-94dfda2a7ad5,28050,INR,completed,,2025-12-27T16:48:16.146Z,2025-12-27T16:48:16.146Z
2499e150-99c0-4baa-9d0d-713bf87f99e5,tx-fde7ffe2-999a-4b82-9ef7-6bb016e3e762,4c9659e2-39a0-491a-9392-94dfda2a7ad5,8c25909a-227f-4d95-86a1-9033ec6e34a4,381,INR,completed,,2025-12-27T16:48:16.146Z,2025-12-27T16:48:16.146Z
b91cf34a-bf29-4825-abed-91667c711e3f,tx-56424b0f-ad83-4cd7-b9a9-85b7f720df67,4f64b206-7b74-44ce-b39f-89049ebd4e3f,68e8cdc4-a89c-4489-9d80-d6345ef95f59,3310,INR,completed,,2025-12-28T16:48:16.146Z,2025-12-28T16:48:16.146Z
0b367aee-5ca2-4a7e-9011-01486c999972,dep-d8ad6f26-29fb-41ac-8bc9-5f04d18d8a55,,2e25c793-17ff-4230-b58d-17dfcc222464,5321,INR,completed,,2025-12-28T16:48:16.146Z,2025-12-28T16:48:16.146Z
0119a856-0fb4-49b6-a8b7-c16f166f8d34,tx-dd61dc87-07fd-4843-b76b-5215e3e69c83,2e25c793-17ff-4230-b58d-17dfcc222464,68e8cdc4-a89c-4489-9d80-d6345ef95f59,7237,INR,completed,,2025-12-28T16:48:16.146Z,2025-12-28T16:48:16.146Z
cce45c9d-3ce7-45d7-8d09-5c98f84fae51,tx-b3ce35c4-a2b4-419d-84f1-029e511ab6a4,d53314e5-d645-464a-99cf-45ed1a35e9fd,8c25909a-227f-4d95-86a1-9033ec6e34a4,1545,INR,completed,,2025-12-28T16:48:16.146Z,2025-12-28T16:48:16.146Z
f6b27e12-ed52-4935-b12a-d28862d56e77,dep-751601f7-653f-4609-8c3a-aec6aac09d5a,,dfffab37-7984-45e6-bfd9-bcb0617b8a82,5000,INR,completed,,2025-12-28T16:48:16.146Z,2025-12-28T16:48:16.146Z
02af90ca-b86d-49d9-9bbb-a709e5b56256,tx-2f92272d-5a8a-4e3c-ace5-ea400b4a211c,dfffab37-7984-45e6-bfd9-bcb0617b8a82,68e8cdc4-a89c-4489-9d80-d6345ef95f59,566,INR,completed,,2025-12-28T16:48:16.146Z,2025-12-28T16:48:16.146Z
1477cc66-fe36-4ca6-912f-fdebebac9b14,dep-5e92e341-113d-41e2-a742-db1e45998b96,,cc817b0a-5cde-4437-9047-eb0a6c1b8735,4000,INR,completed,,2025-12-28T16:48:16.146Z,2025-12-28T16:48:16.146Z
d03770c6-d43b-4912-ba45-15d99d8d0bd2,tx-198684dc-ce9d-4feb-90ac-ec174afcc218,cc817b0a-5cde-4437-9047-eb0a6c1b8735,dfffab37-7984-45e6-bfd9-bcb0617b8a82,135,INR,completed,,2025-12-28T16:48:16.146Z,2025-12-28T16:48:16.146Z
0f90b469-3779-4346-906a-359c359b374e,tx-5e6af806-ec96-4565-95c2-4151a04cc6d6,4f64b206-7b74-44ce-b39f-89049ebd4e3f,77f216ae-66bd-4d6b-9dcf-ac7ac8c779cc,419,INR,completed,,2025-12-29T16:48:16.146Z,2025-12-29T16:48:16.146Z
7df48feb-a1a5-4f59-9b48-c73a9942972a,dep-2f0105ba-9838-4e21-82e1-70d8ebc1b6b0,,2e25c793-17ff-4230-b58d-17dfcc222464,7777,INR,completed,,2025-12-29T16:48:16.146Z,2025-12-29T16:48:16.146Z
33b4c5f3-2e85-405d-a708-9dbc106ad8da,tx-9318be5c-07a7-421e-8560-6f5422cfcfb7,2e25c793-17ff-4230-b58d-17dfcc222464,8c25909a-227f-4d95-86a1-9033ec6e34a4,535,INR,completed,,2025-12-29T16:48:16.146Z,2025-12-29T16:48:16.146Z
04f1411b-660c-4c84-a955-fd6d99f6e8ca,tx-fb9207ed-c13f-49ce-b9b7-edb0d18db184,cc817b0a-5cde-4437-9047-eb0a6c1b8735,99326bcd-2ed0-4319-b6a7-a9d1ac39f1b2,414,INR,completed,,2025-12-29T16:48:16.146Z,2025-12-29T16:48:16.146Z
55560d87-4d88-46f5-83fc-03f93397f535,dep-c2a4325f-75fb-46d0-870e-7ee9079175d4,,4c9659e2-39a0-491a-9392-94dfda2a7ad5,25023,INR,completed,,2025-12-29T16:48:16.146Z,2025-12-29T16:48:16.146Z
97e44fb1-3919-4de3-88f9-fad795443ae7,tx-da1b585d-10d7-4ab8-a841-d13d930daa13,4c9659e2-39a0-491a-9392-94dfda2a7ad5,99326bcd-2ed0-4319-b6a7-a9d1ac39f1b2,452,INR,completed,,2025-12-29T16:48:16.146Z,2025-12-29T16:48:16.146Z
78a2ac10-4bee-446d-8aaa-a3fd757e3c04,dep-3681fb10-e3a8-417a-9f38-ce1525638807,,2e25c793-17ff-4230-b58d-17dfcc222464,6139,INR,completed,,2025-12-30T16:48:16.146Z,2025-12-30T16:48:16.146Z
ef8df94f-bf12-48b6-a877-8428f2d053c1,tx-19cf21c7-f92b-493f-8896-386962cb2331,2e25c793-17ff-4230-b58d-17dfcc222464,68e8cdc4-a89c-4489-9d80-d6345ef95f59,6992,INR,completed,,2025-12-30T16:48:16.146Z,2025-12-30T16:48:16.146Z
c3601faf-2f57-4a2c-8c0c-8265ef50fa4e,tx-1ce8d4b9-da6c-4eaa-ae7c-5c1711eead12,d53314e5-d645-464a-99cf-45ed1a35e9fd,77f216ae-66bd-4d6b-9dcf-ac7ac8c779cc,933,INR,completed,,2025-12-30T16:48:16.146Z,2025-12-30T16:48:16.146Z
fe139c95-0d4d-434a-8efc-1d6b5e2a4944,tx-bb53f68a-b7c9-478e-9b0c-0c7494f1a84e,4f64b206-7b74-44ce-b39f-89049ebd4e3f,99326bcd-2ed0-4319-b6a7-a9d1ac39f1b2,462,INR,completed,,2025-12-31T16:48:16.146Z,2025-12-31T16:48:16.146Z
e8140159-9d5d-47d0-8670-15c47598c47b,dep-b0f43f32-dce1-492f-a7de-853d38654192,,4f64b206-7b74-44ce-b39f-89049ebd4e3f,23.1,INR,completed,,2025-12-31T16:48:16.146Z,2025-12-31T16:48:16.146Z
33c9d193-9d50-4258-8de3-9bfde48dde63,dep-f2bdf13f-8445-437c-b9c6-9ec5af0c5836,,2e25c793-17ff-4230-b58d-17dfcc222464,16571,INR,completed,,2025-12-31T16:48:16.146Z,2025-12-31T16:48:16.146Z
088c146a-1c57-4249-a6e1-0bd53a6b8aaf,tx-fd531a38-5c65-4f52-9a80-71055d2290fc,2e25c793-17ff-4230-b58d-17dfcc222464,77f216ae-66bd-4d6b-9dcf-ac7ac8c779cc,604,INR,completed,,2025-12-31T16:48:16.146Z,2025-12-31T16:48:16.146Z
4552f1e1-5b4e-4eb0-8ea1-9b196204e0f3,tx-7ff58d34-fab0-4694-b39d-7627d9bbdccd,d53314e5-d645-464a-99cf-45ed1a35e9fd,8c25909a-227f-4d95-86a1-9033ec6e34a4,967,INR,completed,,2025-12-31T16:48:16.146Z,2025-12-31T16:48:16.146Z
07cdbf3d-ef8a-41b1-8df9-b4197aef2b0f,tx-0e48fec3-df91-40d8-9458-b17a77f181b0,cc817b0a-5cde-4437-9047-eb0a6c1b8735,68e8cdc4-a89c-4489-9d80-d6345ef95f59,585,INR,completed,,2025-12-31T16:48:16.146Z,2025-12-31T16:48:16.146Z
0a0b0f22-30bd-4b7a-9343-29ce77ee5ac5,dep-cebeeca1-9bcf-4dff-99a5-d508a0776f9b,,4c9659e2-39a0-491a-9392-94dfda2a7ad5,16618,INR,completed,,2025-12-31T16:48:16.146Z,2025-12-31T16:48:16.146Z
96e5dced-f35a-4228-bd0a-8fe40eaad0e2,tx-a4c76fdb-bb29-4ba6-800c-6c48f4aa7ff2,4c9659e2-39a0-491a-9392-94dfda2a7ad5,8c25909a-227f-4d95-86a1-9033ec6e34a4,189,INR,completed,,2025-12-31T16:48:16.146Z,2025-12-31T16:48:16.146Z
33fdc231-e0d2-44bd-acb3-e877036eacd4,dep-74780b8e-afe0-4ae7-942b-6ac84ab251ab,,4f64b206-7b74-44ce-b39f-89049ebd4e3f,85000,INR,completed,,2026-01-01T16:48:16.146Z,2026-01-01T16:48:16.146Z
d83c28ce-15d4-46dd-90ed-ff89c8624133,dep-3711a9e3-b159-41ec-a4a6-049f0729c130,,2e25c793-17ff-4230-b58d-17dfcc222464,7352,INR,completed,,2026-01-01T16:48:16.146Z,2026-01-01T16:48:16.146Z
f935ccab-e742-4077-b951-afba9a4535e5,dep-5cdcc9a2-aae6-4ec3-ae1f-27daa4498f21,,d53314e5-d645-464a-99cf-45ed1a35e9fd,120000,INR,completed,,2026-01-01T16:48:16.146Z,2026-01-01T16:48:16.146Z
f672d3c5-f825-43a5-afaf-3af4e29d5d44,tx-8c94a473-8af6-4e94-9326-6d17bca8435d,4c9659e2-39a0-491a-9392-94dfda2a7ad5,77f216ae-66bd-4d6b-9dcf-ac7ac8c779cc,141,INR,completed,,2026-01-01T16:48:16.146Z,2026-01-01T16:48:16.146Z
f17176f0-8270-4018-a02e-80b5e1e6c903,dep-5e846392-ec78-40cf-987e-64f4f43090c3,,2e25c793-17ff-4230-b58d-17dfcc222464,16491,INR,completed,,2026-01-02T16:48:16.146Z,2026-01-02T16:48:16.146Z
dae4557c-9f65-48f8-a948-b1df56e1ff39,dep-fd602fdf-9906-4911-ac39-218527b205e1,,2e25c793-17ff-4230-b58d-17dfcc222464,9964,INR,completed,,2026-01-02T16:48:16.146Z,2026-01-02T16:48:16.146Z
c420c7d5-ec8c-4261-8244-df1cff2502b8,dep-079d521c-deeb-47fa-b14d-a700a38a07e9,,2e25c793-17ff-4230-b58d-17dfcc222464,14711,INR,completed,,2026-01-02T16:48:16.146Z,2026-01-02T16:48:16.146Z
13daf2e9-c114-46a8-a9b1-7e09a2738217,tx-2fd3996e-4842-404a-97c0-ba0c00e14c24,2e25c793-17ff-4230-b58d-17dfcc222464,396aaa88-f522-47e1-a4dd-f2107cc69e7a,35000,INR,completed,,2026-01-02T16:48:16.146Z,2026-01-02T16:48:16.146Z
be72fb1e-3e6c-46fc-9ac9-ddb0e4c5fa06,tx-adcba4d5-8f62-4223-9e02-1b92ec285688,d53314e5-d645-464a-99cf-45ed1a35e9fd,77f216ae-66bd-4d6b-9dcf-ac7ac8c779cc,1150,INR,completed,,2026-01-02T16:48:16.146Z,2026-01-02T16:48:16.146Z
2ce2bbb3-a050-4025-b978-bfa7fe4602e8,tx-b8894c75-4255-43c6-b76e-93514be9a827,4c9659e2-39a0-491a-9392-94dfda2a7ad5,8fecc2ac-282e-4044-a1dd-0ef257c60926,1058,INR,completed,,2026-01-02T16:48:16.146Z,2026-01-02T16:48:16.146Z
92d5cbaa-de04-4f45-8fa8-f2b07185f491,tx-a780a893-b238-4803-bb61-9a68f969efbb,4f64b206-7b74-44ce-b39f-89049ebd4e3f,396aaa88-f522-47e1-a4dd-f2107cc69e7a,25000,INR,completed,,2026-01-03T16:48:16.146Z,2026-01-03T16:48:16.146Z
806106f6-18d0-4ebb-ad74-6a9bd0960681,tx-41ee3067-9d25-4238-a672-77bb523359d6,4f64b206-7b74-44ce-b39f-89049ebd4e3f,8fecc2ac-282e-4044-a1dd-0ef257c60926,3215,INR,completed,,2026-01-03T16:48:16.146Z,2026-01-03T16:48:16.146Z
6ae883ac-f226-444c-b56c-5739688d1092,tx-7b479ca7-03c2-4427-9666-2dad0b39ed9e,d53314e5-d645-464a-99cf-45ed1a35e9fd,77f216ae-66bd-4d6b-9dcf-ac7ac8c779cc,474,INR,completed,,2026-01-03T16:48:16.146Z,2026-01-03T16:48:16.146Z
ad5f3a6a-9c63-4023-8057-e41af0176c3d,tx-dc56597b-b185-4d42-a6f7-e1efcc660574,dfffab37-7984-45e6-bfd9-bcb0617b8a82,99326bcd-2ed0-4319-b6a7-a9d1ac39f1b2,395,INR,completed,,2026-01-03T16:48:16.146Z,2026-01-03T16:48:16.146Z
23329fef-8e21-4781-9639-47362f8adf3b,tx-f1dc884e-cecf-49ae-8aed-5f1b5425deab,4c9659e2-39a0-491a-9392-94dfda2a7ad5,99326bcd-2ed0-4319-b6a7-a9d1ac39f1b2,347,INR,completed,,2026-01-03T16:48:16.146Z,2026-01-03T16:48:16.146Z
df11692f-cd2d-4344-8468-dccaf3621847,dep-579c6924-5e46-4212-b2a6-b0604a0149f7,,2e25c793-17ff-4230-b58d-17dfcc222464,11200,INR,completed,,2026-01-04T16:48:16.146Z,2026-01-04T16:48:16.146Z
7dd0e0e6-f4ea-41e7-b9ef-19d5fbade0af,dep-698791e1-f35f-40a1-b3ab-a12b5270cab3,,2e25c793-17ff-4230-b58d-17dfcc222464,6255,INR,completed,,2026-01-04T16:48:16.146Z,2026-01-04T16:48:16.146Z
b6c43f20-4f7e-40a6-af24-d7dbe67f61d2,dep-c0979124-eabe-4b12-9c53-da97a8c0588e,,2e25c793-17ff-4230-b58d-17dfcc222464,9270,INR,completed,,2026-01-04T16:48:16.146Z,2026-01-04T16:48:16.146Z
56e42632-698b-4d84-8252-9e7ed3707c3f,tx-2ce27633-6703-456b-8f35-8f54ccd5ef43,2e25c793-17ff-4230-b58d-17dfcc222464,68e8cdc4-a89c-4489-9d80-d6345ef95f59,7067,INR,completed,,2026-01-04T16:48:16.146Z,2026-01-04T16:48:16.146Z
cc40a787-b90f-4602-aa9a-dc194438d655,dep-ce19e723-d7a3-4e3e-8f01-a96e8947f995,,dfffab37-7984-45e6-bfd9-bcb0617b8a82,5000,INR,completed,,2026-01-04T16:48:16.146Z,2026-01-04T16:48:16.146Z
4774fa34-46f9-4d65-9ccf-fe9b2d741d41,dep-0bf55d04-8f1a-4dc2-b05b-48e7fe454dab,,cc817b0a-5cde-4437-9047-eb0a6c1b8735,4000,INR,completed,,2026-01-04T16:48:16.146Z,2026-01-04T16:48:16.146Z
9922bce1-1e1c-4300-a99c-7c00b77130ed,tx-801dc4d8-8561-46cf-a055-68ec8dc67afd,4c9659e2-39a0-491a-9392-94dfda2a7ad5,8c25909a-227f-4d95-86a1-9033ec6e34a4,238,INR,completed,,2026-01-04T16:48:16.146Z,2026-01-04T16:48:16.146Z
514fc148-d046-467e-9769-7ea283d624ad,dep-ee3176a5-2f6b-44fc-8468-8a86c87a1ad2,,4c9659e2-39a0-491a-9392-94dfda2a7ad5,11.9,INR,completed,,2026-01-04T16:48:16.146Z,2026-01-04T16:48:16.146Z
0565ca9b-9b9e-4e6a-97c7-096b5083f2ec,tx-c1d68e82-a48f-4533-ba2a-dc880eafea22,4f64b206-7b74-44ce-b39f-89049ebd4e3f,0e5d4bb0-d613-443b-beef-163eb4214b67,3138,INR,completed,,2026-01-05T16:48:16.146Z,2026-01-05T16:48:16.146Z
f28003bb-27f9-4c3a-89b7-a93706bc2816,tx-95b11861-e24d-4b08-b164-e4246d859640,4f64b206-7b74-44ce-b39f-89049ebd4e3f,99326bcd-2ed0-4319-b6a7-a9d1ac39f1b2,718,INR,completed,,2026-01-05T16:48:16.146Z,2026-01-05T16:48:16.146Z
3380c7fd-6172-41d8-aa75-0bbdc5eaac1a,dep-a6294279-4bb9-4e1e-8ce9-b8c5fcf94198,,2e25c793-17ff-4230-b58d-17dfcc222464,16794,INR,completed,,2026-01-05T16:48:16.146Z,2026-01-05T16:48:16.146Z
c1f63aed-65be-4143-ab7d-c47c7514f727,tx-32697bad-7af8-4761-a584-f62280458e67,2e25c793-17ff-4230-b58d-17dfcc222464,78d754c3-7421-45c6-af19-62af10c7d7a7,45414,INR,completed,,2026-01-05T16:48:16.146Z,2026-01-05T16:48:16.146Z
8aa2111b-a172-4763-8de9-0b3ce55b9636,tx-f26081ed-3e1e-4a09-9971-48f9355defb7,2e25c793-17ff-4230-b58d-17dfcc222464,77f216ae-66bd-4d6b-9dcf-ac7ac8c779cc,391,INR,completed,,2026-01-05T16:48:16.146Z,2026-01-05T16:48:16.146Z
498adc56-64cf-46ac-b67a-487c2a8e8e1a,tx-0f283dcc-a581-47bb-be7d-0488e2997f94,dfffab37-7984-45e6-bfd9-bcb0617b8a82,cc817b0a-5cde-4437-9047-eb0a6c1b8735,180,INR,completed,,2026-01-05T16:48:16.146Z,2026-01-05T16:48:16.146Z
7ded1616-7060-4038-92cd-df5b601b902d,dep-28dcc480-7197-4122-aa3c-8010c95b99ee,,4c9659e2-39a0-491a-9392-94dfda2a7ad5,18061,INR,completed,,2026-01-05T16:48:16.146Z,2026-01-05T16:48:16.146Z
308b4efd-342d-4da0-b0e7-8001506adbb6,dep-71cde49c-9467-4e37-a217-8b9d24370c88,,2e25c793-17ff-4230-b58d-17dfcc222464,14356,INR,completed,,2026-01-06T16:48:16.146Z,2026-01-06T16:48:16.146Z
9664111c-ae6b-4c30-87df-fde27c4c5e89,tx-c702941e-8943-46ec-a444-b07ca57415fa,4c9659e2-39a0-491a-9392-94dfda2a7ad5,8c25909a-227f-4d95-86a1-9033ec6e34a4,341,INR,completed,,2026-01-06T16:48:16.146Z,2026-01-06T16:48:16.146Z
f9948b28-ff1b-4a9d-8f9c-dc76fdd0499e,dep-2f3426c1-f1ef-46fc-981c-b60be01da0ce,,2e25c793-17ff-4230-b58d-17dfcc222464,4571,INR,completed,,2026-01-07T16:48:16.146Z,2026-01-07T16:48:16.146Z
0a29d198-f917-4cee-9637-feeb4a4641d2,dep-553fc79a-e223-403f-aba9-89cee26a9d8f,,2e25c793-17ff-4230-b58d-17dfcc222464,5331,INR,completed,,2026-01-07T16:48:16.146Z,2026-01-07T16:48:16.146Z
28ff4ac3-d581-4827-9081-49dc437085cf,tx-4a0aa2f8-cc8a-4511-989d-d1af4ab2d584,2e25c793-17ff-4230-b58d-17dfcc222464,655846c2-aeb1-41c7-b562-4937ad6f5c8b,18000,INR,completed,,2026-01-07T16:48:16.146Z,2026-01-07T16:48:16.146Z
db63afca-553e-449d-b8a4-579dbf2b9dfc,tx-33690d1e-8724-4bce-95d8-1b4cb43d6c3f,4c9659e2-39a0-491a-9392-94dfda2a7ad5,8c25909a-227f-4d95-86a1-9033ec6e34a4,323,INR,completed,,2026-01-07T16:48:16.146Z,2026-01-07T16:48:16.146Z
2e0cabb3-1f49-4aed-9022-a807e7714884,tx-646ad675-fc2f-48fc-8514-5981e41d6625,4f64b206-7b74-44ce-b39f-89049ebd4e3f,99326bcd-2ed0-4319-b6a7-a9d1ac39f1b2,506,INR,completed,,2026-01-08T16:48:16.146Z,2026-01-08T16:48:16.146Z
2a9a42cd-a233-4e37-a1d9-9154357f19d3,tx-b9c411ba-7256-4693-b378-cb235f75dfa1,dfffab37-7984-45e6-bfd9-bcb0617b8a82,77f216ae-66bd-4d6b-9dcf-ac7ac8c779cc,161,INR,completed,,2026-01-08T16:48:16.146Z,2026-01-08T16:48:16.146Z
896eb79f-ff41-4550-925d-1c1b8a55dc10,tx-4c14a7da-c37d-47f2-8cdc-cfffe078c168,cc817b0a-5cde-4437-9047-eb0a6c1b8735,77f216ae-66bd-4d6b-9dcf-ac7ac8c779cc,147,INR,completed,,2026-01-08T16:48:16.146Z,2026-01-08T16:48:16.146Z
7b7d00cf-0952-4047-82fa-9a23ab8dddb9,dep-3b24fa41-f8bd-4791-83e5-b47bea0a60ee,,2e25c793-17ff-4230-b58d-17dfcc222464,16977,INR,completed,,2026-01-09T16:48:16.146Z,2026-01-09T16:48:16.146Z
f2818f9b-61f5-4cc6-bcc2-a7d137879296,dep-917c40f5-1e05-4ff5-a071-b3ccbaa45581,,2e25c793-17ff-4230-b58d-17dfcc222464,4528,INR,completed,,2026-01-09T16:48:16.146Z,2026-01-09T16:48:16.146Z
eae6219c-e855-4a11-9b23-5559939fb484,tx-d4501f03-db23-429f-9edb-c8f05bc746aa,2e25c793-17ff-4230-b58d-17dfcc222464,8c25909a-227f-4d95-86a1-9033ec6e34a4,603,INR,completed,,2026-01-09T16:48:16.146Z,2026-01-09T16:48:16.146Z
fe7a02be-6d19-46e5-a78c-d16a36b8e9f8,tx-00d770a8-5a91-48d5-bf29-ef068ed18b3d,d53314e5-d645-464a-99cf-45ed1a35e9fd,99326bcd-2ed0-4319-b6a7-a9d1ac39f1b2,589,INR,completed,,2026-01-09T16:48:16.146Z,2026-01-09T16:48:16.146Z
2453f8eb-6b07-4b62-8e0e-1d01c1a444c3,tx-da1bd6ca-5f23-4db0-b08d-a74d4e4d3b82,dfffab37-7984-45e6-bfd9-bcb0617b8a82,77f216ae-66bd-4d6b-9dcf-ac7ac8c779cc,274,INR,completed,,2026-01-09T16:48:16.146Z,2026-01-09T16:48:16.146Z
5061d6da-797a-413b-ac9e-d7bfd3f697e3,tx-dbac3d03-0b6f-4b21-8131-6aa145ac0e74,cc817b0a-5cde-4437-9047-eb0a6c1b8735,68e8cdc4-a89c-4489-9d80-d6345ef95f59,846,INR,completed,,2026-01-09T16:48:16.146Z,2026-01-09T16:48:16.146Z
86c5203d-3968-4cff-81bc-64172962a737,tx-f21c65e1-2b80-4a73-8688-6056b79a726a,4c9659e2-39a0-491a-9392-94dfda2a7ad5,99326bcd-2ed0-4319-b6a7-a9d1ac39f1b2,381,INR,completed,,2026-01-09T16:48:16.146Z,2026-01-09T16:48:16.146Z
b3852e90-334f-4fe2-95cb-18f87f836ebd,tx-ed4e5852-2de8-4866-b1e2-473ecaf54ade,4f64b206-7b74-44ce-b39f-89049ebd4e3f,bcf7c323-ee7b-4313-95c0-68f74cfeb2bb,199,INR,completed,,2026-01-10T16:48:16.146Z,2026-01-10T16:48:16.146Z
05b73ec7-03b6-45af-9c59-de6b346b2a78,tx-368923d8-af31-4aaf-b99d-2ba3b602e6f5,4f64b206-7b74-44ce-b39f-89049ebd4e3f,8f5bd58f-2868-4aff-b5da-41454b5bb662,699,INR,completed,,2026-01-10T16:48:16.146Z,2026-01-10T16:48:16.146Z
ccdd6139-74df-45d1-87f8-a38ed179fc01,tx-849d3097-f1f1-4b2a-a883-5f3a5bb967d6,4f64b206-7b74-44ce-b39f-89049ebd4e3f,8fecc2ac-282e-4044-a1dd-0ef257c60926,2018,INR,completed,,2026-01-10T16:48:16.146Z,2026-01-10T16:48:16.146Z
518c1014-c887-4556-b708-18ec04ca41e6,tx-a78a80f4-37ed-4fe9-a2b8-135ce856f3d1,4f64b206-7b74-44ce-b39f-89049ebd4e3f,77f216ae-66bd-4d6b-9dcf-ac7ac8c779cc,534,INR,completed,,2026-01-10T16:48:16.146Z,2026-01-10T16:48:16.146Z
197a0fd0-2ec1-4fa8-aced-a502cfe513e6,dep-b6a3f2cc-f3de-42bb-a141-c46ce0f6b889,,2e25c793-17ff-4230-b58d-17dfcc222464,5483,INR,completed,,2026-01-10T16:48:16.146Z,2026-01-10T16:48:16.146Z
a9acc2c2-7576-4314-925e-fe9f7540dbd1,dep-80cb270d-554f-4f67-9b75-46606e044c77,,2e25c793-17ff-4230-b58d-17dfcc222464,12575,INR,completed,,2026-01-10T16:48:16.146Z,2026-01-10T16:48:16.146Z
dca02563-9e37-444a-8c49-59464a4981ca,tx-fd8c71cd-fefb-4233-9984-10ec31d3ce70,d53314e5-d645-464a-99cf-45ed1a35e9fd,77f216ae-66bd-4d6b-9dcf-ac7ac8c779cc,336,INR,completed,,2026-01-10T16:48:16.146Z,2026-01-10T16:48:16.146Z
1f7f5dfa-bdfe-4611-ba82-275937d7206d,tx-06d6b696-f747-4e2d-98e9-b36c35a2a0c7,dfffab37-7984-45e6-bfd9-bcb0617b8a82,77f216ae-66bd-4d6b-9dcf-ac7ac8c779cc,209,INR,completed,,2026-01-10T16:48:16.146Z,2026-01-10T16:48:16.146Z
6cb7412f-9f1f-45a9-9ffe-c45bdadfda5f,tx-e1f2898c-9b79-4424-826d-289e0d469204,cc817b0a-5cde-4437-9047-eb0a6c1b8735,99326bcd-2ed0-4319-b6a7-a9d1ac39f1b2,172,INR,completed,,2026-01-10T16:48:16.146Z,2026-01-10T16:48:16.146Z
03712d0f-6082-4ea8-84f7-60a4d877a60f,tx-2d77f591-06fc-4983-aecb-8abd9488ba48,4c9659e2-39a0-491a-9392-94dfda2a7ad5,8c25909a-227f-4d95-86a1-9033ec6e34a4,247,INR,completed,,2026-01-10T16:48:16.146Z,2026-01-10T16:48:16.146Z
49ee6e2b-7cc9-48ab-a6b7-872586045b56,dep-d904d140-fbda-4f46-a929-647296519cb6,,2e25c793-17ff-4230-b58d-17dfcc222464,15384,INR,completed,,2026-01-11T16:48:16.146Z,2026-01-11T16:48:16.146Z
3a80436c-1026-4a5b-a407-0ce8a0d0bc9e,dep-1d4fd8cc-e227-4234-bf74-795ee89b90e8,,dfffab37-7984-45e6-bfd9-bcb0617b8a82,5000,INR,completed,,2026-01-11T16:48:16.146Z,2026-01-11T16:48:16.146Z
c656de0c-dfb1-4346-a6ff-23c3eb9d1889,dep-0463937a-34b5-4e9a-bc46-fc6219e2bf62,,cc817b0a-5cde-4437-9047-eb0a6c1b8735,4000,INR,completed,,2026-01-11T16:48:16.146Z,2026-01-11T16:48:16.146Z
286b739f-3297-4d8d-934b-3f8a8109e718,dep-d62016c8-8658-41e4-8311-80f26a561402,,2e25c793-17ff-4230-b58d-17dfcc222464,5568,INR,completed,,2026-01-12T16:48:16.146Z,2026-01-12T16:48:16.146Z
6697a33e-7c92-43fd-8312-1acd4b237506,tx-ec2a475f-ebae-4855-b148-1911ac5a71a5,4c9659e2-39a0-491a-9392-94dfda2a7ad5,a56c78df-bd12-4093-8857-edaaef0c6ac6,8000,INR,completed,,2026-01-12T16:48:16.146Z,2026-01-12T16:48:16.146Z
5f9866cb-d16a-4361-bae5-230dc6c9601c,tx-babe4411-40b3-4e8a-a08b-e83e09583499,4c9659e2-39a0-491a-9392-94dfda2a7ad5,8c25909a-227f-4d95-86a1-9033ec6e34a4,458,INR,completed,,2026-01-12T16:48:16.146Z,2026-01-12T16:48:16.146Z
fb5596cf-0b1b-4fd8-ac40-9d151b75cd80,tx-88833cd0-1484-4397-a2d9-e0efebd6fb14,4f64b206-7b74-44ce-b39f-89049ebd4e3f,68e8cdc4-a89c-4489-9d80-d6345ef95f59,4172,INR,completed,,2026-01-13T16:48:16.146Z,2026-01-13T16:48:16.146Z
cba11c24-1c5c-437d-a8ea-20702c7924bb,dep-f8534a71-230b-4b40-b9a7-53bccf0dd10a,,2e25c793-17ff-4230-b58d-17dfcc222464,4589,INR,completed,,2026-01-13T16:48:16.146Z,2026-01-13T16:48:16.146Z
8faadc8f-155a-4f00-8f4c-a322aed57fe4,dep-62dbaad9-9d61-44b4-830b-f9bcb20ec83b,,2e25c793-17ff-4230-b58d-17dfcc222464,10589,INR,completed,,2026-01-13T16:48:16.146Z,2026-01-13T16:48:16.146Z
0cd096a1-1098-425b-ba37-f9e6c617e453,dep-54c30f50-b0b0-45b2-8565-efbd141ec9ea,,2e25c793-17ff-4230-b58d-17dfcc222464,7594,INR,completed,,2026-01-14T16:48:16.146Z,2026-01-14T16:48:16.146Z
6f0296a4-9c08-4737-822b-a95355558b0e,dep-547d2b23-55d0-4266-ba91-821ff48cf973,,2e25c793-17ff-4230-b58d-17dfcc222464,7493,INR,completed,,2026-01-14T16:48:16.146Z,2026-01-14T16:48:16.146Z
f4e5d63e-ed34-4eda-a2e1-eb45d2161a7c,tx-53ac34eb-a799-4879-80f1-67312584ff05,d53314e5-d645-464a-99cf-45ed1a35e9fd,99326bcd-2ed0-4319-b6a7-a9d1ac39f1b2,477,INR,completed,,2026-01-14T16:48:16.146Z,2026-01-14T16:48:16.146Z
07e187de-e7f0-4607-9f95-1c1efb21a236,tx-30339b9e-5f63-42ab-95bf-3b35ec69a9bc,dfffab37-7984-45e6-bfd9-bcb0617b8a82,77f216ae-66bd-4d6b-9dcf-ac7ac8c779cc,196,INR,completed,,2026-01-14T16:48:16.146Z,2026-01-14T16:48:16.146Z
55dde0b7-3bd2-48bd-ab85-a0d9b459bba4,dep-28d1d66c-5504-470c-b47a-913fd575fde6,,2e25c793-17ff-4230-b58d-17dfcc222464,9130,INR,completed,,2026-01-15T16:48:16.146Z,2026-01-15T16:48:16.146Z
0b5de259-8e5e-4526-be2f-81bfdb1c6a2c,dep-f0b179a8-2652-48c1-831b-03bed81748ed,,2e25c793-17ff-4230-b58d-17dfcc222464,14264,INR,completed,,2026-01-15T16:48:16.146Z,2026-01-15T16:48:16.146Z
cfd31cf1-77d3-49cb-acad-0fe9a36192c7,tx-f8f55f91-b1d3-48a2-9b22-2c12abe6d876,2e25c793-17ff-4230-b58d-17dfcc222464,78d754c3-7421-45c6-af19-62af10c7d7a7,46693,INR,completed,,2026-01-15T16:48:16.146Z,2026-01-15T16:48:16.146Z
565a69f5-e007-4863-b8a1-3b78e0f3ced9,tx-c86b442b-dd1e-4142-b457-c7d604b7b618,4c9659e2-39a0-491a-9392-94dfda2a7ad5,68e8cdc4-a89c-4489-9d80-d6345ef95f59,2575,INR,completed,,2026-01-15T16:48:16.146Z,2026-01-15T16:48:16.146Z
a8701178-1497-47ef-9b59-fec960e6570a,tx-7a9f6796-4136-481f-8c58-e64c5717dc15,4c9659e2-39a0-491a-9392-94dfda2a7ad5,77f216ae-66bd-4d6b-9dcf-ac7ac8c779cc,286,INR,completed,,2026-01-15T16:48:16.146Z,2026-01-15T16:48:16.146Z
71b59d9b-b547-4076-8378-c3cfee597fab,tx-569af646-908b-4f5e-926d-2243daa71df0,4f64b206-7b74-44ce-b39f-89049ebd4e3f,99326bcd-2ed0-4319-b6a7-a9d1ac39f1b2,410,INR,completed,,2026-01-16T16:48:16.146Z,2026-01-16T16:48:16.146Z
9d55f015-387c-4adc-a50d-fcafd785523c,dep-edd22eee-d75a-4c6e-a625-d0395663fe9f,,2e25c793-17ff-4230-b58d-17dfcc222464,7291,INR,completed,,2026-01-16T16:48:16.146Z,2026-01-16T16:48:16.146Z
fc89d50e-b3cd-4e2d-9731-9f1b244c2dae,dep-ccc2136c-b646-4bf3-a8a2-aed0d15a7163,,2e25c793-17ff-4230-b58d-17dfcc222464,5323,INR,completed,,2026-01-16T16:48:16.146Z,2026-01-16T16:48:16.146Z
d63fc532-f966-4788-bff7-091ab8e9ce9f,tx-32ac4ccc-f0ab-4696-8640-9441c2065fe0,2e25c793-17ff-4230-b58d-17dfcc222464,68e8cdc4-a89c-4489-9d80-d6345ef95f59,6389,INR,completed,,2026-01-16T16:48:16.146Z,2026-01-16T16:48:16.146Z
ffe0af3f-e43a-405f-8e41-da2a104758f2,tx-e569d93a-a71b-42b7-b4af-9a194bef00b2,cc817b0a-5cde-4437-9047-eb0a6c1b8735,99326bcd-2ed0-4319-b6a7-a9d1ac39f1b2,153,INR,completed,,2026-01-16T16:48:16.146Z,2026-01-16T16:48:16.146Z
64516f00-bfc3-4a2f-bc7a-42da90bdc311,tx-a0b1dba5-7494-40d1-81b6-75a0b409c88b,4f64b206-7b74-44ce-b39f-89049ebd4e3f,8fecc2ac-282e-4044-a1dd-0ef257c60926,2353,INR,completed,,2026-01-17T16:48:16.146Z,2026-01-17T16:48:16.146Z
05bc4964-9842-4a42-9a54-d6e6a77e0492,tx-7285c435-cd3a-44d3-a5c2-4b0a97b411c8,4f64b206-7b74-44ce-b39f-89049ebd4e3f,68e8cdc4-a89c-4489-9d80-d6345ef95f59,3145,INR,completed,,2026-01-17T16:48:16.146Z,2026-01-17T16:48:16.146Z
ab44c036-89b0-4f77-91fe-2f740751d398,dep-747dde8e-e1b3-4ac8-9b09-57e11d3842b9,,2e25c793-17ff-4230-b58d-17dfcc222464,8323,INR,completed,,2026-01-17T16:48:16.146Z,2026-01-17T16:48:16.146Z
0447f15d-2188-4109-9d22-0e358af21064,dep-0762c247-8b6e-484e-ab77-701cc4dbf142,,2e25c793-17ff-4230-b58d-17dfcc222464,5358,INR,completed,,2026-01-17T16:48:16.146Z,2026-01-17T16:48:16.146Z
a624505c-0c60-4428-8f8c-04d79497bd76,tx-4cc42296-1773-4ca3-8bce-34028cb4ba4e,d53314e5-d645-464a-99cf-45ed1a35e9fd,68e8cdc4-a89c-4489-9d80-d6345ef95f59,1913,INR,completed,,2026-01-17T16:48:16.146Z,2026-01-17T16:48:16.146Z
6e8d4b79-9922-4915-89c3-d260409d2251,tx-10907dde-7c66-4705-8603-ab4cff25d62f,cc817b0a-5cde-4437-9047-eb0a6c1b8735,99326bcd-2ed0-4319-b6a7-a9d1ac39f1b2,176,INR,completed,,2026-01-17T16:48:16.146Z,2026-01-17T16:48:16.146Z
a3b7ae39-5cb4-49c8-b5af-59cd50681aef,tx-b680b179-9b1e-44d8-94a6-d246dde0bb1c,4c9659e2-39a0-491a-9392-94dfda2a7ad5,8fecc2ac-282e-4044-a1dd-0ef257c60926,1035,INR,completed,,2026-01-17T16:48:16.146Z,2026-01-17T16:48:16.146Z
d21e0b72-be11-4252-8cd0-1c4ec07cbad3,tx-df8bebb9-2bcf-47ac-93ea-94f688ad20dc,4f64b206-7b74-44ce-b39f-89049ebd4e3f,77f216ae-66bd-4d6b-9dcf-ac7ac8c779cc,362,INR,completed,,2026-01-18T16:48:16.146Z,2026-01-18T16:48:16.146Z
c9a106ec-b12b-4897-8631-dee6cf6774cd,dep-43d19446-8ac2-4077-ac10-5f8f49a0305e,,2e25c793-17ff-4230-b58d-17dfcc222464,8819,INR,completed,,2026-01-18T16:48:16.146Z,2026-01-18T16:48:16.146Z
97411f68-3994-4ee1-a7d5-265a1d02ad2a,tx-7e3ff5df-cc38-4182-ba85-10a343d72404,2e25c793-17ff-4230-b58d-17dfcc222464,68e8cdc4-a89c-4489-9d80-d6345ef95f59,3209,INR,completed,,2026-01-18T16:48:16.146Z,2026-01-18T16:48:16.146Z
d75a1de1-1006-4560-960d-813ba2c4b7f3,dep-9fd7b88f-2860-4757-ac29-b96cc785cb6b,,dfffab37-7984-45e6-bfd9-bcb0617b8a82,5000,INR,completed,,2026-01-18T16:48:16.146Z,2026-01-18T16:48:16.146Z
ff6f022f-de62-48bf-abae-14f4e8784416,tx-db7d95b9-0242-4801-b2bf-4e0925d8a7a0,dfffab37-7984-45e6-bfd9-bcb0617b8a82,99326bcd-2ed0-4319-b6a7-a9d1ac39f1b2,432,INR,completed,,2026-01-18T16:48:16.146Z,2026-01-18T16:48:16.146Z
06cf18f6-b00b-4d2b-911e-c258e388b001,dep-fa5d5e9e-b4e9-42b1-85c7-c59cdcd4a85c,,cc817b0a-5cde-4437-9047-eb0a6c1b8735,4000,INR,completed,,2026-01-18T16:48:16.146Z,2026-01-18T16:48:16.146Z
8fbaf1e1-3b2d-4646-af47-434514d853d9,tx-6536e527-1d23-4e73-8d73-55414f54661d,cc817b0a-5cde-4437-9047-eb0a6c1b8735,99326bcd-2ed0-4319-b6a7-a9d1ac39f1b2,171,INR,completed,,2026-01-18T16:48:16.146Z,2026-01-18T16:48:16.146Z
821d89e7-07b9-4fc0-9164-63471a9e16b2,dep-7fda65fd-6c6b-41ac-b88a-ec77d330a515,,2e25c793-17ff-4230-b58d-17dfcc222464,15939,INR,completed,,2026-01-19T16:48:16.146Z,2026-01-19T16:48:16.146Z
a21f0695-8a73-4d83-94e0-aa5520f5cbed,tx-2425fc69-9777-4c75-a686-a216fe901146,2e25c793-17ff-4230-b58d-17dfcc222464,77f216ae-66bd-4d6b-9dcf-ac7ac8c779cc,902,INR,completed,,2026-01-19T16:48:16.146Z,2026-01-19T16:48:16.146Z
77529585-b1a9-444c-ad41-3a8529b38a17,tx-22ac43f8-4fff-4cfe-b47c-97763ecf4230,cc817b0a-5cde-4437-9047-eb0a6c1b8735,99326bcd-2ed0-4319-b6a7-a9d1ac39f1b2,238,INR,completed,,2026-01-19T16:48:16.146Z,2026-01-19T16:48:16.146Z
f9fd63e9-e4e8-41b4-a99b-4a30c11b43d8,dep-7e9e51b8-8f30-4610-a11b-9f1f4195bcbf,,4c9659e2-39a0-491a-9392-94dfda2a7ad5,28923,INR,completed,,2026-01-19T16:48:16.146Z,2026-01-19T16:48:16.146Z
dcb96dac-5484-4169-ae9b-d57c7f6880fb,tx-f2939258-1f82-4412-a627-7e3c647a4a1d,4c9659e2-39a0-491a-9392-94dfda2a7ad5,99326bcd-2ed0-4319-b6a7-a9d1ac39f1b2,494,INR,completed,,2026-01-19T16:48:16.146Z,2026-01-19T16:48:16.146Z
7e5cf2ab-87e7-4d2a-9eac-87a7b0f364d1,tx-74b6e0f2-2759-434d-9c99-fc8e3bb3ae59,4f64b206-7b74-44ce-b39f-89049ebd4e3f,99326bcd-2ed0-4319-b6a7-a9d1ac39f1b2,366,INR,completed,,2026-01-20T16:48:16.146Z,2026-01-20T16:48:16.146Z
68ed921c-f964-4268-b01a-f1a1fd37b385,dep-e789f9fb-b40d-4af9-8f69-1b42a76995af,,2e25c793-17ff-4230-b58d-17dfcc222464,12419,INR,completed,,2026-01-20T16:48:16.146Z,2026-01-20T16:48:16.146Z
2ba13732-8bc4-4ddc-b50a-ba60de508a34,dep-387ac933-853c-4086-98ad-cc87902d7f12,,2e25c793-17ff-4230-b58d-17dfcc222464,9020,INR,completed,,2026-01-20T16:48:16.146Z,2026-01-20T16:48:16.146Z
5ca226e4-58c4-45f7-8f99-40a78e8587fc,tx-2e36db04-b999-45fa-af56-02b434e5d66a,4f64b206-7b74-44ce-b39f-89049ebd4e3f,99326bcd-2ed0-4319-b6a7-a9d1ac39f1b2,381,INR,completed,,2026-01-21T16:48:16.146Z,2026-01-21T16:48:16.146Z
1b50cf25-b556-4f5a-a577-2b05eb3e024c,dep-b1a6f43a-ca67-4371-b7af-bbe14cf2e7b1,,2e25c793-17ff-4230-b58d-17dfcc222464,16909,INR,completed,,2026-01-21T16:48:16.146Z,2026-01-21T16:48:16.146Z
018b03db-a163-4b7a-8bb4-0b7df36cb66d,dep-09ab827a-0c4c-4f70-a89d-8084c0908a90,,2e25c793-17ff-4230-b58d-17dfcc222464,17260,INR,completed,,2026-01-21T16:48:16.146Z,2026-01-21T16:48:16.146Z
c423c2b7-158d-46d3-88ee-f09de31803ba,tx-d0cd5884-5256-483e-be67-f158527bb32c,cc817b0a-5cde-4437-9047-eb0a6c1b8735,99326bcd-2ed0-4319-b6a7-a9d1ac39f1b2,339,INR,completed,,2026-01-21T16:48:16.146Z,2026-01-21T16:48:16.146Z
43eb837a-6b29-4310-a88d-05c0d1e25b42,dep-780aca84-9c66-43f2-8cdb-182770f0d776,,4c9659e2-39a0-491a-9392-94dfda2a7ad5,17114,INR,completed,,2026-01-21T16:48:16.146Z,2026-01-21T16:48:16.146Z
c441e77d-9569-4330-8207-4659c47e86e7,tx-93193e71-39d8-4808-b313-c3115926a548,4c9659e2-39a0-491a-9392-94dfda2a7ad5,8c25909a-227f-4d95-86a1-9033ec6e34a4,435,INR,completed,,2026-01-21T16:48:16.146Z,2026-01-21T16:48:16.146Z
d466a51f-3fd8-4e27-a634-aa0f7eb3e027,dep-cace48c9-3705-447d-9a6d-e6151983957a,,2e25c793-17ff-4230-b58d-17dfcc222464,6515,INR,completed,,2026-01-22T16:48:16.146Z,2026-01-22T16:48:16.146Z
d8473917-1199-42ae-8b67-5de289b3e6be,dep-7040fd5c-6ac3-4215-b10d-b0e7aa81b093,,2e25c793-17ff-4230-b58d-17dfcc222464,8898,INR,completed,,2026-01-22T16:48:16.146Z,2026-01-22T16:48:16.146Z
ed3bbb52-30e9-41eb-822b-f977400aa50c,tx-f75fd7f0-0b62-4db6-8ae4-303fe297f7a3,d53314e5-d645-464a-99cf-45ed1a35e9fd,99326bcd-2ed0-4319-b6a7-a9d1ac39f1b2,377,INR,completed,,2026-01-22T16:48:16.146Z,2026-01-22T16:48:16.146Z
2cf443b9-4490-465e-9be9-1c2aaf06b892,tx-fc2bd86b-36bc-471d-96aa-7459461714d2,dfffab37-7984-45e6-bfd9-bcb0617b8a82,cc817b0a-5cde-4437-9047-eb0a6c1b8735,194,INR,completed,,2026-01-22T16:48:16.146Z,2026-01-22T16:48:16.146Z
12ea9170-5c48-493e-9024-eb01decae8c1,tx-016f63e2-0fc4-45a1-bb07-f98a032c1bc6,cc817b0a-5cde-4437-9047-eb0a6c1b8735,99326bcd-2ed0-4319-b6a7-a9d1ac39f1b2,303,INR,completed,,2026-01-22T16:48:16.146Z,2026-01-22T16:48:16.146Z
66bae1c8-4822-4e2e-aaf7-94dbf09768cb,tx-156a24dc-a484-4fee-bdce-2bc01b620a65,4c9659e2-39a0-491a-9392-94dfda2a7ad5,8c25909a-227f-4d95-86a1-9033ec6e34a4,439,INR,completed,,2026-01-22T16:48:16.146Z,2026-01-22T16:48:16.146Z
e8a9a7c5-8793-455c-9020-142d68e142ae,tx-a802571d-58e8-4e02-83c2-d3b748febc75,4f64b206-7b74-44ce-b39f-89049ebd4e3f,77f216ae-66bd-4d6b-9dcf-ac7ac8c779cc,280,INR,completed,,2026-01-23T16:48:16.146Z,2026-01-23T16:48:16.146Z
fad6adfa-a05c-4080-b0b7-47595fdd26d6,dep-e9415c20-1258-4358-85b9-e5b7cb779695,,4f64b206-7b74-44ce-b39f-89049ebd4e3f,14,INR,completed,,2026-01-23T16:48:16.146Z,2026-01-23T16:48:16.146Z
a24e1cb1-1aef-4bd5-a5f6-84634f32a2a2,dep-315395a8-c07c-4167-80ec-5623ecd32c7e,,2e25c793-17ff-4230-b58d-17dfcc222464,4827,INR,completed,,2026-01-23T16:48:16.146Z,2026-01-23T16:48:16.146Z
6cf9e8ec-70f0-4d6b-b326-64f2b09dad48,tx-b100333d-ab1f-4418-bdfc-961e032607af,2e25c793-17ff-4230-b58d-17dfcc222464,8c25909a-227f-4d95-86a1-9033ec6e34a4,251,INR,completed,,2026-01-23T16:48:16.146Z,2026-01-23T16:48:16.146Z
2e524e91-eba4-447b-8457-bf63e3e6da99,tx-01191f5e-506d-4de3-a02e-41e5671504ec,dfffab37-7984-45e6-bfd9-bcb0617b8a82,68e8cdc4-a89c-4489-9d80-d6345ef95f59,270,INR,completed,,2026-01-23T16:48:16.146Z,2026-01-23T16:48:16.146Z
9c25efe0-0770-4573-b0ce-6659acdb9d2b,dep-bac98fbe-af8b-469a-9590-66731fd2956b,,dfffab37-7984-45e6-bfd9-bcb0617b8a82,13.5,INR,completed,,2026-01-23T16:48:16.146Z,2026-01-23T16:48:16.146Z
85dd1d2e-9312-42d8-a589-90cba24d4e7a,tx-75492374-044e-4f45-8c26-7d15dd2d489b,4f64b206-7b74-44ce-b39f-89049ebd4e3f,8fecc2ac-282e-4044-a1dd-0ef257c60926,2010,INR,completed,,2026-01-24T16:48:16.146Z,2026-01-24T16:48:16.146Z
5a12c0c4-bbff-4e06-84d5-f1d50e1fc93f,dep-8d54fa75-1b62-4ca0-b68f-53c726d2b3c7,,2e25c793-17ff-4230-b58d-17dfcc222464,7874,INR,completed,,2026-01-24T16:48:16.146Z,2026-01-24T16:48:16.146Z
04928a8a-e2d6-4965-adae-b2a1602f18ad,tx-cc1f0f5f-2046-4f2f-ae78-406871602a3d,2e25c793-17ff-4230-b58d-17dfcc222464,77f216ae-66bd-4d6b-9dcf-ac7ac8c779cc,889,INR,completed,,2026-01-24T16:48:16.146Z,2026-01-24T16:48:16.146Z
ed6ff5bc-ccfa-41d5-92f6-cf85ac3f2f38,tx-e38d01e7-90a2-4e02-83f8-47f33d806ad0,d53314e5-d645-464a-99cf-45ed1a35e9fd,68e8cdc4-a89c-4489-9d80-d6345ef95f59,1265,INR,completed,,2026-01-24T16:48:16.146Z,2026-01-24T16:48:16.146Z
55fb702e-5168-438b-8364-d7f324eebe3a,dep-2c3d75d7-a91c-464e-9fca-a6b22d90b295,,4c9659e2-39a0-491a-9392-94dfda2a7ad5,27639,INR,completed,,2026-01-24T16:48:16.146Z,2026-01-24T16:48:16.146Z
a2a15941-cd80-4aa6-b258-ef61b29d3200,tx-af0c6694-548e-4ae6-9c93-823dfa3e6a82,2e25c793-17ff-4230-b58d-17dfcc222464,78d754c3-7421-45c6-af19-62af10c7d7a7,26628,INR,completed,,2026-01-25T16:48:16.146Z,2026-01-25T16:48:16.146Z
1940d246-64ba-454b-bd28-07b890eb0f53,dep-2ebfeb29-732a-4da5-b55a-a5949b94d255,,dfffab37-7984-45e6-bfd9-bcb0617b8a82,5000,INR,completed,,2026-01-25T16:48:16.146Z,2026-01-25T16:48:16.146Z
8e3acaa8-a782-4a72-8555-0bc22329778c,tx-cb2fb805-aa61-4a96-8efe-4c1d36b7c48f,dfffab37-7984-45e6-bfd9-bcb0617b8a82,cc817b0a-5cde-4437-9047-eb0a6c1b8735,94,INR,completed,,2026-01-25T16:48:16.146Z,2026-01-25T16:48:16.146Z
a4e64b18-7f32-4e80-bc1c-056e6f705c8b,dep-373ef570-5b74-4414-8a04-56d80dc1af08,,cc817b0a-5cde-4437-9047-eb0a6c1b8735,4000,INR,completed,,2026-01-25T16:48:16.146Z,2026-01-25T16:48:16.146Z
ea86a820-77da-42ae-a017-4b2d97d0781b,tx-6e5788d2-6072-427d-80a2-69a8e5d89d0b,4c9659e2-39a0-491a-9392-94dfda2a7ad5,99326bcd-2ed0-4319-b6a7-a9d1ac39f1b2,523,INR,completed,,2026-01-25T16:48:16.146Z,2026-01-25T16:48:16.146Z
cd86ddd5-6d37-4318-b0f2-13bec6a88771,tx-85861c12-3d46-4f30-abcf-401fbb7089ce,4f64b206-7b74-44ce-b39f-89049ebd4e3f,77f216ae-66bd-4d6b-9dcf-ac7ac8c779cc,460,INR,completed,,2026-01-26T16:48:16.146Z,2026-01-26T16:48:16.146Z
f600dc71-4fec-4782-93d7-bdd398538f64,dep-bccfd9d4-f4a0-4607-b87c-65883cd8ac18,,2e25c793-17ff-4230-b58d-17dfcc222464,10076,INR,completed,,2026-01-26T16:48:16.146Z,2026-01-26T16:48:16.146Z
226351ba-1907-4da9-a67f-4b5030578167,tx-85545396-5880-415e-99b1-481d42635b83,d53314e5-d645-464a-99cf-45ed1a35e9fd,77f216ae-66bd-4d6b-9dcf-ac7ac8c779cc,467,INR,completed,,2026-01-26T16:48:16.146Z,2026-01-26T16:48:16.146Z
399660b4-eda0-4873-b38d-1e6abcbe042c,tx-f5a6e8ba-6da5-4eb5-94ae-c28a4d7dc0c3,cc817b0a-5cde-4437-9047-eb0a6c1b8735,68e8cdc4-a89c-4489-9d80-d6345ef95f59,735,INR,completed,,2026-01-26T16:48:16.146Z,2026-01-26T16:48:16.146Z
f8667d11-cfae-4dee-923d-27beb985c567,tx-3455bad0-ba17-4ef0-936e-fb97f817ff1d,4c9659e2-39a0-491a-9392-94dfda2a7ad5,8c25909a-227f-4d95-86a1-9033ec6e34a4,186,INR,completed,,2026-01-26T16:48:16.146Z,2026-01-26T16:48:16.146Z
132f72fa-ea6a-47f0-85f0-497ee76b3df3,tx-44cba528-ccc6-43af-9a93-5d66f8a3affa,4f64b206-7b74-44ce-b39f-89049ebd4e3f,99326bcd-2ed0-4319-b6a7-a9d1ac39f1b2,737,INR,completed,,2026-01-27T16:48:16.146Z,2026-01-27T16:48:16.146Z
278a277d-3a91-406b-91a7-0d25f14c9e64,dep-edd7b102-9509-4a9a-aaa6-0dc2986f50e8,,2e25c793-17ff-4230-b58d-17dfcc222464,15686,INR,completed,,2026-01-27T16:48:16.146Z,2026-01-27T16:48:16.146Z
243af432-644d-4322-a8dd-e908f33150e0,tx-f148aead-c61b-41c5-8c39-d4152e88f87b,2e25c793-17ff-4230-b58d-17dfcc222464,68e8cdc4-a89c-4489-9d80-d6345ef95f59,7219,INR,completed,,2026-01-27T16:48:16.146Z,2026-01-27T16:48:16.146Z
97df20b8-89f9-4987-a175-9e1f935ed5dc,tx-b2e2749d-d8ad-4a98-866b-b7c29e41f458,d53314e5-d645-464a-99cf-45ed1a35e9fd,99326bcd-2ed0-4319-b6a7-a9d1ac39f1b2,428,INR,completed,,2026-01-27T16:48:16.146Z,2026-01-27T16:48:16.146Z
6b8436d0-2133-4015-8be9-7ffb76a45c9c,tx-c86c84c6-5461-44e1-b785-423e2c57e298,dfffab37-7984-45e6-bfd9-bcb0617b8a82,cc817b0a-5cde-4437-9047-eb0a6c1b8735,200,INR,completed,,2026-01-27T16:48:16.146Z,2026-01-27T16:48:16.146Z
ee5b5e61-1658-4078-be48-f50e0c8e6364,tx-37598f92-a58a-47a0-b17c-ae2eff2620b3,cc817b0a-5cde-4437-9047-eb0a6c1b8735,68e8cdc4-a89c-4489-9d80-d6345ef95f59,847,INR,completed,,2026-01-27T16:48:16.146Z,2026-01-27T16:48:16.146Z
f4a52f62-0d10-4594-ad43-be8d70cc86ca,tx-e5854d79-035e-42fa-af4d-2a6453538fce,4c9659e2-39a0-491a-9392-94dfda2a7ad5,8c25909a-227f-4d95-86a1-9033ec6e34a4,303,INR,completed,,2026-01-27T16:48:16.146Z,2026-01-27T16:48:16.146Z
b80bee9e-42e4-45c5-a212-d70e4d75fdae,tx-cade38c6-0cd6-4252-9619-e9846bedb109,4f64b206-7b74-44ce-b39f-89049ebd4e3f,68e8cdc4-a89c-4489-9d80-d6345ef95f59,1901,INR,completed,,2026-01-28T16:48:16.146Z,2026-01-28T16:48:16.146Z
60b0e233-da5a-4387-83f1-113e26286f3c,tx-1e7e7d53-8d1f-4a16-81bd-65638bbf2a0a,dfffab37-7984-45e6-bfd9-bcb0617b8a82,cc817b0a-5cde-4437-9047-eb0a6c1b8735,73,INR,completed,,2026-01-28T16:48:16.146Z,2026-01-28T16:48:16.146Z
e2d407a1-a82d-49d4-9bd0-d9d41b78e374,tx-4b0f8301-fa61-4cfc-9058-d199c111df73,cc817b0a-5cde-4437-9047-eb0a6c1b8735,dfffab37-7984-45e6-bfd9-bcb0617b8a82,140,INR,completed,,2026-01-28T16:48:16.146Z,2026-01-28T16:48:16.146Z
c0378a45-38a9-4111-89ef-94c333454ccb,dep-7bc4ea64-0276-41c1-aa83-b6df61d4af0d,,4c9659e2-39a0-491a-9392-94dfda2a7ad5,24649,INR,completed,,2026-01-28T16:48:16.146Z,2026-01-28T16:48:16.146Z
23d7b02c-5684-4fdf-bf71-81a7f7ad714a,tx-f42578c2-d5de-41b3-a5fb-6ff39937e23e,4c9659e2-39a0-491a-9392-94dfda2a7ad5,77f216ae-66bd-4d6b-9dcf-ac7ac8c779cc,254,INR,completed,,2026-01-28T16:48:16.146Z,2026-01-28T16:48:16.146Z
726bd5c5-549a-4c63-89c5-2ebf4854bd54,dep-695438d7-148f-4726-af6a-77f34e387428,,2e25c793-17ff-4230-b58d-17dfcc222464,12049,INR,completed,,2026-01-29T16:48:16.146Z,2026-01-29T16:48:16.146Z
f25a6148-c386-46d2-8870-b42333e66930,tx-f345ab05-8023-45f8-9b34-0d5f93e8a843,2e25c793-17ff-4230-b58d-17dfcc222464,68e8cdc4-a89c-4489-9d80-d6345ef95f59,7889,INR,completed,,2026-01-29T16:48:16.146Z,2026-01-29T16:48:16.146Z
8f8167cc-ba88-4d86-aa07-b371b1f34db9,tx-20f3ce0f-1ead-4462-8efb-7db1f8fd2e6d,cc817b0a-5cde-4437-9047-eb0a6c1b8735,77f216ae-66bd-4d6b-9dcf-ac7ac8c779cc,319,INR,completed,,2026-01-29T16:48:16.146Z,2026-01-29T16:48:16.146Z
02621df8-79ed-4e59-8c49-00a802c9c3f9,dep-b5796ae9-55be-4519-a83b-3cb6780ed704,,2e25c793-17ff-4230-b58d-17dfcc222464,5607,INR,completed,,2026-01-30T16:48:16.146Z,2026-01-30T16:48:16.146Z
ca7c2f47-9664-4864-8ec3-36bf03865d8b,tx-d0392496-0d6a-45a5-84ee-cae14bf4fe3a,dfffab37-7984-45e6-bfd9-bcb0617b8a82,cc817b0a-5cde-4437-9047-eb0a6c1b8735,157,INR,completed,,2026-01-30T16:48:16.146Z,2026-01-30T16:48:16.146Z
694db5dc-7723-4874-a444-4473befb704a,tx-e6da27d3-9c34-40fa-be4a-cda19ae7c4f4,4c9659e2-39a0-491a-9392-94dfda2a7ad5,8fecc2ac-282e-4044-a1dd-0ef257c60926,1119,INR,completed,,2026-01-30T16:48:16.146Z,2026-01-30T16:48:16.146Z
d92f7f5b-127a-4039-a8ea-d153039e6dab,tx-59f90c58-0625-4dbc-9bca-3b1c86f41520,4f64b206-7b74-44ce-b39f-89049ebd4e3f,8fecc2ac-282e-4044-a1dd-0ef257c60926,2391,INR,completed,,2026-01-31T16:48:16.146Z,2026-01-31T16:48:16.146Z
72b0049e-4b9d-41f6-8c10-4053d3d981ae,tx-76560840-2d7c-4b4e-ba7f-9db95723beb9,4f64b206-7b74-44ce-b39f-89049ebd4e3f,99326bcd-2ed0-4319-b6a7-a9d1ac39f1b2,401,INR,completed,,2026-01-31T16:48:16.146Z,2026-01-31T16:48:16.146Z
42b8d343-5ed1-48ac-8e3c-2539c3549715,dep-80609130-c6f9-4953-b8a3-3fefcaeda2f3,,2e25c793-17ff-4230-b58d-17dfcc222464,8648,INR,completed,,2026-01-31T16:48:16.146Z,2026-01-31T16:48:16.146Z
f4b53cc1-6ecf-4c78-93a4-abecce6f31d7,dep-aa896ed7-a497-4b1e-9fc8-8a11bdf5686a,,2e25c793-17ff-4230-b58d-17dfcc222464,6727,INR,completed,,2026-01-31T16:48:16.146Z,2026-01-31T16:48:16.146Z
b31ee5b1-d936-4b76-86ba-c9842de57fab,dep-08bc223b-db14-4732-8120-4a6a5332e0ef,,2e25c793-17ff-4230-b58d-17dfcc222464,17997,INR,completed,,2026-01-31T16:48:16.146Z,2026-01-31T16:48:16.146Z
dfb6bf16-692a-4388-be91-c7047f72179e,tx-d5c2ede5-403b-409e-91ee-b32c367e0e60,dfffab37-7984-45e6-bfd9-bcb0617b8a82,77f216ae-66bd-4d6b-9dcf-ac7ac8c779cc,217,INR,completed,,2026-01-31T16:48:16.146Z,2026-01-31T16:48:16.146Z
42a8368b-f1ca-4ef9-b62c-8f3653267238,dep-217028e5-c63d-4147-bc5f-45932b982e66,,dfffab37-7984-45e6-bfd9-bcb0617b8a82,10.85,INR,completed,,2026-01-31T16:48:16.146Z,2026-01-31T16:48:16.146Z
ee2417c9-ff08-465f-af12-7d9c7ebf72db,tx-00fb8b35-97f9-4e35-b5cf-25173b4e3eea,cc817b0a-5cde-4437-9047-eb0a6c1b8735,99326bcd-2ed0-4319-b6a7-a9d1ac39f1b2,361,INR,completed,,2026-01-31T16:48:16.146Z,2026-01-31T16:48:16.146Z
8da2e585-0a23-40e7-bf4f-3f223d2c0015,dep-4ccbb524-0051-4684-9622-069bd78e42f9,,cc817b0a-5cde-4437-9047-eb0a6c1b8735,18.05,INR,completed,,2026-01-31T16:48:16.146Z,2026-01-31T16:48:16.146Z
a8cbf840-2331-47e3-a90d-c2744dd82fdf,dep-a8f234f6-9996-4e9f-81a6-013f8de071ab,,4f64b206-7b74-44ce-b39f-89049ebd4e3f,85000,INR,completed,,2026-02-01T16:48:16.146Z,2026-02-01T16:48:16.146Z
a6824d73-04b0-4c6f-9265-5ed6efebcfed,tx-c7ba90f9-a40e-4f14-b0e8-f0917f3c8e6c,4f64b206-7b74-44ce-b39f-89049ebd4e3f,99326bcd-2ed0-4319-b6a7-a9d1ac39f1b2,533,INR,completed,,2026-02-01T16:48:16.146Z,2026-02-01T16:48:16.146Z
5139de10-cf76-4141-aab6-3948e83d39c9,dep-c4a953c4-9592-4791-ae69-e1e08b10e31f,,2e25c793-17ff-4230-b58d-17dfcc222464,8207,INR,completed,,2026-02-01T16:48:16.146Z,2026-02-01T16:48:16.146Z
d4e855ba-8ca4-429a-b3c0-de729eab3adb,dep-c6a1c079-f14b-459e-bef0-e7245d6a9209,,2e25c793-17ff-4230-b58d-17dfcc222464,11763,INR,completed,,2026-02-01T16:48:16.146Z,2026-02-01T16:48:16.146Z
d6db2482-6ca0-495f-bd4a-a4cb35e55fc7,dep-3f7a4d60-e2c5-4039-90ec-e81f3733dfee,,d53314e5-d645-464a-99cf-45ed1a35e9fd,120000,INR,completed,,2026-02-01T16:48:16.146Z,2026-02-01T16:48:16.146Z
43f5382f-b693-492f-90ec-7152e3f5d90e,dep-28f6c473-b759-4ad0-8595-8fea620622a6,,dfffab37-7984-45e6-bfd9-bcb0617b8a82,5000,INR,completed,,2026-02-01T16:48:16.146Z,2026-02-01T16:48:16.146Z
d7671976-b5cf-46ea-b29d-9c8bd4d668da,tx-c1ee023f-19ef-40f7-8b21-48ae56469462,dfffab37-7984-45e6-bfd9-bcb0617b8a82,68e8cdc4-a89c-4489-9d80-d6345ef95f59,271,INR,completed,,2026-02-01T16:48:16.146Z,2026-02-01T16:48:16.146Z
d51e618b-1442-46fc-9ec0-6e76caba6db4,dep-0bda5917-b957-4d6b-bfa9-9d45d582e46d,,cc817b0a-5cde-4437-9047-eb0a6c1b8735,4000,INR,completed,,2026-02-01T16:48:16.146Z,2026-02-01T16:48:16.146Z
34d25bc3-a0d9-41c5-9495-6d8044bf0468,tx-00f9e893-ce02-40d0-aa1f-f4797af4c31b,4c9659e2-39a0-491a-9392-94dfda2a7ad5,99326bcd-2ed0-4319-b6a7-a9d1ac39f1b2,420,INR,completed,,2026-02-01T16:48:16.146Z,2026-02-01T16:48:16.146Z
1cd2b31b-0bee-4c0a-bf4c-81bd6de6de88,tx-263e1085-f53e-4ac9-88a2-5c31e16559b2,4f64b206-7b74-44ce-b39f-89049ebd4e3f,77f216ae-66bd-4d6b-9dcf-ac7ac8c779cc,466,INR,completed,,2026-02-02T16:48:16.146Z,2026-02-02T16:48:16.146Z
69f18f8f-490e-41bd-8a00-7a38a34b9d4c,dep-ae3ae763-6e8a-497e-8f23-ca6ef97afacb,,2e25c793-17ff-4230-b58d-17dfcc222464,13381,INR,completed,,2026-02-02T16:48:16.146Z,2026-02-02T16:48:16.146Z
dffa2594-2375-4823-bfa2-2e479f2c26c1,tx-878f8955-d6bc-4689-89a2-97e70e941936,2e25c793-17ff-4230-b58d-17dfcc222464,396aaa88-f522-47e1-a4dd-f2107cc69e7a,35000,INR,completed,,2026-02-02T16:48:16.146Z,2026-02-02T16:48:16.146Z
5908a284-332b-43cd-9a2f-3ca9cd59a115,tx-03607e09-bb40-4527-ae58-5107fa9c870d,cc817b0a-5cde-4437-9047-eb0a6c1b8735,99326bcd-2ed0-4319-b6a7-a9d1ac39f1b2,167,INR,completed,,2026-02-02T16:48:16.146Z,2026-02-02T16:48:16.146Z
e22be17f-0924-41ef-9992-0736133dfe6a,tx-87aca92f-88b1-4037-9851-5f61d2549ed0,4c9659e2-39a0-491a-9392-94dfda2a7ad5,99326bcd-2ed0-4319-b6a7-a9d1ac39f1b2,589,INR,completed,,2026-02-02T16:48:16.146Z,2026-02-02T16:48:16.146Z
b1b02f34-b728-4403-9246-cf026697506f,tx-9b20e682-04e8-480c-a171-4d0e68b45f77,4f64b206-7b74-44ce-b39f-89049ebd4e3f,396aaa88-f522-47e1-a4dd-f2107cc69e7a,25000,INR,completed,,2026-02-03T16:48:16.146Z,2026-02-03T16:48:16.146Z
2d9300b4-aef8-44ab-ab3a-caab95ef4a65,dep-7e2fd2b4-4422-4a41-95cf-fedd79b2d603,,2e25c793-17ff-4230-b58d-17dfcc222464,9339,INR,completed,,2026-02-03T16:48:16.146Z,2026-02-03T16:48:16.146Z
470ca24d-028d-4abf-87bf-9ddddffa56d7,tx-0f8e13e1-ef18-4e43-8e42-49bd97007a11,2e25c793-17ff-4230-b58d-17dfcc222464,68e8cdc4-a89c-4489-9d80-d6345ef95f59,3984,INR,completed,,2026-02-03T16:48:16.146Z,2026-02-03T16:48:16.146Z
78277bb5-cc77-46b2-bb1d-c012e6cf2886,tx-d0b81d2b-7993-4a53-b396-ab06cb357770,cc817b0a-5cde-4437-9047-eb0a6c1b8735,77f216ae-66bd-4d6b-9dcf-ac7ac8c779cc,303,INR,completed,,2026-02-03T16:48:16.146Z,2026-02-03T16:48:16.146Z
244e8866-66da-4fc4-b9b7-4cbff70ab003,dep-5d039b73-0ffa-46de-8b78-b4ae9bcb22b8,,2e25c793-17ff-4230-b58d-17dfcc222464,9801,INR,completed,,2026-02-04T16:48:16.146Z,2026-02-04T16:48:16.146Z
de70ee8a-cc2e-4be4-9813-e240615aafb7,tx-cb7321ac-553b-4bda-bf41-c47519c84e79,4f64b206-7b74-44ce-b39f-89049ebd4e3f,0e5d4bb0-d613-443b-beef-163eb4214b67,4202,INR,completed,,2026-02-05T16:48:16.146Z,2026-02-05T16:48:16.146Z
de1c6d21-34b6-4c7e-98fb-47b93777efed,dep-271b6c51-45a7-4201-8ca0-ec2b7b0b4f11,,2e25c793-17ff-4230-b58d-17dfcc222464,6963,INR,completed,,2026-02-05T16:48:16.146Z,2026-02-05T16:48:16.146Z
5d813b6e-d3d7-4570-8d5d-f8ad21793ee0,dep-4b23a62e-da79-4600-8b10-cc906865f27e,,2e25c793-17ff-4230-b58d-17dfcc222464,17994,INR,completed,,2026-02-05T16:48:16.146Z,2026-02-05T16:48:16.146Z
a61aa2d3-0d37-438b-8fbc-ebd6dec7046a,tx-1c6fa2ef-facc-4977-a572-c3121fcd09d1,2e25c793-17ff-4230-b58d-17dfcc222464,78d754c3-7421-45c6-af19-62af10c7d7a7,62428,INR,completed,,2026-02-05T16:48:16.146Z,2026-02-05T16:48:16.146Z
23b2ea06-34c3-4829-bdd9-4093212253b8,tx-082b0352-970f-42bc-bce3-9ab577ecb611,2e25c793-17ff-4230-b58d-17dfcc222464,8c25909a-227f-4d95-86a1-9033ec6e34a4,330,INR,completed,,2026-02-05T16:48:16.146Z,2026-02-05T16:48:16.146Z
eda2152e-057b-499e-a4a2-9f113ff7f8fd,tx-e9699d41-796a-4b22-8d45-fbd04d2318f6,dfffab37-7984-45e6-bfd9-bcb0617b8a82,99326bcd-2ed0-4319-b6a7-a9d1ac39f1b2,430,INR,completed,,2026-02-05T16:48:16.146Z,2026-02-05T16:48:16.146Z
5413513f-e1de-4687-a485-5cec015db359,dep-63fd8f3a-e79b-40aa-9526-9dbec0c1bc0e,,2e25c793-17ff-4230-b58d-17dfcc222464,16824,INR,completed,,2026-02-06T16:48:16.146Z,2026-02-06T16:48:16.146Z
00060b60-e360-4d69-b4af-a4c149b6d979,tx-3a5dfa7b-c5fc-4ba0-9c4f-25d7778ac54d,cc817b0a-5cde-4437-9047-eb0a6c1b8735,99326bcd-2ed0-4319-b6a7-a9d1ac39f1b2,399,INR,completed,,2026-02-06T16:48:16.146Z,2026-02-06T16:48:16.146Z
d4793cdf-bc77-4479-96e7-c747faad5361,tx-ecfbc5db-fd64-40b5-9677-168c47917193,4c9659e2-39a0-491a-9392-94dfda2a7ad5,8c25909a-227f-4d95-86a1-9033ec6e34a4,363,INR,completed,,2026-02-06T16:48:16.146Z,2026-02-06T16:48:16.146Z
729e61b0-6b0c-4b0c-93a2-e44683b56c79,tx-4917b89a-6c64-4f03-936f-e39245943d3b,4f64b206-7b74-44ce-b39f-89049ebd4e3f,8fecc2ac-282e-4044-a1dd-0ef257c60926,2118,INR,completed,,2026-02-07T16:48:16.146Z,2026-02-07T16:48:16.146Z
555b274e-6e90-417e-8e29-9209360d909c,dep-f8079a8a-d990-4a90-a048-db124b3ec796,,2e25c793-17ff-4230-b58d-17dfcc222464,8536,INR,completed,,2026-02-07T16:48:16.146Z,2026-02-07T16:48:16.146Z
84210b87-02c8-4e82-846a-f28d71b8bf25,tx-7a55c1aa-dc15-41c4-a84f-c827e93dfea4,2e25c793-17ff-4230-b58d-17dfcc222464,655846c2-aeb1-41c7-b562-4937ad6f5c8b,18000,INR,completed,,2026-02-07T16:48:16.146Z,2026-02-07T16:48:16.146Z
a97c28af-9dce-4723-bdb6-6df657708e7c,tx-142d9708-01a9-402f-b9f2-1ba0b8567d7b,d53314e5-d645-464a-99cf-45ed1a35e9fd,4778cfd7-bd59-44d1-88ad-ffa43d403800,11999,INR,completed,,2026-02-07T16:48:16.146Z,2026-02-07T16:48:16.146Z
087d8e47-bc60-4e86-84f3-0a907f1903eb,tx-66569207-1ddb-407d-bf80-d941e7692e2a,4f64b206-7b74-44ce-b39f-89049ebd4e3f,99326bcd-2ed0-4319-b6a7-a9d1ac39f1b2,410,INR,completed,,2026-02-08T16:48:16.146Z,2026-02-08T16:48:16.146Z
2df13c56-42ba-4b16-ab48-f18ecff5b221,dep-56d8cda7-af3f-4e67-a3a2-c825afdb45dc,,2e25c793-17ff-4230-b58d-17dfcc222464,13745,INR,completed,,2026-02-08T16:48:16.146Z,2026-02-08T16:48:16.146Z
95aeac85-6b57-4557-bbd4-da9371b370d6,tx-66580b2d-24cc-4057-8d5f-26a5c73121f7,d53314e5-d645-464a-99cf-45ed1a35e9fd,5a5c422f-2b4f-4e26-bd2e-db36096ce28f,8020,INR,completed,,2026-02-08T16:48:16.146Z,2026-02-08T16:48:16.146Z
6603fbf5-326b-40d1-beac-d3d878be466b,dep-996ab31d-2e05-4006-b39e-ddb53ee36486,,dfffab37-7984-45e6-bfd9-bcb0617b8a82,5000,INR,completed,,2026-02-08T16:48:16.146Z,2026-02-08T16:48:16.146Z
2572798d-d4b1-454b-a562-49c5300507ca,tx-b5cffef2-8554-4ed0-a59b-9cdb41a54b40,dfffab37-7984-45e6-bfd9-bcb0617b8a82,68e8cdc4-a89c-4489-9d80-d6345ef95f59,521,INR,completed,,2026-02-08T16:48:16.146Z,2026-02-08T16:48:16.146Z
e2bac5ee-437e-4461-bb56-883e0637d256,dep-61bd147f-c2cd-4fb7-8e3d-e12266685dcb,,cc817b0a-5cde-4437-9047-eb0a6c1b8735,4000,INR,completed,,2026-02-08T16:48:16.146Z,2026-02-08T16:48:16.146Z
3eb3451f-db8a-45d2-86bb-1562d0fa8cbe,dep-5e092580-b0ff-4acb-ac1e-adbb41c71f0d,,2e25c793-17ff-4230-b58d-17dfcc222464,15171,INR,completed,,2026-02-09T16:48:16.146Z,2026-02-09T16:48:16.146Z
1dc70da6-8821-4086-8e0a-860078af993a,dep-fc3e5523-e068-4970-836d-984cf23dda89,,2e25c793-17ff-4230-b58d-17dfcc222464,12316,INR,completed,,2026-02-09T16:48:16.146Z,2026-02-09T16:48:16.146Z
31b983a1-9797-427b-9e39-1c49820f580b,dep-a43adb66-10ad-48b8-ae03-ec7706b6ac61,,2e25c793-17ff-4230-b58d-17dfcc222464,5495,INR,completed,,2026-02-09T16:48:16.146Z,2026-02-09T16:48:16.146Z
fbd7a26e-5d18-4d39-b665-a706e858a29d,tx-b8afc7db-a01c-43cd-a7c9-2f6d9cf04b68,2e25c793-17ff-4230-b58d-17dfcc222464,77f216ae-66bd-4d6b-9dcf-ac7ac8c779cc,570,INR,completed,,2026-02-09T16:48:16.146Z,2026-02-09T16:48:16.146Z
f8adc6b8-d08d-473c-bb90-7146632a0b45,tx-b0497e7e-4b95-44b9-af8c-4b7fb898dcec,4c9659e2-39a0-491a-9392-94dfda2a7ad5,8c25909a-227f-4d95-86a1-9033ec6e34a4,234,INR,completed,,2026-02-09T16:48:16.146Z,2026-02-09T16:48:16.146Z
79c72621-5ff0-46c4-94cc-f69bc26eae38,tx-09e4e335-777d-4405-a817-b49e2819e6e1,4f64b206-7b74-44ce-b39f-89049ebd4e3f,bcf7c323-ee7b-4313-95c0-68f74cfeb2bb,199,INR,completed,,2026-02-10T16:48:16.146Z,2026-02-10T16:48:16.146Z
0ddbb94d-1e31-4d34-b5ec-a4946e3d611b,tx-640d03e2-0e35-4e0d-b7df-3d725c0d4cee,4f64b206-7b74-44ce-b39f-89049ebd4e3f,8f5bd58f-2868-4aff-b5da-41454b5bb662,699,INR,completed,,2026-02-10T16:48:16.146Z,2026-02-10T16:48:16.146Z
6f5f9096-2d05-4133-aa77-a46a4553d8fd,tx-5d83fc36-532a-4a99-a34f-fb863bc7f951,d53314e5-d645-464a-99cf-45ed1a35e9fd,8c25909a-227f-4d95-86a1-9033ec6e34a4,798,INR,completed,,2026-02-10T16:48:16.146Z,2026-02-10T16:48:16.146Z
87b25c73-ab59-483d-8641-d6b39a13ea63,dep-5c7eec8b-047b-46db-aae2-aa22da7af2e9,,d53314e5-d645-464a-99cf-45ed1a35e9fd,39.9,INR,completed,,2026-02-10T16:48:16.146Z,2026-02-10T16:48:16.146Z
0bad6dfd-0099-413f-a52b-5db938a667a3,tx-c74c22c2-08f8-4aa9-a7ba-aceb8b4e7e21,dfffab37-7984-45e6-bfd9-bcb0617b8a82,cc817b0a-5cde-4437-9047-eb0a6c1b8735,57,INR,completed,,2026-02-10T16:48:16.146Z,2026-02-10T16:48:16.146Z
6a084296-805c-4877-a6fd-86c1ba86038f,dep-0b9538b4-9dc7-4b87-a1ce-d7c19b322d71,,2e25c793-17ff-4230-b58d-17dfcc222464,17170,INR,completed,,2026-02-11T16:48:16.146Z,2026-02-11T16:48:16.146Z
94ec947f-be88-4843-8ead-a91431eb84fb,tx-4fd36a15-bc8e-4cc9-a128-881b09edcb9e,2e25c793-17ff-4230-b58d-17dfcc222464,8c25909a-227f-4d95-86a1-9033ec6e34a4,602,INR,completed,,2026-02-11T16:48:16.146Z,2026-02-11T16:48:16.146Z
4ceff3e8-c65c-4000-a625-f71c678a1a42,tx-d2660f5f-f764-43f7-9657-6859a5005a1f,d53314e5-d645-464a-99cf-45ed1a35e9fd,8c25909a-227f-4d95-86a1-9033ec6e34a4,725,INR,completed,,2026-02-11T16:48:16.146Z,2026-02-11T16:48:16.146Z
d8cf6e6d-1364-453f-a275-5b31979ab8e2,tx-108c0c80-3e9d-437a-b34a-c440cb4ee9d8,cc817b0a-5cde-4437-9047-eb0a6c1b8735,68e8cdc4-a89c-4489-9d80-d6345ef95f59,858,INR,completed,,2026-02-11T16:48:16.146Z,2026-02-11T16:48:16.146Z
e0cd2589-c816-424b-b04b-70ad57bdf102,tx-2418552d-8415-4c3c-b3e9-f22aa72479ff,4c9659e2-39a0-491a-9392-94dfda2a7ad5,77f216ae-66bd-4d6b-9dcf-ac7ac8c779cc,413,INR,completed,,2026-02-11T16:48:16.146Z,2026-02-11T16:48:16.146Z
b7e41cb2-092c-4b8d-87ef-3ae42fde856c,dep-5cb79b6e-537f-484f-8e8e-9df0632f2733,,2e25c793-17ff-4230-b58d-17dfcc222464,11429,INR,completed,,2026-02-12T16:48:16.146Z,2026-02-12T16:48:16.146Z
47093d7f-076f-4109-ae8b-34e99b4985ac,dep-48e991b5-b5a4-4651-9425-c60469db7c8a,,2e25c793-17ff-4230-b58d-17dfcc222464,10880,INR,completed,,2026-02-12T16:48:16.146Z,2026-02-12T16:48:16.146Z
1b31dd98-cb8f-4865-a2dd-ad55e949465f,tx-7acfb723-2512-4000-b374-39dda8895f24,2e25c793-17ff-4230-b58d-17dfcc222464,77f216ae-66bd-4d6b-9dcf-ac7ac8c779cc,867,INR,completed,,2026-02-12T16:48:16.146Z,2026-02-12T16:48:16.146Z
cf8c65ad-b602-4041-b17c-68dda6085d90,tx-24202832-a641-4a3f-9cbd-83962d7226eb,d53314e5-d645-464a-99cf-45ed1a35e9fd,77f216ae-66bd-4d6b-9dcf-ac7ac8c779cc,1013,INR,completed,,2026-02-12T16:48:16.146Z,2026-02-12T16:48:16.146Z
b09f4a09-db45-468e-8570-3bc34689cd67,tx-24a2d493-7c99-4462-932e-0b754d259d54,dfffab37-7984-45e6-bfd9-bcb0617b8a82,99326bcd-2ed0-4319-b6a7-a9d1ac39f1b2,398,INR,completed,,2026-02-12T16:48:16.146Z,2026-02-12T16:48:16.146Z
3eb381e6-bbe9-4971-a904-0a75d5cbb011,tx-e02fd5df-1062-4f4a-946e-f2c437a34d10,cc817b0a-5cde-4437-9047-eb0a6c1b8735,dfffab37-7984-45e6-bfd9-bcb0617b8a82,82,INR,completed,,2026-02-12T16:48:16.146Z,2026-02-12T16:48:16.146Z
8e4aacb3-9908-4e84-8b61-407b92599822,tx-a129086e-4cb4-4f51-ab6c-50ec4fe5eef6,4c9659e2-39a0-491a-9392-94dfda2a7ad5,a56c78df-bd12-4093-8857-edaaef0c6ac6,8000,INR,completed,,2026-02-12T16:48:16.146Z,2026-02-12T16:48:16.146Z
c856eee8-96ba-49d0-930c-07b0f767b6f2,tx-af944a62-e2b2-471f-99c1-726bd5dbd674,4c9659e2-39a0-491a-9392-94dfda2a7ad5,8c25909a-227f-4d95-86a1-9033ec6e34a4,341,INR,completed,,2026-02-12T16:48:16.146Z,2026-02-12T16:48:16.146Z
904d52a9-284a-48c2-ba0a-6e6b5c7bd9e7,tx-1318eeaf-e355-498a-84ac-d06041a074c0,4f64b206-7b74-44ce-b39f-89049ebd4e3f,68e8cdc4-a89c-4489-9d80-d6345ef95f59,2161,INR,completed,,2026-02-13T16:48:16.146Z,2026-02-13T16:48:16.146Z
b81fa3da-5315-4c18-991b-5098956b4d2d,dep-43ac2f0d-e96c-4053-bcea-6e6368740fca,,2e25c793-17ff-4230-b58d-17dfcc222464,12320,INR,completed,,2026-02-13T16:48:16.146Z,2026-02-13T16:48:16.146Z
e7263244-3ed3-4385-8d2b-d0f7ca85088e,dep-9b45ed81-4499-4381-bb45-0630ae987fe6,,2e25c793-17ff-4230-b58d-17dfcc222464,6569,INR,completed,,2026-02-13T16:48:16.146Z,2026-02-13T16:48:16.146Z
c6256cd1-c0a3-476c-86f9-eba0b5eba2d0,tx-e5f756aa-130f-4f76-95c5-7514249fe931,2e25c793-17ff-4230-b58d-17dfcc222464,68e8cdc4-a89c-4489-9d80-d6345ef95f59,1315,INR,completed,,2026-02-13T16:48:16.146Z,2026-02-13T16:48:16.146Z
b9d03ecd-4893-46f5-bb73-520667b29e1f,tx-e341598f-b6a6-46e8-85b7-b261c09b6624,dfffab37-7984-45e6-bfd9-bcb0617b8a82,68e8cdc4-a89c-4489-9d80-d6345ef95f59,346,INR,completed,,2026-02-13T16:48:16.146Z,2026-02-13T16:48:16.146Z
4e3cb291-360d-445e-a6be-fb04fc5496e0,tx-f1aaa6ba-27ad-4445-9822-79cf91f8c6e1,cc817b0a-5cde-4437-9047-eb0a6c1b8735,dfffab37-7984-45e6-bfd9-bcb0617b8a82,157,INR,completed,,2026-02-13T16:48:16.146Z,2026-02-13T16:48:16.146Z
a78717cd-ce3c-4918-9c8a-fa0a5dd32f54,tx-405f5e86-6a44-40eb-afa1-646dbb6948a8,4c9659e2-39a0-491a-9392-94dfda2a7ad5,77f216ae-66bd-4d6b-9dcf-ac7ac8c779cc,282,INR,completed,,2026-02-13T16:48:16.146Z,2026-02-13T16:48:16.146Z
1c0dcdde-862f-40e0-a69a-b784aa4235e9,tx-fc531751-4598-4b43-ad4b-6254d272c602,4f64b206-7b74-44ce-b39f-89049ebd4e3f,8fecc2ac-282e-4044-a1dd-0ef257c60926,2588,INR,completed,,2026-02-14T16:48:16.146Z,2026-02-14T16:48:16.146Z
87d1da1e-7b78-4dfa-94f9-1cb42127eb8c,tx-5e8d09b5-2a91-4a73-8ace-6e2575caee02,4f64b206-7b74-44ce-b39f-89049ebd4e3f,77f216ae-66bd-4d6b-9dcf-ac7ac8c779cc,307,INR,completed,,2026-02-14T16:48:16.146Z,2026-02-14T16:48:16.146Z
88309f80-df0b-4af3-8662-a11a7c828fda,dep-46e09546-911d-4b8a-9445-8bdc14997c38,,2e25c793-17ff-4230-b58d-17dfcc222464,13344,INR,completed,,2026-02-14T16:48:16.146Z,2026-02-14T16:48:16.146Z
043454f2-0875-4858-9f84-ff81de0fbec5,tx-37598b29-62aa-4699-95c4-07417dedd2da,2e25c793-17ff-4230-b58d-17dfcc222464,77f216ae-66bd-4d6b-9dcf-ac7ac8c779cc,507,INR,completed,,2026-02-14T16:48:16.146Z,2026-02-14T16:48:16.146Z
6ea9c50a-1cb3-42bd-9478-028e59f289b4,tx-a4d307d4-d426-4cd5-8003-fc2f380b1e94,d53314e5-d645-464a-99cf-45ed1a35e9fd,8c25909a-227f-4d95-86a1-9033ec6e34a4,578,INR,completed,,2026-02-14T16:48:16.146Z,2026-02-14T16:48:16.146Z
8bd4c974-b108-47eb-a2d0-e8d3fc1afbce,tx-89783fc0-0ef5-4118-9531-e7e6af512a13,dfffab37-7984-45e6-bfd9-bcb0617b8a82,77f216ae-66bd-4d6b-9dcf-ac7ac8c779cc,219,INR,completed,,2026-02-14T16:48:16.146Z,2026-02-14T16:48:16.146Z
e646db8d-795e-4103-b1b8-8d131f217a04,tx-ec458230-4992-4d5c-a580-49827e1b4686,cc817b0a-5cde-4437-9047-eb0a6c1b8735,99326bcd-2ed0-4319-b6a7-a9d1ac39f1b2,388,INR,completed,,2026-02-14T16:48:16.146Z,2026-02-14T16:48:16.146Z
2325458a-59f4-4302-ae0b-1463131ddfcd,tx-1ff62e0a-be7b-497d-b1c0-4f7f9ad89056,4c9659e2-39a0-491a-9392-94dfda2a7ad5,8c25909a-227f-4d95-86a1-9033ec6e34a4,279,INR,completed,,2026-02-14T16:48:16.146Z,2026-02-14T16:48:16.146Z
a6f906d5-fca5-49e1-9778-7fd91fc76367,tx-3463a895-4453-493a-b2ab-e574f5ee2987,4f64b206-7b74-44ce-b39f-89049ebd4e3f,77f216ae-66bd-4d6b-9dcf-ac7ac8c779cc,317,INR,completed,,2026-02-15T16:48:16.146Z,2026-02-15T16:48:16.146Z
bfdb8723-62af-4f42-81c6-92e9940247e6,dep-0ecbd5b4-8b5a-46e0-bc35-1a32d1481458,,2e25c793-17ff-4230-b58d-17dfcc222464,16910,INR,completed,,2026-02-15T16:48:16.146Z,2026-02-15T16:48:16.146Z
85a5387e-ce39-4f76-8049-a3de5ea23203,tx-d6e3a53b-eadc-4cf5-bf3e-02cb546b7eef,2e25c793-17ff-4230-b58d-17dfcc222464,78d754c3-7421-45c6-af19-62af10c7d7a7,57201,INR,completed,,2026-02-15T16:48:16.146Z,2026-02-15T16:48:16.146Z
0a0239a1-a9d6-4112-b29c-335cf97de217,dep-cc4e13c0-642f-4a59-9dd7-ac19835c7433,,dfffab37-7984-45e6-bfd9-bcb0617b8a82,5000,INR,completed,,2026-02-15T16:48:16.146Z,2026-02-15T16:48:16.146Z
938bc7cc-b0a7-443d-ac91-3daa803fdeb2,dep-1cdc2d77-e562-46da-8c4f-9192c7ed0dbc,,cc817b0a-5cde-4437-9047-eb0a6c1b8735,4000,INR,completed,,2026-02-15T16:48:16.146Z,2026-02-15T16:48:16.146Z
d7ab6702-5dd5-46b0-8a9b-f75cfeebbda0,tx-13a7fb3e-30f3-41cd-ba71-519892f638c1,4c9659e2-39a0-491a-9392-94dfda2a7ad5,68e8cdc4-a89c-4489-9d80-d6345ef95f59,3449,INR,completed,,2026-02-15T16:48:16.146Z,2026-02-15T16:48:16.146Z
f83017e5-9b40-4965-aeec-e3b07697e2fa,tx-b8d14829-1ac8-4667-8cd2-330abb0dbf76,4c9659e2-39a0-491a-9392-94dfda2a7ad5,8fecc2ac-282e-4044-a1dd-0ef257c60926,1356,INR,completed,,2026-02-15T16:48:16.146Z,2026-02-15T16:48:16.146Z
2f7d8017-26e1-4867-903d-44bd9c2252bd,dep-9afa188e-a473-4d1c-bffe-086d9cf8b9e2,,2e25c793-17ff-4230-b58d-17dfcc222464,16470,INR,completed,,2026-02-16T16:48:16.146Z,2026-02-16T16:48:16.146Z
29ee9544-5fd0-4ef3-ac07-c9a133b32c41,dep-f24c0565-b27d-48d5-827d-c0121634b7e7,,2e25c793-17ff-4230-b58d-17dfcc222464,6645,INR,completed,,2026-02-16T16:48:16.146Z,2026-02-16T16:48:16.146Z
e0ba9393-b8b2-4afd-8151-77dfc87f6f98,tx-e2523dbf-967e-4cc7-ba78-c031de4651f6,d53314e5-d645-464a-99cf-45ed1a35e9fd,5a5c422f-2b4f-4e26-bd2e-db36096ce28f,9446,INR,completed,,2026-02-16T16:48:16.146Z,2026-02-16T16:48:16.146Z
9427c0b1-8932-48eb-93cd-2b1badfe918c,tx-2dc39342-0096-442a-a4f8-cf7de5d33550,dfffab37-7984-45e6-bfd9-bcb0617b8a82,cc817b0a-5cde-4437-9047-eb0a6c1b8735,213,INR,completed,,2026-02-16T16:48:16.146Z,2026-02-16T16:48:16.146Z
477c72d7-93ca-4c05-877d-f2ffda1c4076,tx-2f81904a-1e29-460d-ad0c-562ff00d3341,4c9659e2-39a0-491a-9392-94dfda2a7ad5,8c25909a-227f-4d95-86a1-9033ec6e34a4,302,INR,completed,,2026-02-16T16:48:16.146Z,2026-02-16T16:48:16.146Z
bf48359f-fbab-4d87-bc75-aeec6e17def2,dep-622a6465-e4a8-455b-b21f-4682a08f39a1,,4c9659e2-39a0-491a-9392-94dfda2a7ad5,15.1,INR,completed,,2026-02-16T16:48:16.146Z,2026-02-16T16:48:16.146Z
84a40420-8ec8-42d2-b117-4008c627c099,tx-fa324455-3409-4d0f-aa56-7b857abe3030,4f64b206-7b74-44ce-b39f-89049ebd4e3f,68e8cdc4-a89c-4489-9d80-d6345ef95f59,1576,INR,completed,,2026-02-17T16:48:16.146Z,2026-02-17T16:48:16.146Z
25f97567-6747-402c-bd68-2bdd2e98c5d9,dep-d9733bd9-9fdc-44eb-95f6-81e9223ccf71,,2e25c793-17ff-4230-b58d-17dfcc222464,10957,INR,completed,,2026-02-17T16:48:16.146Z,2026-02-17T16:48:16.146Z
98b35993-941e-4a46-b6ca-c7dbf5272b8a,tx-6da93b57-8bd4-477e-88d8-642f165584af,d53314e5-d645-464a-99cf-45ed1a35e9fd,77f216ae-66bd-4d6b-9dcf-ac7ac8c779cc,623,INR,completed,,2026-02-17T16:48:16.146Z,2026-02-17T16:48:16.146Z
e47b084f-1c93-4aa7-ae5d-a473ee59a853,tx-22d71120-3ae8-4132-8e26-662aa67dd3ea,4c9659e2-39a0-491a-9392-94dfda2a7ad5,77f216ae-66bd-4d6b-9dcf-ac7ac8c779cc,304,INR,completed,,2026-02-17T16:48:16.146Z,2026-02-17T16:48:16.146Z
3b7ec443-9e54-4b36-97d5-149c67ab4be3,dep-7ca63e18-c661-4f50-a05e-438431534c7d,,2e25c793-17ff-4230-b58d-17dfcc222464,6735,INR,completed,,2026-02-18T16:48:16.146Z,2026-02-18T16:48:16.146Z
9c00e89a-0010-423a-a3a5-900723fe675d,tx-c276cefc-25b9-4a80-81b6-540ee729b10b,2e25c793-17ff-4230-b58d-17dfcc222464,77f216ae-66bd-4d6b-9dcf-ac7ac8c779cc,573,INR,completed,,2026-02-18T16:48:16.146Z,2026-02-18T16:48:16.146Z
995403a2-5d3e-4ce3-b795-86b96e991f4c,tx-e4baccbc-0a93-4414-897a-7262a335febc,d53314e5-d645-464a-99cf-45ed1a35e9fd,8c25909a-227f-4d95-86a1-9033ec6e34a4,490,INR,completed,,2026-02-18T16:48:16.146Z,2026-02-18T16:48:16.146Z
8d87211a-4052-4b1a-b08c-cb5fb4b19349,tx-7129b1b3-1eb3-43e6-95a7-914028166805,4c9659e2-39a0-491a-9392-94dfda2a7ad5,77f216ae-66bd-4d6b-9dcf-ac7ac8c779cc,240,INR,completed,,2026-02-18T16:48:16.146Z,2026-02-18T16:48:16.146Z
3791837f-a059-4681-b1ca-692cba5de51d,tx-c1d7d43f-9032-4709-b50e-16265a8c0110,4f64b206-7b74-44ce-b39f-89049ebd4e3f,99326bcd-2ed0-4319-b6a7-a9d1ac39f1b2,534,INR,completed,,2026-02-19T16:48:16.146Z,2026-02-19T16:48:16.146Z
bece8532-e1eb-42ce-84b2-3d286bf2bb51,dep-48d5c7ef-aeda-4c45-a777-5050cc89bd8b,,2e25c793-17ff-4230-b58d-17dfcc222464,13592,INR,completed,,2026-02-19T16:48:16.146Z,2026-02-19T16:48:16.146Z
a537c41c-5068-4e03-9f44-f6240876ce41,dep-16a18d88-43dc-4dc0-8185-e410c6face24,,2e25c793-17ff-4230-b58d-17dfcc222464,7457,INR,completed,,2026-02-19T16:48:16.146Z,2026-02-19T16:48:16.146Z
c0ab5014-46dd-4ed3-be7f-88b6ab7b833c,tx-2dc41428-e6eb-45a8-be13-b296feb7767a,d53314e5-d645-464a-99cf-45ed1a35e9fd,77f216ae-66bd-4d6b-9dcf-ac7ac8c779cc,509,INR,completed,,2026-02-19T16:48:16.146Z,2026-02-19T16:48:16.146Z
610068b8-e403-4299-8c47-ba22fdaf8aac,tx-5cca0cc0-de4b-4ff1-aefb-3943ff6db985,cc817b0a-5cde-4437-9047-eb0a6c1b8735,77f216ae-66bd-4d6b-9dcf-ac7ac8c779cc,299,INR,completed,,2026-02-19T16:48:16.146Z,2026-02-19T16:48:16.146Z
d51265c1-c26d-41fc-8285-06dffa43b3b1,tx-98349474-1ab2-40fe-b002-85efeb6299bc,4f64b206-7b74-44ce-b39f-89049ebd4e3f,99326bcd-2ed0-4319-b6a7-a9d1ac39f1b2,577,INR,completed,,2026-02-20T16:48:16.146Z,2026-02-20T16:48:16.146Z
7ae40837-c74c-4b16-9fdb-7394df997ff8,dep-431f6a1f-dc72-4634-a8a7-9558815b6069,,2e25c793-17ff-4230-b58d-17dfcc222464,12356,INR,completed,,2026-02-20T16:48:16.146Z,2026-02-20T16:48:16.146Z
e7120706-e2e8-4c7e-ae08-1ad71b3a8bce,dep-3f740b2e-f0ed-4b47-9951-1392ac3af8a2,,2e25c793-17ff-4230-b58d-17dfcc222464,17325,INR,completed,,2026-02-20T16:48:16.146Z,2026-02-20T16:48:16.146Z
3be2c347-e235-4c41-a6a2-aadd8dfb4d6b,tx-26e02835-dea8-48c6-a4a0-46c48bac40eb,dfffab37-7984-45e6-bfd9-bcb0617b8a82,99326bcd-2ed0-4319-b6a7-a9d1ac39f1b2,246,INR,completed,,2026-02-20T16:48:16.146Z,2026-02-20T16:48:16.146Z
16268903-d640-408d-a45e-6d491691669c,tx-fc66a6ae-18bb-4722-b116-874aa91e5878,4c9659e2-39a0-491a-9392-94dfda2a7ad5,77f216ae-66bd-4d6b-9dcf-ac7ac8c779cc,287,INR,completed,,2026-02-20T16:48:16.146Z,2026-02-20T16:48:16.146Z
8b2231c3-bf06-404b-833e-7befbbd561a0,tx-0ea66235-22d5-48b7-86ef-6761f23c9d45,4f64b206-7b74-44ce-b39f-89049ebd4e3f,8fecc2ac-282e-4044-a1dd-0ef257c60926,3219,INR,completed,,2026-02-21T16:48:16.146Z,2026-02-21T16:48:16.146Z
fb3af544-09e2-477a-992a-8fe21210f087,dep-1b35a6b0-139a-45c3-a02a-33fa127346d1,,2e25c793-17ff-4230-b58d-17dfcc222464,13221,INR,completed,,2026-02-21T16:48:16.146Z,2026-02-21T16:48:16.146Z
2d62fc0b-e1de-4d87-b83c-1c7130227fb5,dep-63cabfbb-d091-4897-9bb6-ca3d72a94c7c,,2e25c793-17ff-4230-b58d-17dfcc222464,15391,INR,completed,,2026-02-21T16:48:16.146Z,2026-02-21T16:48:16.146Z
f22b83cc-d508-4437-803c-2e5c02b81196,tx-eb871b77-274d-4fbf-acea-a93c1f1bf0b1,4c9659e2-39a0-491a-9392-94dfda2a7ad5,99326bcd-2ed0-4319-b6a7-a9d1ac39f1b2,525,INR,completed,,2026-02-21T16:48:16.146Z,2026-02-21T16:48:16.146Z
06cb0c00-f9c4-48e7-bd71-3b77839043c1,dep-5c95881a-27f1-44ae-92da-e675a1098fe6,,2e25c793-17ff-4230-b58d-17dfcc222464,7094,INR,completed,,2026-02-22T16:48:16.146Z,2026-02-22T16:48:16.146Z
34c88960-fce1-4369-ba24-8838600af58d,dep-6981114a-b53c-45c3-8320-93dd94258f93,,dfffab37-7984-45e6-bfd9-bcb0617b8a82,5000,INR,completed,,2026-02-22T16:48:16.146Z,2026-02-22T16:48:16.146Z
de294ab8-0a45-42e4-acba-93605db2e39b,tx-6c41f40d-e420-41cf-9c36-627ee0a520fb,dfffab37-7984-45e6-bfd9-bcb0617b8a82,68e8cdc4-a89c-4489-9d80-d6345ef95f59,494,INR,completed,,2026-02-22T16:48:16.146Z,2026-02-22T16:48:16.146Z
ea69cb24-444e-4e7b-a274-a4880496eae2,dep-b33ae945-6aee-48f2-a420-eef54f7d5aca,,cc817b0a-5cde-4437-9047-eb0a6c1b8735,4000,INR,completed,,2026-02-22T16:48:16.146Z,2026-02-22T16:48:16.146Z
914cfdf3-2f4e-41dc-b9c2-99eebe1f6e27,tx-0d2e5f49-0242-4106-a5be-d8a3c7d3c32b,cc817b0a-5cde-4437-9047-eb0a6c1b8735,dfffab37-7984-45e6-bfd9-bcb0617b8a82,86,INR,completed,,2026-02-22T16:48:16.146Z,2026-02-22T16:48:16.146Z
5275a532-26ab-4d10-a16c-74c4e54d5cff,dep-62478b9f-f484-4a72-b59d-da236f332893,,2e25c793-17ff-4230-b58d-17dfcc222464,14333,INR,completed,,2026-02-23T16:48:16.146Z,2026-02-23T16:48:16.146Z
c95681d6-e1a6-4f7c-9ff9-2ce7101197c9,tx-3c5b4381-b626-44d5-af21-ccaf0e75aad2,d53314e5-d645-464a-99cf-45ed1a35e9fd,77f216ae-66bd-4d6b-9dcf-ac7ac8c779cc,224,INR,completed,,2026-02-23T16:48:16.146Z,2026-02-23T16:48:16.146Z
c383721f-a184-47c6-9f72-64ebd26a6e82,tx-237c4d17-5a1a-4f6c-a47c-6fc6e3a7b6d6,cc817b0a-5cde-4437-9047-eb0a6c1b8735,dfffab37-7984-45e6-bfd9-bcb0617b8a82,135,INR,completed,,2026-02-23T16:48:16.146Z,2026-02-23T16:48:16.146Z
22119491-3cd9-4bf9-be75-4651565386f2,tx-748b2039-0746-4c09-81a3-ee3910f572a5,4f64b206-7b74-44ce-b39f-89049ebd4e3f,77f216ae-66bd-4d6b-9dcf-ac7ac8c779cc,331,INR,completed,,2026-02-24T16:48:16.146Z,2026-02-24T16:48:16.146Z
db66d9e2-10b6-45a1-afb0-84419eaa5b0d,dep-d6d40901-9b28-4119-9b4a-3629b4c3b57d,,2e25c793-17ff-4230-b58d-17dfcc222464,9468,INR,completed,,2026-02-24T16:48:16.146Z,2026-02-24T16:48:16.146Z
c39010d7-427d-416e-93fa-408efa3c7632,dep-885a4ff3-b2a5-48d7-a256-a1f5a1eb82a7,,2e25c793-17ff-4230-b58d-17dfcc222464,15764,INR,completed,,2026-02-24T16:48:16.146Z,2026-02-24T16:48:16.146Z
b3a3d7b6-8752-42d4-aa82-0bbce79f4e04,tx-a854b027-baa0-4b4f-a9ad-7f0928a5beea,2e25c793-17ff-4230-b58d-17dfcc222464,8c25909a-227f-4d95-86a1-9033ec6e34a4,389,INR,completed,,2026-02-24T16:48:16.146Z,2026-02-24T16:48:16.146Z
3ac5f36d-11eb-4adb-8f8b-b4f6d7831c25,tx-f3533ed7-5800-40a4-a291-d0b9ebb7710a,d53314e5-d645-464a-99cf-45ed1a35e9fd,4778cfd7-bd59-44d1-88ad-ffa43d403800,7094,INR,completed,,2026-02-24T16:48:16.146Z,2026-02-24T16:48:16.146Z
2f831332-d1ed-4df8-828a-e07a39ca9ba7,tx-d1ae12fa-7be9-4b2f-9e90-0d65c4c8dfb4,dfffab37-7984-45e6-bfd9-bcb0617b8a82,77f216ae-66bd-4d6b-9dcf-ac7ac8c779cc,204,INR,completed,,2026-02-24T16:48:16.146Z,2026-02-24T16:48:16.146Z
4d19e715-a61e-49b0-b3cb-478d60e6b8d1,dep-cea890b6-60fb-45ee-b3b3-6554b7dd3107,,2e25c793-17ff-4230-b58d-17dfcc222464,13460,INR,completed,,2026-02-25T16:48:16.146Z,2026-02-25T16:48:16.146Z
8676aea6-ae0e-4567-a44f-94c53b868599,tx-bf62887c-10d1-4586-9994-eaa94346a89f,2e25c793-17ff-4230-b58d-17dfcc222464,78d754c3-7421-45c6-af19-62af10c7d7a7,55993,INR,completed,,2026-02-25T16:48:16.146Z,2026-02-25T16:48:16.146Z
39e87e26-6b78-468d-92e5-173d84497697,tx-94b3a85f-e04a-4715-a399-55913f9a26f6,d53314e5-d645-464a-99cf-45ed1a35e9fd,8c25909a-227f-4d95-86a1-9033ec6e34a4,482,INR,completed,,2026-02-25T16:48:16.146Z,2026-02-25T16:48:16.146Z
513aa867-118e-4406-a313-ea1fdb89ced9,tx-d3979a94-24fe-438a-84f6-8f143697dea9,dfffab37-7984-45e6-bfd9-bcb0617b8a82,99326bcd-2ed0-4319-b6a7-a9d1ac39f1b2,252,INR,completed,,2026-02-25T16:48:16.146Z,2026-02-25T16:48:16.146Z
2d8b6029-331e-4c04-8932-0e36d7800955,tx-5df3ce1d-09f9-4869-9def-d44627843b84,4c9659e2-39a0-491a-9392-94dfda2a7ad5,99326bcd-2ed0-4319-b6a7-a9d1ac39f1b2,566,INR,completed,,2026-02-25T16:48:16.146Z,2026-02-25T16:48:16.146Z
0a5ab2b8-30d4-43ee-94d0-2bbda0a203cf,tx-1ae5eaf8-db97-4d63-a70c-682f20a2e763,4f64b206-7b74-44ce-b39f-89049ebd4e3f,68e8cdc4-a89c-4489-9d80-d6345ef95f59,1050,INR,completed,,2026-02-26T16:48:16.146Z,2026-02-26T16:48:16.146Z
40633767-bd53-4670-9fc6-56016fc34349,dep-99287987-3a19-498b-987d-761411c13348,,2e25c793-17ff-4230-b58d-17dfcc222464,10825,INR,completed,,2026-02-26T16:48:16.146Z,2026-02-26T16:48:16.146Z
ac5013db-a5e2-415b-b538-4da7ddc58649,dep-b6b60613-1b90-43df-87d5-3e7214d1760b,,2e25c793-17ff-4230-b58d-17dfcc222464,15133,INR,completed,,2026-02-26T16:48:16.146Z,2026-02-26T16:48:16.146Z
539ef8ce-990c-4691-803c-191e971bae5d,tx-e6e9d96c-c7c8-4eb7-a2d0-12eb9d36fa31,d53314e5-d645-464a-99cf-45ed1a35e9fd,8c25909a-227f-4d95-86a1-9033ec6e34a4,1689,INR,completed,,2026-02-26T16:48:16.146Z,2026-02-26T16:48:16.146Z
46d35888-9e60-4e3e-8ae5-de9f699b1a36,dep-db513eba-6a13-4d97-b435-afdeba69603b,,2e25c793-17ff-4230-b58d-17dfcc222464,10141,INR,completed,,2026-02-27T16:48:16.146Z,2026-02-27T16:48:16.146Z
c32c2807-c51b-4c2c-aa65-ccd60c6c22f4,dep-90d2a4f6-1460-43d0-914b-c2304bcb9ef7,,2e25c793-17ff-4230-b58d-17dfcc222464,17181,INR,completed,,2026-02-27T16:48:16.146Z,2026-02-27T16:48:16.146Z
9a50e98c-881e-4e18-acc9-d31e4a26a26c,tx-14f85956-408e-4ec1-9258-cc88fe486e9d,d53314e5-d645-464a-99cf-45ed1a35e9fd,8c25909a-227f-4d95-86a1-9033ec6e34a4,413,INR,completed,,2026-02-27T16:48:16.146Z,2026-02-27T16:48:16.146Z
55e20a67-8fe0-4674-8b9f-fb59c070ff8a,tx-fa0f579d-d290-408d-bb5f-8fb5c6cf8fd1,dfffab37-7984-45e6-bfd9-bcb0617b8a82,cc817b0a-5cde-4437-9047-eb0a6c1b8735,62,INR,completed,,2026-02-27T16:48:16.146Z,2026-02-27T16:48:16.146Z
62525926-420d-43ad-95b0-e67ed088f6f7,dep-7eb6887b-62da-4c79-8660-ae5e02684831,,4c9659e2-39a0-491a-9392-94dfda2a7ad5,24290,INR,completed,,2026-02-27T16:48:16.146Z,2026-02-27T16:48:16.146Z
96f4cb76-901f-4e0d-a678-e1112f3e1c3f,tx-c86f135c-5117-480f-98ff-3d43301d0590,4f64b206-7b74-44ce-b39f-89049ebd4e3f,8fecc2ac-282e-4044-a1dd-0ef257c60926,1865,INR,completed,,2026-02-28T16:48:16.146Z,2026-02-28T16:48:16.146Z
3b2c1bca-c015-4fcd-a117-2eb34d5bc507,dep-5bc5ac6e-a67e-42a3-877c-977bdf854f41,,2e25c793-17ff-4230-b58d-17dfcc222464,9362,INR,completed,,2026-02-28T16:48:16.146Z,2026-02-28T16:48:16.146Z
9775bcc2-604b-457d-ba17-8bb1fbbcced7,dep-aed28d95-5ab5-4e74-ab78-3a531d90d717,,2e25c793-17ff-4230-b58d-17dfcc222464,14117,INR,completed,,2026-02-28T16:48:16.146Z,2026-02-28T16:48:16.146Z
0c8034a6-aae0-4f44-b8ad-deaea4a50423,tx-8fbe7af4-9453-4e38-8916-e4f044ce5fb4,d53314e5-d645-464a-99cf-45ed1a35e9fd,8c25909a-227f-4d95-86a1-9033ec6e34a4,1289,INR,completed,,2026-02-28T16:48:16.146Z,2026-02-28T16:48:16.146Z
4083f4df-bd80-4819-b32a-3387dc65e358,dep-4e6004d8-b16b-4420-a376-952e058b2461,,d53314e5-d645-464a-99cf-45ed1a35e9fd,64.45,INR,completed,,2026-02-28T16:48:16.146Z,2026-02-28T16:48:16.146Z
67ead9f2-f4c8-4b66-860e-a4da278c33f6,tx-b83ebd1f-a378-4904-92fd-2d463ddb3549,dfffab37-7984-45e6-bfd9-bcb0617b8a82,cc817b0a-5cde-4437-9047-eb0a6c1b8735,238,INR,completed,,2026-02-28T16:48:16.146Z,2026-02-28T16:48:16.146Z
3f23ad2f-4114-4a22-b002-85e8bbd29261,tx-6143cc18-891f-4acc-9a5b-cc03f2d1e537,cc817b0a-5cde-4437-9047-eb0a6c1b8735,99326bcd-2ed0-4319-b6a7-a9d1ac39f1b2,284,INR,completed,,2026-02-28T16:48:16.146Z,2026-02-28T16:48:16.146Z
cba18178-b388-4dfa-86bc-df8641bdf34f,dep-5c4a9735-0900-404c-b809-2bc0ccf55dce,,4c9659e2-39a0-491a-9392-94dfda2a7ad5,24820,INR,completed,,2026-02-28T16:48:16.146Z,2026-02-28T16:48:16.146Z
2ba781f8-a59c-482d-b295-8e9acd9ee353,tx-abb076c6-9c3d-4f8b-b6aa-008029e1fd42,4c9659e2-39a0-491a-9392-94dfda2a7ad5,8c25909a-227f-4d95-86a1-9033ec6e34a4,431,INR,completed,,2026-02-28T16:48:16.146Z,2026-02-28T16:48:16.146Z
9098f207-c2b5-44fd-89fe-5851a9541f46,dep-a90ecade-b330-4ef9-bff9-5a4a27294631,,4f64b206-7b74-44ce-b39f-89049ebd4e3f,85000,INR,completed,,2026-03-01T16:48:16.146Z,2026-03-01T16:48:16.146Z
b172a47f-579a-45b3-bd73-5872fb4f5fbc,tx-b25f9b2e-3ace-437f-a7a3-84087e1c595c,4f64b206-7b74-44ce-b39f-89049ebd4e3f,68e8cdc4-a89c-4489-9d80-d6345ef95f59,2097,INR,completed,,2026-03-01T16:48:16.146Z,2026-03-01T16:48:16.146Z
586ba570-66a6-4749-beb5-d220e9cd644e,dep-29b0f00d-798d-43c7-902c-d9abbbc67389,,2e25c793-17ff-4230-b58d-17dfcc222464,10705,INR,completed,,2026-03-01T16:48:16.146Z,2026-03-01T16:48:16.146Z
92343bbb-6528-439b-94f5-33c4c1ea94f7,dep-fe141382-5016-4316-8a8c-0319a003ba32,,2e25c793-17ff-4230-b58d-17dfcc222464,4970,INR,completed,,2026-03-01T16:48:16.146Z,2026-03-01T16:48:16.146Z
69bd8c63-d5e1-452e-80fa-6ad9e411c163,dep-a9594f78-0d7b-4146-a513-22f1f48ef8e6,,2e25c793-17ff-4230-b58d-17dfcc222464,13996,INR,completed,,2026-03-01T16:48:16.146Z,2026-03-01T16:48:16.146Z
97935a4e-77f1-4639-8572-f72d34fa7407,tx-e7d0ca3d-7499-4257-b80e-0b256664a2c0,2e25c793-17ff-4230-b58d-17dfcc222464,77f216ae-66bd-4d6b-9dcf-ac7ac8c779cc,562,INR,completed,,2026-03-01T16:48:16.146Z,2026-03-01T16:48:16.146Z
6eeede46-2fc0-40a2-af87-e1f908ec463c,dep-16ce2ba4-7e3d-4743-9e32-f05a576da3d6,,d53314e5-d645-464a-99cf-45ed1a35e9fd,120000,INR,completed,,2026-03-01T16:48:16.146Z,2026-03-01T16:48:16.146Z
2a965e20-3047-4970-ae40-34e018d5f8b7,tx-01f572e3-9a2c-4024-be77-5c0da4142a89,d53314e5-d645-464a-99cf-45ed1a35e9fd,8c25909a-227f-4d95-86a1-9033ec6e34a4,1785,INR,completed,,2026-03-01T16:48:16.146Z,2026-03-01T16:48:16.146Z
e04db5fa-5e37-4588-8a3f-9c102b9909b0,dep-2392c731-0abf-4515-8f66-79f8c93acae0,,dfffab37-7984-45e6-bfd9-bcb0617b8a82,5000,INR,completed,,2026-03-01T16:48:16.146Z,2026-03-01T16:48:16.146Z
d9b6da5f-5c5f-4fab-86b0-a4e954ec6b94,dep-c5ececb8-726c-4c8d-b449-394a25019516,,cc817b0a-5cde-4437-9047-eb0a6c1b8735,4000,INR,completed,,2026-03-01T16:48:16.146Z,2026-03-01T16:48:16.146Z
7f8673d9-6f2b-4cf8-9fa2-63f382c9a10b,tx-5dc3d2f6-9ec3-4ffa-9a3b-384ad65b1469,4f64b206-7b74-44ce-b39f-89049ebd4e3f,99326bcd-2ed0-4319-b6a7-a9d1ac39f1b2,598,INR,completed,,2026-03-02T16:48:16.146Z,2026-03-02T16:48:16.146Z
04dff240-5aa8-4c24-8d0e-7ab1d9e8469c,dep-64e458c0-273b-4434-b4b7-a6156037eaa1,,2e25c793-17ff-4230-b58d-17dfcc222464,5401,INR,completed,,2026-03-02T16:48:16.146Z,2026-03-02T16:48:16.146Z
8bd4be1a-ee0d-4617-b662-c999aa4aa159,tx-05c827a5-1a2c-4fad-8c88-cd93fcce2128,2e25c793-17ff-4230-b58d-17dfcc222464,396aaa88-f522-47e1-a4dd-f2107cc69e7a,35000,INR,completed,,2026-03-02T16:48:16.146Z,2026-03-02T16:48:16.146Z
f5e5db46-90a3-44d6-8b5a-f122e355957b,tx-49980633-0fb4-4f2d-ba0f-68027f491e27,2e25c793-17ff-4230-b58d-17dfcc222464,68e8cdc4-a89c-4489-9d80-d6345ef95f59,3341,INR,completed,,2026-03-02T16:48:16.146Z,2026-03-02T16:48:16.146Z
07c0133f-c6bb-4e11-bb49-da5e87dcbba5,tx-83f9809a-8dc0-491a-b174-b345a9c256bf,d53314e5-d645-464a-99cf-45ed1a35e9fd,8c25909a-227f-4d95-86a1-9033ec6e34a4,449,INR,completed,,2026-03-02T16:48:16.146Z,2026-03-02T16:48:16.146Z
02694603-cd07-4b6b-8d3c-7955ce2cd64b,tx-713532dd-e70d-44bf-82ae-93b84aa79a02,4c9659e2-39a0-491a-9392-94dfda2a7ad5,99326bcd-2ed0-4319-b6a7-a9d1ac39f1b2,404,INR,completed,,2026-03-02T16:48:16.146Z,2026-03-02T16:48:16.146Z
1c658567-69da-408c-bebb-1dfb6a2225fd,tx-e1d5f0e9-385d-4740-9576-cbf856f5cabd,4f64b206-7b74-44ce-b39f-89049ebd4e3f,396aaa88-f522-47e1-a4dd-f2107cc69e7a,25000,INR,completed,,2026-03-03T16:48:16.146Z,2026-03-03T16:48:16.146Z
97368c0f-74c8-4d9b-a38f-e7f98d9d60ca,tx-34b32385-932d-4db0-bc8b-4c93d76f1a78,2e25c793-17ff-4230-b58d-17dfcc222464,8c25909a-227f-4d95-86a1-9033ec6e34a4,302,INR,completed,,2026-03-03T16:48:16.146Z,2026-03-03T16:48:16.146Z
f8e50bdf-bda9-4069-98ca-b2bd54544483,tx-46543af3-fae4-45ff-806b-db2048c560f2,d53314e5-d645-464a-99cf-45ed1a35e9fd,5a5c422f-2b4f-4e26-bd2e-db36096ce28f,8556,INR,completed,,2026-03-03T16:48:16.146Z,2026-03-03T16:48:16.146Z
3c275561-14b4-4df5-bb34-4b939f5c23a3,dep-18810af0-0d2d-45d0-8f39-4350688ec5cf,,4c9659e2-39a0-491a-9392-94dfda2a7ad5,24931,INR,completed,,2026-03-03T16:48:16.146Z,2026-03-03T16:48:16.146Z
c234a0b5-676b-4813-bbc6-f4cc7c2eb021,tx-0d90eb31-b6a8-4d0b-ab83-dadf56993aeb,4f64b206-7b74-44ce-b39f-89049ebd4e3f,99326bcd-2ed0-4319-b6a7-a9d1ac39f1b2,532,INR,completed,,2026-03-04T16:48:16.146Z,2026-03-04T16:48:16.146Z
ad5137e9-0bc1-451b-9384-44d97b392213,dep-8d8d152e-d50e-43cd-89af-38b9fbd6c3e5,,2e25c793-17ff-4230-b58d-17dfcc222464,7425,INR,completed,,2026-03-04T16:48:16.146Z,2026-03-04T16:48:16.146Z
c1c83489-160e-4ced-bc67-27fc43bd62e3,dep-6a803b94-0b66-4cf3-95bb-629b032cb66a,,2e25c793-17ff-4230-b58d-17dfcc222464,13848,INR,completed,,2026-03-04T16:48:16.146Z,2026-03-04T16:48:16.146Z
db13be57-9a2a-486f-a52b-899d6d829245,tx-7534515d-a4f6-4a8b-b032-fbb048b776e9,dfffab37-7984-45e6-bfd9-bcb0617b8a82,99326bcd-2ed0-4319-b6a7-a9d1ac39f1b2,170,INR,completed,,2026-03-04T16:48:16.146Z,2026-03-04T16:48:16.146Z
89996de0-79f3-41e7-9820-3e5a163464a7,tx-f4ada98e-28c2-4ef6-b758-3a3f02a79060,cc817b0a-5cde-4437-9047-eb0a6c1b8735,77f216ae-66bd-4d6b-9dcf-ac7ac8c779cc,216,INR,completed,,2026-03-04T16:48:16.146Z,2026-03-04T16:48:16.146Z
0460b605-c73e-4f86-8659-47d7480dfd2d,tx-23f66c91-2610-4110-b97e-c39cf8c22648,4f64b206-7b74-44ce-b39f-89049ebd4e3f,0e5d4bb0-d613-443b-beef-163eb4214b67,3131,INR,completed,,2026-03-05T16:48:16.146Z,2026-03-05T16:48:16.146Z
cf017aa4-3a6f-4b19-a933-1f1203940a7c,dep-be2b0fe8-13ff-4016-8312-ba33a8c21707,,2e25c793-17ff-4230-b58d-17dfcc222464,17077,INR,completed,,2026-03-05T16:48:16.146Z,2026-03-05T16:48:16.146Z
ba1f8244-8772-4e5c-a569-acfcb30cb662,dep-10a506b6-3e71-435d-9eee-02d27f41fd1f,,2e25c793-17ff-4230-b58d-17dfcc222464,4843,INR,completed,,2026-03-05T16:48:16.146Z,2026-03-05T16:48:16.146Z
04d6f1ce-c5e7-471b-94e2-88b670777e7f,tx-aa130cac-8dcb-4deb-9949-31567b9a14a4,2e25c793-17ff-4230-b58d-17dfcc222464,78d754c3-7421-45c6-af19-62af10c7d7a7,42265,INR,completed,,2026-03-05T16:48:16.146Z,2026-03-05T16:48:16.146Z
544c75a3-eaa7-4cd7-8742-c157710e0a7b,tx-acb88ba3-b7b4-4661-957b-173e76dac097,2e25c793-17ff-4230-b58d-17dfcc222464,77f216ae-66bd-4d6b-9dcf-ac7ac8c779cc,565,INR,completed,,2026-03-05T16:48:16.146Z,2026-03-05T16:48:16.146Z
45ddffe5-9a75-49b7-b71a-eebba291671d,tx-5951d8d5-ea09-40c2-81b4-37b625401cf2,dfffab37-7984-45e6-bfd9-bcb0617b8a82,77f216ae-66bd-4d6b-9dcf-ac7ac8c779cc,198,INR,completed,,2026-03-05T16:48:16.146Z,2026-03-05T16:48:16.146Z
ce1462bb-ce09-4054-8cd5-390e118c4233,tx-1ac4c717-6c53-4a31-bbd7-e26259d5d8e1,cc817b0a-5cde-4437-9047-eb0a6c1b8735,68e8cdc4-a89c-4489-9d80-d6345ef95f59,567,INR,completed,,2026-03-05T16:48:16.146Z,2026-03-05T16:48:16.146Z
ccff4463-9bff-48e7-bf2b-ad6fab82fa2f,dep-2f11f78d-d523-4fa1-afa6-cf6539e31737,,2e25c793-17ff-4230-b58d-17dfcc222464,9979,INR,completed,,2026-03-06T16:48:16.146Z,2026-03-06T16:48:16.146Z
5ea20635-4acb-49e6-8dc1-636fece071ce,dep-eef40283-828d-48f3-b61f-931f375926d8,,2e25c793-17ff-4230-b58d-17dfcc222464,15081,INR,completed,,2026-03-06T16:48:16.146Z,2026-03-06T16:48:16.146Z
bf29a373-abc8-4083-8804-e9230eeb1459,tx-d464bec1-4a95-4744-8974-dbf841c1f7ac,d53314e5-d645-464a-99cf-45ed1a35e9fd,8c25909a-227f-4d95-86a1-9033ec6e34a4,1745,INR,completed,,2026-03-06T16:48:16.146Z,2026-03-06T16:48:16.146Z
3e800653-c4e2-4bbc-a8f5-b4b86b71008d,tx-e4a3f815-7291-4ca9-9053-982fce4d81a8,4c9659e2-39a0-491a-9392-94dfda2a7ad5,8c25909a-227f-4d95-86a1-9033ec6e34a4,257,INR,completed,,2026-03-06T16:48:16.146Z,2026-03-06T16:48:16.146Z
7d26d13a-ac2c-45bc-a148-0573ffed38e7,tx-9681868a-47c9-4df0-8ed6-0348955ed310,4f64b206-7b74-44ce-b39f-89049ebd4e3f,8fecc2ac-282e-4044-a1dd-0ef257c60926,2822,INR,completed,,2026-03-07T16:48:16.146Z,2026-03-07T16:48:16.146Z
f4b60a6a-f53f-4e37-93ad-2c819ddb5db3,dep-194c55d7-bb0a-4597-9da1-5065cfcee544,,2e25c793-17ff-4230-b58d-17dfcc222464,15209,INR,completed,,2026-03-07T16:48:16.146Z,2026-03-07T16:48:16.146Z
7fbaccc0-8d90-425d-b44f-aa594ce7675b,tx-ee6d077f-b2d9-414b-bc4b-eb751eabab8b,2e25c793-17ff-4230-b58d-17dfcc222464,655846c2-aeb1-41c7-b562-4937ad6f5c8b,18000,INR,completed,,2026-03-07T16:48:16.146Z,2026-03-07T16:48:16.146Z
1b0fb7ab-c037-41ca-ae4c-f3ee0409147b,tx-dff1315d-a32e-4f11-99a1-e366d2f1848c,4c9659e2-39a0-491a-9392-94dfda2a7ad5,77f216ae-66bd-4d6b-9dcf-ac7ac8c779cc,302,INR,completed,,2026-03-07T16:48:16.146Z,2026-03-07T16:48:16.146Z
840f2cbc-384b-4e3f-87bf-bdb764ff3bce,dep-e4bb090d-27b6-44b5-98e3-3fff3815b451,,2e25c793-17ff-4230-b58d-17dfcc222464,15839,INR,completed,,2026-03-08T16:48:16.146Z,2026-03-08T16:48:16.146Z
34a8edc2-83ec-4c46-ae59-408a8d67a4f7,dep-30144b66-d733-4275-bf63-62439f4d3cd8,,2e25c793-17ff-4230-b58d-17dfcc222464,6173,INR,completed,,2026-03-08T16:48:16.146Z,2026-03-08T16:48:16.146Z
b47d4eaa-4bb1-48c5-9c46-c29f5a000298,dep-ab452eac-75b7-4a93-8fb5-3e5df18b37b6,,2e25c793-17ff-4230-b58d-17dfcc222464,11338,INR,completed,,2026-03-08T16:48:16.146Z,2026-03-08T16:48:16.146Z
bb794625-c941-4cb4-9e48-6288e00d0359,tx-b9e0dd29-79c7-476e-997b-6951e71222da,2e25c793-17ff-4230-b58d-17dfcc222464,77f216ae-66bd-4d6b-9dcf-ac7ac8c779cc,479,INR,completed,,2026-03-08T16:48:16.146Z,2026-03-08T16:48:16.146Z
581ab39a-6dbd-4183-b7e6-9f79212f4413,dep-7a4fb4d6-83c1-47ba-b640-dccc9a9fcf8c,,dfffab37-7984-45e6-bfd9-bcb0617b8a82,5000,INR,completed,,2026-03-08T16:48:16.146Z,2026-03-08T16:48:16.146Z
2a44064c-da51-40a5-8939-997777d4d1ce,dep-efd9b10c-c80b-429e-9cbc-6a1aed540604,,cc817b0a-5cde-4437-9047-eb0a6c1b8735,4000,INR,completed,,2026-03-08T16:48:16.146Z,2026-03-08T16:48:16.146Z
413cf622-ace0-4faf-8a82-bb1cbb2113d8,tx-300a1a9b-b55f-4093-891c-2c657cb43941,cc817b0a-5cde-4437-9047-eb0a6c1b8735,68e8cdc4-a89c-4489-9d80-d6345ef95f59,1089,INR,completed,,2026-03-08T16:48:16.146Z,2026-03-08T16:48:16.146Z
defe729c-83ab-45a9-a3e5-4f4c707299bf,tx-edace4b6-dd72-4623-a291-bc04afa5509f,4c9659e2-39a0-491a-9392-94dfda2a7ad5,8c25909a-227f-4d95-86a1-9033ec6e34a4,229,INR,completed,,2026-03-08T16:48:16.146Z,2026-03-08T16:48:16.146Z
22af9f8c-ce60-48da-85bd-946e71be7d42,dep-dec2a22f-ad12-4abc-9f82-d3fff5b561f0,,2e25c793-17ff-4230-b58d-17dfcc222464,6433,INR,completed,,2026-03-09T16:48:16.146Z,2026-03-09T16:48:16.146Z
8e960b3f-c343-47da-a281-16537cdec83f,dep-fcfd4fb8-6a22-4ba9-a72a-bea6521dcdf7,,2e25c793-17ff-4230-b58d-17dfcc222464,10045,INR,completed,,2026-03-09T16:48:16.146Z,2026-03-09T16:48:16.146Z
0c1bbae5-86a7-43d9-8dc4-c5797e61db04,tx-ad33ba27-7a3b-4cbf-952a-72641e4e0089,d53314e5-d645-464a-99cf-45ed1a35e9fd,99326bcd-2ed0-4319-b6a7-a9d1ac39f1b2,537,INR,completed,,2026-03-09T16:48:16.146Z,2026-03-09T16:48:16.146Z
2e8ddf2a-3e00-42d4-ab5c-7c75c23d0f45,tx-16ef4eee-d7dd-48ab-9aa3-332f1a704c3f,4c9659e2-39a0-491a-9392-94dfda2a7ad5,77f216ae-66bd-4d6b-9dcf-ac7ac8c779cc,355,INR,completed,,2026-03-09T16:48:16.146Z,2026-03-09T16:48:16.146Z
16dfb187-e310-4d89-8d5f-64a76d7e033c,tx-2ad809a2-f7fc-4e20-8ead-b755cd4823bf,4f64b206-7b74-44ce-b39f-89049ebd4e3f,bcf7c323-ee7b-4313-95c0-68f74cfeb2bb,199,INR,completed,,2026-03-10T16:48:16.146Z,2026-03-10T16:48:16.146Z
32287bdb-768d-49eb-a3a4-21463541f0d0,tx-9018734a-6718-4815-b642-e0ec509e1e3a,4f64b206-7b74-44ce-b39f-89049ebd4e3f,8f5bd58f-2868-4aff-b5da-41454b5bb662,699,INR,completed,,2026-03-10T16:48:16.146Z,2026-03-10T16:48:16.146Z
da6887b1-2421-49d8-ad62-ece7eca26343,tx-6d6304b3-72e1-4d01-9640-043c93f528ef,4f64b206-7b74-44ce-b39f-89049ebd4e3f,68e8cdc4-a89c-4489-9d80-d6345ef95f59,3191,INR,completed,,2026-03-10T16:48:16.146Z,2026-03-10T16:48:16.146Z
7f653acb-4649-4d90-aa04-5bc9dc0d8efa,dep-5ed2b73d-5f42-4dd1-a9b0-5faf487db93b,,2e25c793-17ff-4230-b58d-17dfcc222464,15616,INR,completed,,2026-03-10T16:48:16.146Z,2026-03-10T16:48:16.146Z
98121f62-acce-4f4e-8d46-6032f67272ad,tx-ed6c6f1f-5561-4fb8-9ce2-1f14f043c2d9,2e25c793-17ff-4230-b58d-17dfcc222464,8c25909a-227f-4d95-86a1-9033ec6e34a4,201,INR,completed,,2026-03-10T16:48:16.146Z,2026-03-10T16:48:16.146Z
6cdba38d-69f8-466c-adb2-9327644111a2,tx-316c9348-94d0-499b-87ae-f5115f1e46ef,dfffab37-7984-45e6-bfd9-bcb0617b8a82,77f216ae-66bd-4d6b-9dcf-ac7ac8c779cc,291,INR,completed,,2026-03-10T16:48:16.146Z,2026-03-10T16:48:16.146Z
759b4c01-6b46-4e2f-8f0f-e95ee6c1e196,tx-23dabf05-84c6-4397-bbd0-aa74d95eacb9,4c9659e2-39a0-491a-9392-94dfda2a7ad5,77f216ae-66bd-4d6b-9dcf-ac7ac8c779cc,324,INR,completed,,2026-03-10T16:48:16.146Z,2026-03-10T16:48:16.146Z
87b94b68-d478-4830-9271-a2f9f83d072d,dep-0ce213de-2eda-497e-bff1-05befe2324f1,,2e25c793-17ff-4230-b58d-17dfcc222464,5224,INR,completed,,2026-03-11T16:48:16.146Z,2026-03-11T16:48:16.146Z
be133901-00c8-419c-a211-8294aa0553a9,tx-9379d571-9f29-46d7-adf2-255d8bf8f6b0,2e25c793-17ff-4230-b58d-17dfcc222464,77f216ae-66bd-4d6b-9dcf-ac7ac8c779cc,718,INR,completed,,2026-03-11T16:48:16.146Z,2026-03-11T16:48:16.146Z
706b58ec-f88c-42ce-a3d7-d93100354554,tx-0456c9da-9304-492b-8907-80156f9f4949,4c9659e2-39a0-491a-9392-94dfda2a7ad5,77f216ae-66bd-4d6b-9dcf-ac7ac8c779cc,388,INR,completed,,2026-03-11T16:48:16.146Z,2026-03-11T16:48:16.146Z
2d598b0a-636c-499f-8a52-7b095153fb3e,dep-58805aed-22fe-42c9-9dfd-3434fa7bfaec,,2e25c793-17ff-4230-b58d-17dfcc222464,5979,INR,completed,,2026-03-12T16:48:16.146Z,2026-03-12T16:48:16.146Z
9c8486e0-23cd-4f12-95f8-7e479242e816,tx-63c89438-2a70-4408-87a0-98461964821f,2e25c793-17ff-4230-b58d-17dfcc222464,77f216ae-66bd-4d6b-9dcf-ac7ac8c779cc,676,INR,completed,,2026-03-12T16:48:16.146Z,2026-03-12T16:48:16.146Z
1e748af1-24e4-4b98-9414-f3c5688138c7,tx-38c4d03b-f6bd-4786-b31b-fa70ebcfc67e,d53314e5-d645-464a-99cf-45ed1a35e9fd,99326bcd-2ed0-4319-b6a7-a9d1ac39f1b2,696,INR,completed,,2026-03-12T16:48:16.146Z,2026-03-12T16:48:16.146Z
36bd15c4-9e85-4fad-aa64-d75d4cf344ea,tx-1cf36e56-2a58-45c8-8aee-6b26f6eecf61,4c9659e2-39a0-491a-9392-94dfda2a7ad5,a56c78df-bd12-4093-8857-edaaef0c6ac6,8000,INR,completed,,2026-03-12T16:48:16.146Z,2026-03-12T16:48:16.146Z
f8fed59a-5d2b-436a-bf19-f298a96eb478,dep-6955dc93-4b07-4028-857e-f8bb3dd08e49,,2e25c793-17ff-4230-b58d-17dfcc222464,9433,INR,completed,,2026-03-13T16:48:16.146Z,2026-03-13T16:48:16.146Z
7386ca64-4abe-4271-98b6-9abc780861a3,tx-5232e683-38d1-418b-a602-5200954b95f2,2e25c793-17ff-4230-b58d-17dfcc222464,68e8cdc4-a89c-4489-9d80-d6345ef95f59,5231,INR,completed,,2026-03-13T16:48:16.146Z,2026-03-13T16:48:16.146Z
4a6b3e9a-892c-44d1-8e64-45dbb6346522,tx-69ccb394-11e1-4204-8b76-4484b84385a1,d53314e5-d645-464a-99cf-45ed1a35e9fd,99326bcd-2ed0-4319-b6a7-a9d1ac39f1b2,398,INR,completed,,2026-03-13T16:48:16.146Z,2026-03-13T16:48:16.146Z
6e3c2772-80f8-4108-9b60-0982dd20a5cf,tx-6f9e0a1c-6793-40c0-9214-b71fd0ca09a9,dfffab37-7984-45e6-bfd9-bcb0617b8a82,68e8cdc4-a89c-4489-9d80-d6345ef95f59,550,INR,completed,,2026-03-13T16:48:16.146Z,2026-03-13T16:48:16.146Z
10e17989-0cd3-42bf-9b68-3edf406e5c4e,tx-9a20e095-11f5-4a54-88a2-a76c0caac1a3,cc817b0a-5cde-4437-9047-eb0a6c1b8735,99326bcd-2ed0-4319-b6a7-a9d1ac39f1b2,226,INR,completed,,2026-03-13T16:48:16.146Z,2026-03-13T16:48:16.146Z
58dfe584-48bf-48b2-bd9c-9dec98d4ea0e,tx-503d3099-3e8e-4bd9-8322-d8cb689fdca3,4f64b206-7b74-44ce-b39f-89049ebd4e3f,8fecc2ac-282e-4044-a1dd-0ef257c60926,2382,INR,completed,,2026-03-14T16:48:16.146Z,2026-03-14T16:48:16.146Z
6e5869d3-43fe-4a53-a645-08da08b4919e,tx-73ca481e-8688-4bd3-8cb6-2f15e429a170,4f64b206-7b74-44ce-b39f-89049ebd4e3f,99326bcd-2ed0-4319-b6a7-a9d1ac39f1b2,404,INR,completed,,2026-03-14T16:48:16.146Z,2026-03-14T16:48:16.146Z
c8d43927-7579-427b-a63a-d196d3aa9fc6,tx-c9f1cafc-180c-42e0-a0d6-2ba4f7bc548f,d53314e5-d645-464a-99cf-45ed1a35e9fd,77f216ae-66bd-4d6b-9dcf-ac7ac8c779cc,263,INR,completed,,2026-03-14T16:48:16.146Z,2026-03-14T16:48:16.146Z
d15a71a0-b72e-4440-98c7-3762a4830e24,tx-5e274b86-5d14-4f46-8d6d-5a35df1178f6,4c9659e2-39a0-491a-9392-94dfda2a7ad5,8c25909a-227f-4d95-86a1-9033ec6e34a4,389,INR,completed,,2026-03-14T16:48:16.146Z,2026-03-14T16:48:16.146Z
61244cb5-6914-4c40-aea2-8177725a58a7,dep-917896a0-f48f-43aa-a826-0d99c08f6920,,2e25c793-17ff-4230-b58d-17dfcc222464,12692,INR,completed,,2026-03-15T16:48:16.146Z,2026-03-15T16:48:16.146Z
0f4d4b5c-5a41-45dc-a019-d637c1dc6717,dep-a49f06d0-5e5b-4cf8-bef8-0a69969e4e3e,,2e25c793-17ff-4230-b58d-17dfcc222464,13510,INR,completed,,2026-03-15T16:48:16.146Z,2026-03-15T16:48:16.146Z
63c91c32-2493-4e56-b4ee-3baf7796c255,dep-06e6796b-4a9a-4f27-8553-ccbfb78e9b6a,,2e25c793-17ff-4230-b58d-17dfcc222464,16920,INR,completed,,2026-03-15T16:48:16.146Z,2026-03-15T16:48:16.146Z
793aa2c5-b128-495c-ad7d-58d1a4b5d115,tx-a21b9292-b806-434c-88b8-c93aeac0f570,2e25c793-17ff-4230-b58d-17dfcc222464,78d754c3-7421-45c6-af19-62af10c7d7a7,62140,INR,completed,,2026-03-15T16:48:16.146Z,2026-03-15T16:48:16.146Z
7c0cc252-74c8-4e34-8119-d3c9335f27b4,dep-a203ba43-5532-4eb5-9165-63868bc05b9a,,dfffab37-7984-45e6-bfd9-bcb0617b8a82,5000,INR,completed,,2026-03-15T16:48:16.146Z,2026-03-15T16:48:16.146Z
5b864feb-9456-4c19-be95-599f80788ed8,dep-f67cd357-c8fa-4b24-8826-bd2024f03d36,,cc817b0a-5cde-4437-9047-eb0a6c1b8735,4000,INR,completed,,2026-03-15T16:48:16.146Z,2026-03-15T16:48:16.146Z
860783c1-c0a5-4a11-b82a-c77e399de978,tx-33cb630f-a0b9-42c6-a0e5-eaccb7867a0e,cc817b0a-5cde-4437-9047-eb0a6c1b8735,dfffab37-7984-45e6-bfd9-bcb0617b8a82,243,INR,completed,,2026-03-15T16:48:16.146Z,2026-03-15T16:48:16.146Z
7e5d0fe1-3bb2-43f2-b067-e29d58f00914,tx-93eaf193-fce6-470c-b4e0-dea636d0e50d,4c9659e2-39a0-491a-9392-94dfda2a7ad5,68e8cdc4-a89c-4489-9d80-d6345ef95f59,1919,INR,completed,,2026-03-15T16:48:16.146Z,2026-03-15T16:48:16.146Z
df46ed42-498f-40fb-ac35-c2bd0bb89a3a,tx-b977e148-facd-4565-bba0-76d70c162ecb,4c9659e2-39a0-491a-9392-94dfda2a7ad5,8c25909a-227f-4d95-86a1-9033ec6e34a4,290,INR,completed,,2026-03-15T16:48:16.146Z,2026-03-15T16:48:16.146Z
7552ea88-4ee0-4553-bada-3c3c048d4ab6,tx-0abbb2d8-eb79-41dd-a534-374748dee6ed,4f64b206-7b74-44ce-b39f-89049ebd4e3f,77f216ae-66bd-4d6b-9dcf-ac7ac8c779cc,295,INR,completed,,2026-03-16T16:48:16.146Z,2026-03-16T16:48:16.146Z
f6ba06e5-c731-455c-a3d6-38dcfd5de725,dep-b6016c0f-caa0-41fe-ac5a-2a9ecc038eab,,2e25c793-17ff-4230-b58d-17dfcc222464,12015,INR,completed,,2026-03-16T16:48:16.146Z,2026-03-16T16:48:16.146Z
d12e12fb-580f-4f4f-9f37-13daf6759fe7,dep-afe92ee7-5c5e-4f50-9f79-72ba999a805e,,2e25c793-17ff-4230-b58d-17dfcc222464,13790,INR,completed,,2026-03-16T16:48:16.146Z,2026-03-16T16:48:16.146Z
155b795a-eab5-43c8-ab95-fca8b8884a2d,tx-152b7abf-61ed-4a38-a6e9-a3848c5555ee,d53314e5-d645-464a-99cf-45ed1a35e9fd,99326bcd-2ed0-4319-b6a7-a9d1ac39f1b2,469,INR,completed,,2026-03-16T16:48:16.146Z,2026-03-16T16:48:16.146Z
a55e8f9b-e871-458b-9a27-2538939dd577,tx-8511da24-4de7-4707-bdc8-cdfad535c1c8,dfffab37-7984-45e6-bfd9-bcb0617b8a82,99326bcd-2ed0-4319-b6a7-a9d1ac39f1b2,302,INR,completed,,2026-03-16T16:48:16.146Z,2026-03-16T16:48:16.146Z
3faec9f7-4acc-4d64-8d66-b2952df845a0,tx-f64505bd-ac39-4ab5-860e-76c7342926db,4c9659e2-39a0-491a-9392-94dfda2a7ad5,8c25909a-227f-4d95-86a1-9033ec6e34a4,323,INR,completed,,2026-03-16T16:48:16.146Z,2026-03-16T16:48:16.146Z
d95fdf45-b782-43ba-938f-301b0d807246,dep-ccc529b3-af48-4b3b-8e45-6d5449408c7e,,2e25c793-17ff-4230-b58d-17dfcc222464,11767,INR,completed,,2026-03-17T16:48:16.146Z,2026-03-17T16:48:16.146Z
8dd6ef3f-0bc6-4af1-8b3e-a94fb964b1cf,tx-9b4a44e3-92b2-405c-b18a-5d4ed659ff83,2e25c793-17ff-4230-b58d-17dfcc222464,8c25909a-227f-4d95-86a1-9033ec6e34a4,284,INR,completed,,2026-03-17T16:48:16.146Z,2026-03-17T16:48:16.146Z
43ef17a3-4be7-47eb-9daa-e7cc053589da,tx-7baedced-965d-4f65-9361-556268951ff7,d53314e5-d645-464a-99cf-45ed1a35e9fd,4778cfd7-bd59-44d1-88ad-ffa43d403800,7398,INR,completed,,2026-03-17T16:48:16.146Z,2026-03-17T16:48:16.146Z
63ef6305-e2a0-4a2e-b753-bbfe0cdfbe18,dep-d3af9eee-a8c0-453e-9a9d-55ae20b4ebb2,,2e25c793-17ff-4230-b58d-17dfcc222464,13466,INR,completed,,2026-03-18T16:48:16.146Z,2026-03-18T16:48:16.146Z
eb80b743-f9ed-4b75-bfab-53728648195e,tx-4fa5b798-0e96-4c5a-9409-7caa39c3303c,d53314e5-d645-464a-99cf-45ed1a35e9fd,8c25909a-227f-4d95-86a1-9033ec6e34a4,1455,INR,completed,,2026-03-18T16:48:16.146Z,2026-03-18T16:48:16.146Z
7e11353d-7c47-4365-9cdd-384cf2818473,tx-eea0e7e1-10ef-42be-b3cb-11ed96753ed2,dfffab37-7984-45e6-bfd9-bcb0617b8a82,99326bcd-2ed0-4319-b6a7-a9d1ac39f1b2,424,INR,completed,,2026-03-18T16:48:16.146Z,2026-03-18T16:48:16.146Z
b3d69a64-c0d9-4c81-a272-5b5c621a41bc,tx-267c6cc5-4c02-427b-b6d8-4a999cf11bf5,cc817b0a-5cde-4437-9047-eb0a6c1b8735,dfffab37-7984-45e6-bfd9-bcb0617b8a82,60,INR,completed,,2026-03-18T16:48:16.146Z,2026-03-18T16:48:16.146Z
e16230da-31cc-43b6-b7b8-90fe317fbef0,tx-48f2f632-4e60-4ca7-9751-b73fb9c56973,4c9659e2-39a0-491a-9392-94dfda2a7ad5,8fecc2ac-282e-4044-a1dd-0ef257c60926,1629,INR,completed,,2026-03-18T16:48:16.146Z,2026-03-18T16:48:16.146Z
1b619075-c52f-40f1-9b52-c7bd22af6cb1,dep-b0c3b27c-30b4-46d9-b228-4e1d1b6946ab,,2e25c793-17ff-4230-b58d-17dfcc222464,5904,INR,completed,,2026-03-19T16:48:16.146Z,2026-03-19T16:48:16.146Z
dca006cc-835f-43db-b0f6-24ce360aa338,tx-009bd16b-0b92-4022-b888-e0cd90eb1de4,d53314e5-d645-464a-99cf-45ed1a35e9fd,77f216ae-66bd-4d6b-9dcf-ac7ac8c779cc,1112,INR,completed,,2026-03-19T16:48:16.146Z,2026-03-19T16:48:16.146Z
87696f36-18ee-4c7c-9efd-5f538ef7163b,tx-f91b49ba-a99e-421f-963b-80141c563a82,dfffab37-7984-45e6-bfd9-bcb0617b8a82,68e8cdc4-a89c-4489-9d80-d6345ef95f59,309,INR,completed,,2026-03-19T16:48:16.146Z,2026-03-19T16:48:16.146Z
90e9f46c-120b-4b4c-86a9-9ec9d3cc2b61,tx-d4d73c40-7702-4b00-a4c8-dffae3d8d968,cc817b0a-5cde-4437-9047-eb0a6c1b8735,77f216ae-66bd-4d6b-9dcf-ac7ac8c779cc,309,INR,completed,,2026-03-19T16:48:16.146Z,2026-03-19T16:48:16.146Z
d3fb8e19-08e4-4bb9-b748-3404c55143dc,dep-9aa1c447-4b4e-4203-8b14-8c3f935d0ca1,,4c9659e2-39a0-491a-9392-94dfda2a7ad5,17161,INR,completed,,2026-03-19T16:48:16.146Z,2026-03-19T16:48:16.146Z
20944869-2293-4bb1-bb85-963ff5a07a66,tx-562befa5-34b1-422b-b361-2924bf287d2e,4f64b206-7b74-44ce-b39f-89049ebd4e3f,99326bcd-2ed0-4319-b6a7-a9d1ac39f1b2,391,INR,completed,,2026-03-20T16:48:16.146Z,2026-03-20T16:48:16.146Z
42f71354-22af-40fb-85a3-a959b21d32ff,dep-f1933334-c90a-42d9-91d6-de7478700623,,2e25c793-17ff-4230-b58d-17dfcc222464,14102,INR,completed,,2026-03-20T16:48:16.146Z,2026-03-20T16:48:16.146Z
16ccc741-1b72-488f-91ad-e6656d51372b,dep-22b090d6-5a82-45c4-81a3-c1e8ed86ae9d,,2e25c793-17ff-4230-b58d-17dfcc222464,8699,INR,completed,,2026-03-20T16:48:16.146Z,2026-03-20T16:48:16.146Z
87aacdc4-1b1f-47c7-9b8e-3d63e55dcae8,tx-82c6df6f-71f9-4d46-8351-e6d54735c643,2e25c793-17ff-4230-b58d-17dfcc222464,68e8cdc4-a89c-4489-9d80-d6345ef95f59,7754,INR,completed,,2026-03-20T16:48:16.146Z,2026-03-20T16:48:16.146Z
c68268b9-3857-4b79-a2b4-11b963fcb1e8,tx-7ea542cf-4d05-4b2c-a6a9-7d06ce562cb3,d53314e5-d645-464a-99cf-45ed1a35e9fd,5a5c422f-2b4f-4e26-bd2e-db36096ce28f,5289,INR,completed,,2026-03-20T16:48:16.146Z,2026-03-20T16:48:16.146Z
cc732a6d-07f5-47db-9361-7577614ce7a8,tx-c6910f5e-6aad-4462-962a-b9dfdb58aa4a,cc817b0a-5cde-4437-9047-eb0a6c1b8735,68e8cdc4-a89c-4489-9d80-d6345ef95f59,868,INR,completed,,2026-03-20T16:48:16.146Z,2026-03-20T16:48:16.146Z
5184ac89-c29f-4625-ac6a-b024111ab9de,tx-e57db6f3-6a9d-47ed-ad62-cbc0a3c8cf9c,4c9659e2-39a0-491a-9392-94dfda2a7ad5,77f216ae-66bd-4d6b-9dcf-ac7ac8c779cc,341,INR,completed,,2026-03-20T16:48:16.146Z,2026-03-20T16:48:16.146Z
8e0e988a-3f58-4335-8d26-a4dfbeb31cc2,tx-0446c4d8-704f-4f41-a5e4-e7e7c438ed0c,4f64b206-7b74-44ce-b39f-89049ebd4e3f,8fecc2ac-282e-4044-a1dd-0ef257c60926,2229,INR,completed,,2026-03-21T16:48:16.146Z,2026-03-21T16:48:16.146Z
90eecae7-0d63-4b96-b63f-cf1ea8cfc872,dep-d2089132-2208-43f0-8c07-0719e45bea07,,2e25c793-17ff-4230-b58d-17dfcc222464,17613,INR,completed,,2026-03-21T16:48:16.146Z,2026-03-21T16:48:16.146Z
ae6d598b-3057-4b59-92de-b85713747f87,dep-607a3205-6e86-470f-a239-567e04d9c20e,,2e25c793-17ff-4230-b58d-17dfcc222464,9301,INR,completed,,2026-03-21T16:48:16.146Z,2026-03-21T16:48:16.146Z
1ce9099c-eabe-4697-8729-42e463b5ba76,tx-e7cd96e8-cd85-4dae-95e7-8ca97d37dbbe,2e25c793-17ff-4230-b58d-17dfcc222464,8c25909a-227f-4d95-86a1-9033ec6e34a4,299,INR,completed,,2026-03-21T16:48:16.146Z,2026-03-21T16:48:16.146Z
e491ef35-a36e-4d88-a45f-9e6c1bb730d1,tx-8ffd9a0e-a93e-4f21-9457-1b47b00b498a,d53314e5-d645-464a-99cf-45ed1a35e9fd,77f216ae-66bd-4d6b-9dcf-ac7ac8c779cc,763,INR,completed,,2026-03-21T16:48:16.146Z,2026-03-21T16:48:16.146Z
027ccb35-0791-47e8-a9d4-86b7a7967a6d,tx-eb3f7adf-bc21-4d74-983c-f44f83b40cd2,dfffab37-7984-45e6-bfd9-bcb0617b8a82,68e8cdc4-a89c-4489-9d80-d6345ef95f59,945,INR,completed,,2026-03-21T16:48:16.146Z,2026-03-21T16:48:16.146Z
ab9479e9-3914-49e1-8a81-cc619fafd75a,tx-09159252-7d15-4a62-992a-20e765ad2270,cc817b0a-5cde-4437-9047-eb0a6c1b8735,99326bcd-2ed0-4319-b6a7-a9d1ac39f1b2,203,INR,completed,,2026-03-21T16:48:16.146Z,2026-03-21T16:48:16.146Z
7accf603-44f8-425a-99a3-0cfa54c5802e,dep-6f13ac38-86c6-4607-89b0-7775b334d058,,4c9659e2-39a0-491a-9392-94dfda2a7ad5,22537,INR,completed,,2026-03-21T16:48:16.146Z,2026-03-21T16:48:16.146Z
877e5049-6f0d-4af7-9982-6d8b16d34549,tx-e2b6dc74-e743-42f1-92fe-44ed24817592,4c9659e2-39a0-491a-9392-94dfda2a7ad5,8c25909a-227f-4d95-86a1-9033ec6e34a4,214,INR,completed,,2026-03-21T16:48:16.146Z,2026-03-21T16:48:16.146Z
a4086986-3730-4a78-8315-8fdffa68128f,tx-ba45de01-e3bd-48a4-944b-641f20e47809,4f64b206-7b74-44ce-b39f-89049ebd4e3f,68e8cdc4-a89c-4489-9d80-d6345ef95f59,1794,INR,completed,,2026-03-22T16:48:16.146Z,2026-03-22T16:48:16.146Z
1509c523-293f-4228-a355-a3e11c1409e6,tx-6c061e42-28c2-4dde-b3e3-c96866c5ab6f,2e25c793-17ff-4230-b58d-17dfcc222464,68e8cdc4-a89c-4489-9d80-d6345ef95f59,3893,INR,completed,,2026-03-22T16:48:16.146Z,2026-03-22T16:48:16.146Z
3b2457ef-122d-4b08-8ccd-cafa6aadc948,tx-40f02906-1de8-4ff5-bff3-d8a6f425ec9b,d53314e5-d645-464a-99cf-45ed1a35e9fd,8c25909a-227f-4d95-86a1-9033ec6e34a4,530,INR,completed,,2026-03-22T16:48:16.146Z,2026-03-22T16:48:16.146Z
b3b1ce10-63e5-4bcd-b2ae-ea7039787140,dep-0647f78a-071b-43bc-a1dd-b62179595eae,,dfffab37-7984-45e6-bfd9-bcb0617b8a82,5000,INR,completed,,2026-03-22T16:48:16.146Z,2026-03-22T16:48:16.146Z
c72b1b17-b2f0-4256-8368-fccba2457ecb,tx-2f915268-4186-41db-94a7-69606ae3f06a,dfffab37-7984-45e6-bfd9-bcb0617b8a82,99326bcd-2ed0-4319-b6a7-a9d1ac39f1b2,426,INR,completed,,2026-03-22T16:48:16.146Z,2026-03-22T16:48:16.146Z
54d5ffe7-a7d4-428b-9da1-a43e06ea5697,dep-1e57f4d2-8eb0-48d4-ae5d-9178f193db0d,,cc817b0a-5cde-4437-9047-eb0a6c1b8735,4000,INR,completed,,2026-03-22T16:48:16.146Z,2026-03-22T16:48:16.146Z
c980bda0-cb18-404e-afb5-f0a4326318f5,tx-7e68bb32-f78b-4de9-a696-4d34a395f311,cc817b0a-5cde-4437-9047-eb0a6c1b8735,99326bcd-2ed0-4319-b6a7-a9d1ac39f1b2,168,INR,completed,,2026-03-22T16:48:16.146Z,2026-03-22T16:48:16.146Z
2f43dd1f-12b6-49e0-b0fc-9225825fc7db,tx-0498d14d-91ac-4dcd-8bcc-159838a25e40,4c9659e2-39a0-491a-9392-94dfda2a7ad5,77f216ae-66bd-4d6b-9dcf-ac7ac8c779cc,382,INR,completed,,2026-03-22T16:48:16.146Z,2026-03-22T16:48:16.146Z
4499e312-fcc5-41a6-ac17-27f813396e88,tx-67c094be-076c-4a7f-a120-d86a1d2d5b9b,4f64b206-7b74-44ce-b39f-89049ebd4e3f,68e8cdc4-a89c-4489-9d80-d6345ef95f59,2592,INR,completed,,2026-03-23T16:48:16.146Z,2026-03-23T16:48:16.146Z
94a1ead9-262c-4e48-9fed-c310258366ff,dep-2c3437d6-461a-4086-9ba6-ef65b3cfd250,,2e25c793-17ff-4230-b58d-17dfcc222464,6352,INR,completed,,2026-03-23T16:48:16.146Z,2026-03-23T16:48:16.146Z
0ceafded-d079-4f73-9a9f-4399938fccb2,dep-5c723993-5508-474b-951c-a2f6275c3580,,2e25c793-17ff-4230-b58d-17dfcc222464,6958,INR,completed,,2026-03-23T16:48:16.146Z,2026-03-23T16:48:16.146Z
272849b5-5fa3-477a-b095-7b3a222e8d55,tx-8e0c96c5-3a26-4be2-8187-ddb91a0f1505,2e25c793-17ff-4230-b58d-17dfcc222464,68e8cdc4-a89c-4489-9d80-d6345ef95f59,7205,INR,completed,,2026-03-23T16:48:16.146Z,2026-03-23T16:48:16.146Z
508f1f43-9713-45d0-a376-833536df8d9f,tx-440fdbe9-abe1-4168-bdb0-c46e3788fe19,d53314e5-d645-464a-99cf-45ed1a35e9fd,8c25909a-227f-4d95-86a1-9033ec6e34a4,1093,INR,completed,,2026-03-23T16:48:16.146Z,2026-03-23T16:48:16.146Z
8540c29d-308f-4d40-802e-4a10d7404d7c,tx-f1f6746b-0da4-4e6e-8408-5dab3b5e1e25,cc817b0a-5cde-4437-9047-eb0a6c1b8735,99326bcd-2ed0-4319-b6a7-a9d1ac39f1b2,229,INR,completed,,2026-03-23T16:48:16.146Z,2026-03-23T16:48:16.146Z
8c17e91f-1ef2-443c-b952-085bbb67efc6,dep-44760c7f-e469-4f46-9f59-c4a9f27cc454,,2e25c793-17ff-4230-b58d-17dfcc222464,14157,INR,completed,,2026-03-24T16:48:16.146Z,2026-03-24T16:48:16.146Z
d5ad996c-14da-44cd-b28f-cc189bc67f4a,dep-d475f18a-e025-49ba-ba1c-7c3dcfbca8be,,2e25c793-17ff-4230-b58d-17dfcc222464,10499,INR,completed,,2026-03-24T16:48:16.146Z,2026-03-24T16:48:16.146Z
a8eef2d5-a332-451d-8027-141695a0823e,dep-9123daf9-a753-41b3-9a46-9fbe9e812d91,,2e25c793-17ff-4230-b58d-17dfcc222464,8606,INR,completed,,2026-03-24T16:48:16.146Z,2026-03-24T16:48:16.146Z
656e6ad7-f652-4dcf-b02a-12f97f4199fc,tx-f5c1e2ef-1dd4-44eb-baaf-ed31607ecc5f,2e25c793-17ff-4230-b58d-17dfcc222464,77f216ae-66bd-4d6b-9dcf-ac7ac8c779cc,639,INR,completed,,2026-03-24T16:48:16.146Z,2026-03-24T16:48:16.146Z
4672e449-6ae5-44bd-96ed-1ec16a84b86b,tx-d8e49142-c50e-47fa-a352-b2191a1e9fc9,d53314e5-d645-464a-99cf-45ed1a35e9fd,5a5c422f-2b4f-4e26-bd2e-db36096ce28f,7038,INR,completed,,2026-03-24T16:48:16.146Z,2026-03-24T16:48:16.146Z
95d03032-608b-439c-885f-89c423403245,tx-ad08328a-1922-4301-b301-12bbb76db93e,cc817b0a-5cde-4437-9047-eb0a6c1b8735,68e8cdc4-a89c-4489-9d80-d6345ef95f59,585,INR,completed,,2026-03-24T16:48:16.146Z,2026-03-24T16:48:16.146Z
74cc7712-0144-4cb9-b28d-3fa24704cbbf,tx-ada2a4c3-cc0e-4c2f-a7a1-a4e72e59b6e5,4c9659e2-39a0-491a-9392-94dfda2a7ad5,8c25909a-227f-4d95-86a1-9033ec6e34a4,456,INR,completed,,2026-03-24T16:48:16.146Z,2026-03-24T16:48:16.146Z
723269ae-8c4c-4274-b21e-ed899492f7c0,dep-1d39b38a-a400-4d04-a482-751d8821703f,,2e25c793-17ff-4230-b58d-17dfcc222464,7267,INR,completed,,2026-03-25T16:48:16.146Z,2026-03-25T16:48:16.146Z
778c2e4a-25e8-4ef7-9c3c-9bf7805416f0,tx-c66d496f-dbb2-4932-953e-a49ba61d2569,2e25c793-17ff-4230-b58d-17dfcc222464,78d754c3-7421-45c6-af19-62af10c7d7a7,63587,INR,completed,,2026-03-25T16:48:16.146Z,2026-03-25T16:48:16.146Z
1f96a862-e6d4-441e-9bd9-f260c6304cfd,tx-26a869bd-8ea5-4117-b1d6-3484bf77dc11,2e25c793-17ff-4230-b58d-17dfcc222464,8c25909a-227f-4d95-86a1-9033ec6e34a4,487,INR,completed,,2026-03-25T16:48:16.146Z,2026-03-25T16:48:16.146Z
74974bfe-98a1-4eb7-bdad-22b3178fb9b5,tx-a6e722d1-551d-497f-b43a-1f7801bfbb4b,cc817b0a-5cde-4437-9047-eb0a6c1b8735,99326bcd-2ed0-4319-b6a7-a9d1ac39f1b2,441,INR,completed,,2026-03-25T16:48:16.146Z,2026-03-25T16:48:16.146Z
d7dd54b1-abf6-4f30-8dce-a713cfb7e9a8,tx-aa2609bc-e3aa-4516-868d-65b04d89a2d3,4c9659e2-39a0-491a-9392-94dfda2a7ad5,77f216ae-66bd-4d6b-9dcf-ac7ac8c779cc,448,INR,completed,,2026-03-25T16:48:16.146Z,2026-03-25T16:48:16.146Z
328afd50-2c49-4c85-801d-c02f133e9049,tx-fb0be288-319f-4226-a3a3-905804aa4435,d53314e5-d645-464a-99cf-45ed1a35e9fd,77f216ae-66bd-4d6b-9dcf-ac7ac8c779cc,412,INR,completed,,2026-03-26T16:48:16.146Z,2026-03-26T16:48:16.146Z
5007dd50-37f8-415c-b676-0c6829bcd502,dep-34250820-3990-413d-abcb-ce20dc2ecb3b,,4c9659e2-39a0-491a-9392-94dfda2a7ad5,29034,INR,completed,,2026-03-26T16:48:16.146Z,2026-03-26T16:48:16.146Z
8b6d4c0f-f2d4-4022-9aa2-464e723dde14,tx-05f48da9-930b-4fa4-a64c-4fb04285a50a,4c9659e2-39a0-491a-9392-94dfda2a7ad5,8c25909a-227f-4d95-86a1-9033ec6e34a4,232,INR,completed,,2026-03-26T16:48:16.146Z,2026-03-26T16:48:16.146Z
b45a7f7c-db23-4296-9897-fa75c5312446,tx-e8347783-d27e-4bc6-b397-b90e84e4cd40,4f64b206-7b74-44ce-b39f-89049ebd4e3f,99326bcd-2ed0-4319-b6a7-a9d1ac39f1b2,633,INR,completed,,2026-03-27T16:48:16.146Z,2026-03-27T16:48:16.146Z
844754e3-c205-4905-b26a-144db212dff9,dep-678c15c3-8518-486d-9329-8df164ed82c1,,2e25c793-17ff-4230-b58d-17dfcc222464,16354,INR,completed,,2026-03-27T16:48:16.146Z,2026-03-27T16:48:16.146Z
adafe764-1794-4c32-bea0-b57a6a726024,dep-874d505f-7449-4476-8a90-28eaccbef4de,,2e25c793-17ff-4230-b58d-17dfcc222464,5082,INR,completed,,2026-03-27T16:48:16.146Z,2026-03-27T16:48:16.146Z
a3dea8cb-13e1-4ded-8a89-5d99da6309ee,dep-37a85936-c3e0-4554-b77d-24fff162ada6,,2e25c793-17ff-4230-b58d-17dfcc222464,17034,INR,completed,,2026-03-27T16:48:16.146Z,2026-03-27T16:48:16.146Z
6c8d4e49-5340-4166-aa6f-b7dbe1aa7e6c,tx-d2a9894c-7319-4aa1-8ee1-ed9d551c037e,d53314e5-d645-464a-99cf-45ed1a35e9fd,8c25909a-227f-4d95-86a1-9033ec6e34a4,886,INR,completed,,2026-03-27T16:48:16.146Z,2026-03-27T16:48:16.146Z
051ed37a-c313-4866-9110-0bb7ee274502,tx-b293ba92-f1d6-4d6d-80a8-6acc160243e3,cc817b0a-5cde-4437-9047-eb0a6c1b8735,99326bcd-2ed0-4319-b6a7-a9d1ac39f1b2,391,INR,completed,,2026-03-27T16:48:16.146Z,2026-03-27T16:48:16.146Z
599fb6f0-67e8-4117-98ee-8c0f796891d2,tx-054eb774-ceea-49b1-9d10-35181810156a,4c9659e2-39a0-491a-9392-94dfda2a7ad5,77f216ae-66bd-4d6b-9dcf-ac7ac8c779cc,443,INR,completed,,2026-03-27T16:48:16.146Z,2026-03-27T16:48:16.146Z
c5a2c8bb-afee-483e-8399-a9140ec16058,tx-0ce33a60-5042-41f7-aa9c-3961f1328da0,4f64b206-7b74-44ce-b39f-89049ebd4e3f,8fecc2ac-282e-4044-a1dd-0ef257c60926,3343,INR,completed,,2026-03-28T16:48:16.146Z,2026-03-28T16:48:16.146Z
de3c6833-3bbc-4a8e-86cb-6d6e0da8c06d,tx-5c7f141b-5646-45cb-8045-94151cea7c74,4f64b206-7b74-44ce-b39f-89049ebd4e3f,77f216ae-66bd-4d6b-9dcf-ac7ac8c779cc,200,INR,completed,,2026-03-28T16:48:16.146Z,2026-03-28T16:48:16.146Z
432ba0d4-02eb-4f51-825d-c4f0b7956e7c,dep-9f70a352-ec4e-478b-8b13-072e9f5ccd18,,2e25c793-17ff-4230-b58d-17dfcc222464,14247,INR,completed,,2026-03-28T16:48:16.146Z,2026-03-28T16:48:16.146Z
a2f2dfa4-c13b-47cf-af15-62d25d0fe822,tx-d7f01e98-09bf-4159-834e-da584421b28c,cc817b0a-5cde-4437-9047-eb0a6c1b8735,dfffab37-7984-45e6-bfd9-bcb0617b8a82,215,INR,completed,,2026-03-28T16:48:16.146Z,2026-03-28T16:48:16.146Z
791aab68-34f7-4bbc-8f73-fe709650622e,tx-74588861-dece-4d9a-a8d2-ebb809662504,4c9659e2-39a0-491a-9392-94dfda2a7ad5,8c25909a-227f-4d95-86a1-9033ec6e34a4,285,INR,completed,,2026-03-28T16:48:16.146Z,2026-03-28T16:48:16.146Z
4d839fba-f0aa-4eb8-989f-4bfdffad1984,dep-1c71e413-f220-455f-bd61-09aeae9ee9d2,,dfffab37-7984-45e6-bfd9-bcb0617b8a82,5000,INR,completed,,2026-03-29T16:48:16.146Z,2026-03-29T16:48:16.146Z
ef257a91-a552-4efa-a096-dc2df0caae67,tx-0adc0a5b-4a76-4dc7-9b96-42a46526b261,dfffab37-7984-45e6-bfd9-bcb0617b8a82,99326bcd-2ed0-4319-b6a7-a9d1ac39f1b2,159,INR,completed,,2026-03-29T16:48:16.146Z,2026-03-29T16:48:16.146Z
d2ceed93-5602-481d-aa34-9c4f804d608e,dep-4c09b437-6e71-4b1f-b7b0-9c0de62afeec,,cc817b0a-5cde-4437-9047-eb0a6c1b8735,4000,INR,completed,,2026-03-29T16:48:16.146Z,2026-03-29T16:48:16.146Z
785e1ea7-ceea-4f6a-a0dd-c116264ffa86,tx-3c319b10-0287-4491-bd44-713677b3f3ed,cc817b0a-5cde-4437-9047-eb0a6c1b8735,dfffab37-7984-45e6-bfd9-bcb0617b8a82,84,INR,completed,,2026-03-29T16:48:16.146Z,2026-03-29T16:48:16.146Z
f5e5aeff-5123-45f7-b7d4-d339d069d201,tx-cd9830a0-b807-4899-b917-3f47cce6fbd8,4c9659e2-39a0-491a-9392-94dfda2a7ad5,8fecc2ac-282e-4044-a1dd-0ef257c60926,1735,INR,completed,,2026-03-29T16:48:16.146Z,2026-03-29T16:48:16.146Z
38c5bf85-9130-4e00-8c6f-3b919538beb3,tx-1731c03c-6ce7-47c0-8e49-d49dd6890d36,4f64b206-7b74-44ce-b39f-89049ebd4e3f,99326bcd-2ed0-4319-b6a7-a9d1ac39f1b2,729,INR,completed,,2026-03-30T16:48:16.146Z,2026-03-30T16:48:16.146Z
188f5e55-e8ff-403e-9eb6-c4a189cd583e,dep-c0257c71-beeb-40c9-bde5-234c70ba6e98,,4f64b206-7b74-44ce-b39f-89049ebd4e3f,36.45,INR,completed,,2026-03-30T16:48:16.146Z,2026-03-30T16:48:16.146Z
e9d5f8d4-bf68-4250-9f46-a1debd22b86d,dep-504768be-8cf2-4208-b689-d0c44a497ff8,,2e25c793-17ff-4230-b58d-17dfcc222464,15512,INR,completed,,2026-03-30T16:48:16.146Z,2026-03-30T16:48:16.146Z
18e1e5b6-5336-4d8f-b89c-500050568f83,dep-43a5c64e-e39d-44d6-8698-41cac78abfb7,,2e25c793-17ff-4230-b58d-17dfcc222464,12795,INR,completed,,2026-03-30T16:48:16.146Z,2026-03-30T16:48:16.146Z
c5b6c140-7a32-4eaa-b8fd-338feb24bab4,dep-f22d73b9-7c17-40ed-91d0-e52dbde5052c,,2e25c793-17ff-4230-b58d-17dfcc222464,8766,INR,completed,,2026-03-30T16:48:16.146Z,2026-03-30T16:48:16.146Z
46039dcc-57ad-4d91-8949-166804996e9c,tx-a043d5a4-f654-417b-ba8d-cd3252fc51d3,d53314e5-d645-464a-99cf-45ed1a35e9fd,99326bcd-2ed0-4319-b6a7-a9d1ac39f1b2,606,INR,completed,,2026-03-30T16:48:16.146Z,2026-03-30T16:48:16.146Z
7fcd494c-f526-4658-bbb1-4fd739c9126b,tx-26fce9bd-31e5-4be4-a0c0-cf895224996e,dfffab37-7984-45e6-bfd9-bcb0617b8a82,99326bcd-2ed0-4319-b6a7-a9d1ac39f1b2,221,INR,completed,,2026-03-30T16:48:16.146Z,2026-03-30T16:48:16.146Z
16ef6292-b5bb-46cb-a109-7bfec5c3bdde,tx-e583af14-c9ba-41b9-bcea-1700ca4f3f2e,4c9659e2-39a0-491a-9392-94dfda2a7ad5,99326bcd-2ed0-4319-b6a7-a9d1ac39f1b2,544,INR,completed,,2026-03-30T16:48:16.146Z,2026-03-30T16:48:16.146Z
9e17e23a-e86a-4fad-8560-d933542e7b4b,dep-8a091053-4c4d-4ed7-a1ce-1150f12162a2,,4c9659e2-39a0-491a-9392-94dfda2a7ad5,27.2,INR,completed,,2026-03-30T16:48:16.146Z,2026-03-30T16:48:16.146Z
bd1c8cb2-e79f-4f76-942f-55c145c63ffd,dep-1639e96c-0ffc-400f-bff5-4dfc8aef9ef4,,2e25c793-17ff-4230-b58d-17dfcc222464,8373,INR,completed,,2026-03-31T16:48:16.146Z,2026-03-31T16:48:16.146Z
326ae0c9-ab4f-4817-a897-5e20ca103469,dep-94a08ece-2510-4d9b-b5be-095852bd2cd4,,2e25c793-17ff-4230-b58d-17dfcc222464,6458,INR,completed,,2026-03-31T16:48:16.146Z,2026-03-31T16:48:16.146Z
ba009593-8a38-4886-93e2-79bff24f06ad,tx-058e1d1c-9847-4ec2-89dd-7b51a380263f,d53314e5-d645-464a-99cf-45ed1a35e9fd,68e8cdc4-a89c-4489-9d80-d6345ef95f59,748,INR,completed,,2026-03-31T16:48:16.146Z,2026-03-31T16:48:16.146Z
a99cbb04-345e-4567-bfdd-ccf6b225a07b,tx-8b1b30f9-6cdc-42f7-b53e-ac02a5de33ae,4c9659e2-39a0-491a-9392-94dfda2a7ad5,99326bcd-2ed0-4319-b6a7-a9d1ac39f1b2,418,INR,completed,,2026-03-31T16:48:16.146Z,2026-03-31T16:48:16.146Z
ea9f31a4-a959-4a9c-beca-231af195548a,dep-4f17fc2f-e856-4f24-983a-457650ee5e2b,,4f64b206-7b74-44ce-b39f-89049ebd4e3f,85000,INR,completed,,2026-04-01T16:48:16.146Z,2026-04-01T16:48:16.146Z
1e7d3cd4-34e5-4847-ac32-a6fe798a9875,dep-cb58d630-83d5-4b4d-9de0-75a51c0a5f35,,2e25c793-17ff-4230-b58d-17dfcc222464,13322,INR,completed,,2026-04-01T16:48:16.146Z,2026-04-01T16:48:16.146Z
6480876a-d304-46cc-81e1-1570022408a4,dep-ccd22784-0db5-44f5-901e-e08a0cbf8db0,,2e25c793-17ff-4230-b58d-17dfcc222464,11939,INR,completed,,2026-04-01T16:48:16.146Z,2026-04-01T16:48:16.146Z
1c87cd25-f36c-4ec0-9d15-9ae2f98abaf5,dep-4d5646fa-baa5-4d6c-8924-41c6113dec56,,d53314e5-d645-464a-99cf-45ed1a35e9fd,120000,INR,completed,,2026-04-01T16:48:16.146Z,2026-04-01T16:48:16.146Z
d820c92d-a22c-4093-8c7d-0e7ecc78a113,tx-6fc0ed58-8450-4664-a6c4-1f0cefe4701f,d53314e5-d645-464a-99cf-45ed1a35e9fd,77f216ae-66bd-4d6b-9dcf-ac7ac8c779cc,304,INR,completed,,2026-04-01T16:48:16.146Z,2026-04-01T16:48:16.146Z
64f32758-0fd2-4282-b71d-bb06ae542735,tx-7ac43861-c5c2-42ef-a813-4d379fb919a3,cc817b0a-5cde-4437-9047-eb0a6c1b8735,99326bcd-2ed0-4319-b6a7-a9d1ac39f1b2,375,INR,completed,,2026-04-01T16:48:16.146Z,2026-04-01T16:48:16.146Z
dad2f8c8-1d3b-42f4-af65-ca27bd55715a,tx-d23bd973-fe1b-4b4c-a410-1955b9894126,4c9659e2-39a0-491a-9392-94dfda2a7ad5,8c25909a-227f-4d95-86a1-9033ec6e34a4,356,INR,completed,,2026-04-01T16:48:16.146Z,2026-04-01T16:48:16.146Z
3142c3b7-62c4-4ea4-9aa9-41150f90df53,dep-eb336969-9dc8-483f-88f6-039817aa3a0a,,2e25c793-17ff-4230-b58d-17dfcc222464,8080,INR,completed,,2026-04-02T16:48:16.146Z,2026-04-02T16:48:16.146Z
9bd400c6-492f-4fe3-955c-480bde220f93,dep-0fb56aff-a0c3-453a-970f-3de2170c2cfd,,2e25c793-17ff-4230-b58d-17dfcc222464,14271,INR,completed,,2026-04-02T16:48:16.146Z,2026-04-02T16:48:16.146Z
653c4a51-22a0-4fce-b5cb-b2186323eb0f,tx-8f190413-c012-4ca7-a7f4-48777e00f666,2e25c793-17ff-4230-b58d-17dfcc222464,396aaa88-f522-47e1-a4dd-f2107cc69e7a,35000,INR,completed,,2026-04-02T16:48:16.146Z,2026-04-02T16:48:16.146Z
439e4e71-b97f-4f72-85fc-ced6dfdd7725,tx-77d78d68-3b6f-46e6-9812-af895c238136,d53314e5-d645-464a-99cf-45ed1a35e9fd,4778cfd7-bd59-44d1-88ad-ffa43d403800,12210,INR,completed,,2026-04-02T16:48:16.146Z,2026-04-02T16:48:16.146Z
a8bd945a-b7e2-4ce8-94c0-83f8d2d091f1,tx-2be7d184-62ac-4e79-9d9b-6697be9efcf3,4f64b206-7b74-44ce-b39f-89049ebd4e3f,396aaa88-f522-47e1-a4dd-f2107cc69e7a,25000,INR,completed,,2026-04-03T16:48:16.146Z,2026-04-03T16:48:16.146Z
80091d6c-4f27-48fa-ae7d-9b1017325d8c,tx-aae07b92-0684-4dae-9c1a-04a99466091a,4f64b206-7b74-44ce-b39f-89049ebd4e3f,77f216ae-66bd-4d6b-9dcf-ac7ac8c779cc,180,INR,completed,,2026-04-03T16:48:16.146Z,2026-04-03T16:48:16.146Z
275345bd-fe78-4fc0-ae1e-cf295b13d398,dep-682403b5-5f48-47d1-83df-84552d641577,,2e25c793-17ff-4230-b58d-17dfcc222464,7365,INR,completed,,2026-04-03T16:48:16.146Z,2026-04-03T16:48:16.146Z
51e58914-6d5f-46f3-b5fe-6072a83a335b,dep-def4599b-6b0c-467b-bb0e-71ed88634236,,2e25c793-17ff-4230-b58d-17dfcc222464,13102,INR,completed,,2026-04-03T16:48:16.146Z,2026-04-03T16:48:16.146Z
5eb524ff-4a20-4aa5-a7d3-58605cf53c8f,tx-45b560c1-eeb9-4158-bde5-c2873ed563e2,2e25c793-17ff-4230-b58d-17dfcc222464,8c25909a-227f-4d95-86a1-9033ec6e34a4,310,INR,completed,,2026-04-03T16:48:16.146Z,2026-04-03T16:48:16.146Z
fea52b78-5c54-4911-90ee-6ee453b88a10,tx-71e12713-7bc8-4942-8218-ae5e5394e227,cc817b0a-5cde-4437-9047-eb0a6c1b8735,99326bcd-2ed0-4319-b6a7-a9d1ac39f1b2,313,INR,completed,,2026-04-03T16:48:16.146Z,2026-04-03T16:48:16.146Z
fd1c47ac-5951-4cab-ae68-d8b5380db00b,dep-ccbb40c8-d1dd-404e-821f-f3d602eb8fad,,4c9659e2-39a0-491a-9392-94dfda2a7ad5,24252,INR,completed,,2026-04-03T16:48:16.146Z,2026-04-03T16:48:16.146Z
ebb7852c-ce62-4901-a8df-dd3858f188d7,tx-0a4b8e35-c9f6-453d-ad04-82c569828374,4f64b206-7b74-44ce-b39f-89049ebd4e3f,8fecc2ac-282e-4044-a1dd-0ef257c60926,3220,INR,completed,,2026-04-04T16:48:16.146Z,2026-04-04T16:48:16.146Z
f4917064-b26c-431d-84d9-6e26291daaf3,dep-3a367561-6da0-463d-96bc-2699ba77cbb4,,2e25c793-17ff-4230-b58d-17dfcc222464,15551,INR,completed,,2026-04-04T16:48:16.146Z,2026-04-04T16:48:16.146Z
665fd000-59b6-46ed-bf01-fdf10978645e,dep-722c5af5-b184-4465-8037-8a88be24f9c1,,2e25c793-17ff-4230-b58d-17dfcc222464,13384,INR,completed,,2026-04-04T16:48:16.146Z,2026-04-04T16:48:16.146Z
bdbcd27a-6a3d-4282-aab6-370ca4a7b010,tx-ed09d42a-8286-4534-b950-dc689f2496b0,4c9659e2-39a0-491a-9392-94dfda2a7ad5,99326bcd-2ed0-4319-b6a7-a9d1ac39f1b2,313,INR,completed,,2026-04-04T16:48:16.146Z,2026-04-04T16:48:16.146Z
e22f5eb3-ca48-4152-94ae-8f1ae4f6a30d,tx-0cd283cf-d02e-49d1-94fe-fbb9fb2e7462,4f64b206-7b74-44ce-b39f-89049ebd4e3f,0e5d4bb0-d613-443b-beef-163eb4214b67,2909,INR,completed,,2026-04-05T16:48:16.146Z,2026-04-05T16:48:16.146Z
c2b60780-a5db-4363-b43b-3f9cdbe380ae,dep-10475411-745a-4090-a151-067f8203bd74,,2e25c793-17ff-4230-b58d-17dfcc222464,15355,INR,completed,,2026-04-05T16:48:16.146Z,2026-04-05T16:48:16.146Z
0e156e8c-2050-44e0-acc6-f2954f6e52f6,tx-8365e148-19b5-47a5-b73b-33570cdf1a64,2e25c793-17ff-4230-b58d-17dfcc222464,78d754c3-7421-45c6-af19-62af10c7d7a7,29132,INR,completed,,2026-04-05T16:48:16.146Z,2026-04-05T16:48:16.146Z
41687e4c-0822-4e25-9e6e-41918e356f69,tx-d908eeae-f192-4620-b7d2-a02187a05874,2e25c793-17ff-4230-b58d-17dfcc222464,68e8cdc4-a89c-4489-9d80-d6345ef95f59,6144,INR,completed,,2026-04-05T16:48:16.146Z,2026-04-05T16:48:16.146Z
a516e658-ec30-4597-8307-97cdcb3f3d99,tx-1f8b8221-e715-4c56-93d0-5980d1e133ea,d53314e5-d645-464a-99cf-45ed1a35e9fd,77f216ae-66bd-4d6b-9dcf-ac7ac8c779cc,370,INR,completed,,2026-04-05T16:48:16.146Z,2026-04-05T16:48:16.146Z
64eec69c-7a94-4365-8882-e424896c6f53,dep-cee1fe92-84c9-46c5-b5f4-d9114240f7fd,,dfffab37-7984-45e6-bfd9-bcb0617b8a82,5000,INR,completed,,2026-04-05T16:48:16.146Z,2026-04-05T16:48:16.146Z
46e2088a-ed6b-4991-afd3-d100a200324a,tx-5db7dd60-61cb-4278-901c-0f96e4cfb7b7,dfffab37-7984-45e6-bfd9-bcb0617b8a82,cc817b0a-5cde-4437-9047-eb0a6c1b8735,50,INR,completed,,2026-04-05T16:48:16.146Z,2026-04-05T16:48:16.146Z
e6842ff4-5a6e-49cb-b188-79c0ff4a3edb,dep-8a9526d0-6fb9-437b-8195-69888a868204,,cc817b0a-5cde-4437-9047-eb0a6c1b8735,4000,INR,completed,,2026-04-05T16:48:16.146Z,2026-04-05T16:48:16.146Z
068ca30c-6fa3-4351-ac63-e5d0540b336b,tx-cd0fff7e-da5e-4820-a3ef-2937be6976e7,cc817b0a-5cde-4437-9047-eb0a6c1b8735,68e8cdc4-a89c-4489-9d80-d6345ef95f59,483,INR,completed,,2026-04-05T16:48:16.146Z,2026-04-05T16:48:16.146Z
64716dc2-82b8-4a99-b0f9-bbf502532ee0,tx-c5b717ea-07be-4f8f-ad15-8f98d2c2812d,4c9659e2-39a0-491a-9392-94dfda2a7ad5,77f216ae-66bd-4d6b-9dcf-ac7ac8c779cc,284,INR,completed,,2026-04-05T16:48:16.146Z,2026-04-05T16:48:16.146Z
4b1cc78b-bf0e-46ee-b838-8c65893fe269,tx-1fd3083b-d59c-4ae3-ac72-2afedd55ae29,4f64b206-7b74-44ce-b39f-89049ebd4e3f,99326bcd-2ed0-4319-b6a7-a9d1ac39f1b2,746,INR,completed,,2026-04-06T16:48:16.146Z,2026-04-06T16:48:16.146Z
a1bdb887-2d5c-4135-983d-17a020cf1966,dep-c22fdba6-c910-4aff-b924-8b07e91b033e,,2e25c793-17ff-4230-b58d-17dfcc222464,13839,INR,completed,,2026-04-06T16:48:16.146Z,2026-04-06T16:48:16.146Z
a857fadf-8082-4bc1-ba53-dd874640ff40,tx-4c7353b3-8c3c-4522-b333-3ecdcfbaaaa2,2e25c793-17ff-4230-b58d-17dfcc222464,68e8cdc4-a89c-4489-9d80-d6345ef95f59,8107,INR,completed,,2026-04-06T16:48:16.146Z,2026-04-06T16:48:16.146Z
c6f8cbda-c5e9-47df-84f9-ed30f7722274,tx-603b6868-20bb-487f-987b-806f60b71f41,d53314e5-d645-464a-99cf-45ed1a35e9fd,5a5c422f-2b4f-4e26-bd2e-db36096ce28f,8162,INR,completed,,2026-04-06T16:48:16.146Z,2026-04-06T16:48:16.146Z
310bb388-70a3-47bf-8a91-cba7f6c3ac23,tx-a0b5fb46-ff41-4594-9da5-3e507675468e,4c9659e2-39a0-491a-9392-94dfda2a7ad5,99326bcd-2ed0-4319-b6a7-a9d1ac39f1b2,546,INR,completed,,2026-04-06T16:48:16.146Z,2026-04-06T16:48:16.146Z
6ba985b9-7d4c-4c0b-9d1e-4498a6eed90b,dep-b6897118-e14c-4022-9874-5e8911e8fef1,,2e25c793-17ff-4230-b58d-17dfcc222464,5318,INR,completed,,2026-04-07T16:48:16.146Z,2026-04-07T16:48:16.146Z
ed75c47b-9a58-4072-826f-1a691f594cd9,dep-52d21adf-87b5-43a0-9420-e53f4d6c8480,,2e25c793-17ff-4230-b58d-17dfcc222464,8174,INR,completed,,2026-04-07T16:48:16.146Z,2026-04-07T16:48:16.146Z
eb90f72e-1fa6-4d97-9c14-5bec4e372dc0,tx-ee1eb261-e3fc-4c2b-a79d-2edcfb58c578,2e25c793-17ff-4230-b58d-17dfcc222464,655846c2-aeb1-41c7-b562-4937ad6f5c8b,18000,INR,completed,,2026-04-07T16:48:16.146Z,2026-04-07T16:48:16.146Z
e82b9da3-c223-4d16-9a5b-1f12c86047fe,tx-93256e90-d6e0-413d-bdc6-eaae1d39bab7,2e25c793-17ff-4230-b58d-17dfcc222464,77f216ae-66bd-4d6b-9dcf-ac7ac8c779cc,454,INR,completed,,2026-04-07T16:48:16.146Z,2026-04-07T16:48:16.146Z
981619d1-db05-42fb-bad6-143a104cd769,dep-cf381fb5-11d2-49b5-8d33-c2c4fc4b7b2a,,2e25c793-17ff-4230-b58d-17dfcc222464,22.7,INR,completed,,2026-04-07T16:48:16.146Z,2026-04-07T16:48:16.146Z
9ed0fdd0-fd3d-4aff-aa7d-e928fff71503,tx-054d75ad-77db-4f99-8d9c-463866ec6a83,d53314e5-d645-464a-99cf-45ed1a35e9fd,77f216ae-66bd-4d6b-9dcf-ac7ac8c779cc,983,INR,completed,,2026-04-07T16:48:16.146Z,2026-04-07T16:48:16.146Z
168f0f1b-27cb-4533-8ca3-9bb83a30f1dd,tx-eb76fd76-2c92-4b7c-97ae-e090d795b880,4f64b206-7b74-44ce-b39f-89049ebd4e3f,68e8cdc4-a89c-4489-9d80-d6345ef95f59,1732,INR,completed,,2026-04-08T16:48:16.146Z,2026-04-08T16:48:16.146Z
b9b8755c-9331-4daa-95fc-c357b897fec2,dep-281134c2-154e-407b-8efb-cf3118f4eb39,,2e25c793-17ff-4230-b58d-17dfcc222464,7751,INR,completed,,2026-04-08T16:48:16.146Z,2026-04-08T16:48:16.146Z
ec35e28f-6f82-4dcb-b52a-0bf0afe41e34,tx-18a9cc87-d2fd-4e3d-abc4-90c1720abf0f,d53314e5-d645-464a-99cf-45ed1a35e9fd,77f216ae-66bd-4d6b-9dcf-ac7ac8c779cc,416,INR,completed,,2026-04-08T16:48:16.146Z,2026-04-08T16:48:16.146Z
c42cb9ec-5ecd-4a42-9c04-fcea37f595d4,tx-dc9f62fb-9316-4bc8-b1e8-42caca4708d3,dfffab37-7984-45e6-bfd9-bcb0617b8a82,cc817b0a-5cde-4437-9047-eb0a6c1b8735,86,INR,completed,,2026-04-08T16:48:16.146Z,2026-04-08T16:48:16.146Z
421f6e32-2cee-426b-b0e6-9046b4e47c9e,tx-2411daa3-c661-4644-86da-07f6c2b057af,4c9659e2-39a0-491a-9392-94dfda2a7ad5,77f216ae-66bd-4d6b-9dcf-ac7ac8c779cc,243,INR,completed,,2026-04-08T16:48:16.146Z,2026-04-08T16:48:16.146Z
398ad1e0-4a59-4774-9b0a-6de1c20ccd34,dep-9160601d-22aa-49e8-a902-fdeb36e601b4,,4c9659e2-39a0-491a-9392-94dfda2a7ad5,12.15,INR,completed,,2026-04-08T16:48:16.146Z,2026-04-08T16:48:16.146Z
c3966d5b-222f-4bc8-b395-9d02fa5757e2,tx-ea9e264a-d8a5-4392-ae94-190ae1be4023,4f64b206-7b74-44ce-b39f-89049ebd4e3f,99326bcd-2ed0-4319-b6a7-a9d1ac39f1b2,460,INR,completed,,2026-04-09T16:48:16.146Z,2026-04-09T16:48:16.146Z
166bd0e5-9ee0-4c2d-b579-11461bb155b9,dep-e0dcdc24-6906-41c4-b3b5-cb1dea595b15,,2e25c793-17ff-4230-b58d-17dfcc222464,7838,INR,completed,,2026-04-09T16:48:16.146Z,2026-04-09T16:48:16.146Z
a3ac5ee2-7fdb-4a4d-9e41-c4904087b027,dep-cc501731-50d9-4be1-8fef-f6127e2add1a,,2e25c793-17ff-4230-b58d-17dfcc222464,13354,INR,completed,,2026-04-09T16:48:16.146Z,2026-04-09T16:48:16.146Z
d2f1a23d-c2fb-4e8c-8780-51b20346857b,dep-75375a32-01e4-410b-b2d7-e67e81302712,,2e25c793-17ff-4230-b58d-17dfcc222464,13950,INR,completed,,2026-04-09T16:48:16.146Z,2026-04-09T16:48:16.146Z
a9105f8b-01c9-413a-ad67-f5caffb675fb,tx-cf945f46-0e66-4942-8182-9e38f30211cb,d53314e5-d645-464a-99cf-45ed1a35e9fd,8c25909a-227f-4d95-86a1-9033ec6e34a4,1747,INR,completed,,2026-04-09T16:48:16.146Z,2026-04-09T16:48:16.146Z
8b9f8f4a-bbd6-4994-9b55-4c2f18d0520d,tx-6ff0fac3-40a5-41f6-bca1-e1c12913ccf1,dfffab37-7984-45e6-bfd9-bcb0617b8a82,cc817b0a-5cde-4437-9047-eb0a6c1b8735,141,INR,completed,,2026-04-09T16:48:16.146Z,2026-04-09T16:48:16.146Z
2e22fa48-08f4-4dea-a097-d2dc3ec70a21,tx-2dab7e6f-b7b9-4ec1-886c-73a588e7e7b7,4c9659e2-39a0-491a-9392-94dfda2a7ad5,8fecc2ac-282e-4044-a1dd-0ef257c60926,1683,INR,completed,,2026-04-09T16:48:16.146Z,2026-04-09T16:48:16.146Z
20c86df9-3b2d-4aab-a998-9b391f4de728,tx-5243ceba-9143-4913-b7e8-463e77487f41,4f64b206-7b74-44ce-b39f-89049ebd4e3f,bcf7c323-ee7b-4313-95c0-68f74cfeb2bb,199,INR,completed,,2026-04-10T16:48:16.146Z,2026-04-10T16:48:16.146Z
501aca70-5baf-4c53-b044-8363eb8b9056,tx-017c517b-86cd-4890-9329-6c939e234280,4f64b206-7b74-44ce-b39f-89049ebd4e3f,8f5bd58f-2868-4aff-b5da-41454b5bb662,699,INR,completed,,2026-04-10T16:48:16.146Z,2026-04-10T16:48:16.146Z
0d00f2d6-47cf-4e37-b0e0-43049ba9b240,tx-125e9843-70ea-497b-8a64-828c408f7b62,4f64b206-7b74-44ce-b39f-89049ebd4e3f,77f216ae-66bd-4d6b-9dcf-ac7ac8c779cc,373,INR,completed,,2026-04-10T16:48:16.146Z,2026-04-10T16:48:16.146Z
3f35023b-43f3-4d19-94d7-e45abf95ca08,dep-d803ed65-846f-4e98-acd5-6537cabfaac2,,2e25c793-17ff-4230-b58d-17dfcc222464,14715,INR,completed,,2026-04-10T16:48:16.146Z,2026-04-10T16:48:16.146Z
f85b42c6-779d-4deb-bca9-6de61f74c940,dep-de5797cc-ce27-4f8e-9810-92715182fd64,,2e25c793-17ff-4230-b58d-17dfcc222464,10701,INR,completed,,2026-04-10T16:48:16.146Z,2026-04-10T16:48:16.146Z
a1b26de3-ebd5-4e41-99b1-7b8baf15c1c5,dep-757faa0b-96c8-46ba-a63c-bc0fcadb0f20,,2e25c793-17ff-4230-b58d-17dfcc222464,8266,INR,completed,,2026-04-10T16:48:16.146Z,2026-04-10T16:48:16.146Z
5db649c7-10bf-4581-b5a7-ebc1ffaba185,tx-ae8ec117-0ccc-4476-b8be-062a48d19877,2e25c793-17ff-4230-b58d-17dfcc222464,77f216ae-66bd-4d6b-9dcf-ac7ac8c779cc,643,INR,completed,,2026-04-10T16:48:16.146Z,2026-04-10T16:48:16.146Z
7e105b1b-f724-4b1b-b468-65330f52ff65,tx-2d4b847b-ab4e-47f4-8d74-a9e92cb1c105,d53314e5-d645-464a-99cf-45ed1a35e9fd,8c25909a-227f-4d95-86a1-9033ec6e34a4,1190,INR,completed,,2026-04-10T16:48:16.146Z,2026-04-10T16:48:16.146Z
a35ffc4d-fe16-4eb4-ab7f-96401d1de215,tx-69450268-71df-4dd4-8c18-7b65c30ad42b,dfffab37-7984-45e6-bfd9-bcb0617b8a82,99326bcd-2ed0-4319-b6a7-a9d1ac39f1b2,240,INR,completed,,2026-04-10T16:48:16.146Z,2026-04-10T16:48:16.146Z
41e6cd98-5679-43b5-9cc9-8da54083e0b4,dep-6608e43e-e911-4f86-a97d-32efbb326dd3,,4c9659e2-39a0-491a-9392-94dfda2a7ad5,32974,INR,completed,,2026-04-10T16:48:16.146Z,2026-04-10T16:48:16.146Z
ba629af2-54fc-42b4-b69e-806ee8da8f3a,tx-0849a8e5-20c2-4857-89e5-42992f28ef3b,4f64b206-7b74-44ce-b39f-89049ebd4e3f,8fecc2ac-282e-4044-a1dd-0ef257c60926,2552,INR,completed,,2026-04-11T16:48:16.146Z,2026-04-11T16:48:16.146Z
9e144946-0d9d-4aa7-99fb-b6b215a8ba63,dep-d7dd4d13-2a04-4e64-8fe9-65e49718ce43,,2e25c793-17ff-4230-b58d-17dfcc222464,5906,INR,completed,,2026-04-11T16:48:16.146Z,2026-04-11T16:48:16.146Z
25477f34-754f-4048-9529-1366674b5184,dep-fd092742-c151-47fc-ac00-ea84f71a50d4,,2e25c793-17ff-4230-b58d-17dfcc222464,13145,INR,completed,,2026-04-11T16:48:16.146Z,2026-04-11T16:48:16.146Z
2d789214-77c1-4de8-8561-39f40d5b0a9f,tx-f965fdf7-f60e-4713-a240-6212a396912c,d53314e5-d645-464a-99cf-45ed1a35e9fd,77f216ae-66bd-4d6b-9dcf-ac7ac8c779cc,310,INR,completed,,2026-04-11T16:48:16.146Z,2026-04-11T16:48:16.146Z
24402642-a697-4f5e-8eee-87524154352f,tx-fb0dbc5d-6263-4578-8f9f-c4f6d8ec34de,dfffab37-7984-45e6-bfd9-bcb0617b8a82,68e8cdc4-a89c-4489-9d80-d6345ef95f59,396,INR,completed,,2026-04-11T16:48:16.146Z,2026-04-11T16:48:16.146Z
86fd58c8-c870-47ed-9df4-1dd99d88f31a,dep-71e7af3e-0d7d-4a98-bb3f-66ebbed23054,,4c9659e2-39a0-491a-9392-94dfda2a7ad5,23204,INR,completed,,2026-04-11T16:48:16.146Z,2026-04-11T16:48:16.146Z
af239cc0-cea9-4f49-870c-9f70a804bce0,tx-b55ca74c-6a1e-4d29-9689-f79dc01fb72b,4c9659e2-39a0-491a-9392-94dfda2a7ad5,77f216ae-66bd-4d6b-9dcf-ac7ac8c779cc,134,INR,completed,,2026-04-11T16:48:16.146Z,2026-04-11T16:48:16.146Z
4e60367e-ae34-4348-8ee1-b99c8d1f6f2d,dep-1026b48a-4b7b-4b55-9698-8a79a5b51ae9,,2e25c793-17ff-4230-b58d-17dfcc222464,15334,INR,completed,,2026-04-12T16:48:16.146Z,2026-04-12T16:48:16.146Z
13c3a380-f05a-49f6-82db-16447e18ee3c,dep-caaf7dc4-575b-4ab4-a9c4-b979d021ae9c,,2e25c793-17ff-4230-b58d-17dfcc222464,6080,INR,completed,,2026-04-12T16:48:16.146Z,2026-04-12T16:48:16.146Z
3b87b265-df99-41d0-9b56-80fffd2ac989,dep-53b5243f-8fcf-4741-9f75-61d5cc3226a7,,2e25c793-17ff-4230-b58d-17dfcc222464,7539,INR,completed,,2026-04-12T16:48:16.146Z,2026-04-12T16:48:16.146Z
42454de9-ea09-4265-bd10-2384b1fe1668,dep-c843af76-5d62-44fa-94eb-f073d187c8fb,,dfffab37-7984-45e6-bfd9-bcb0617b8a82,5000,INR,completed,,2026-04-12T16:48:16.146Z,2026-04-12T16:48:16.146Z
e7eb9305-e9fd-41f9-a0a6-1a3287ab776d,dep-09a38136-d38f-4918-9762-048ac3ff91d9,,cc817b0a-5cde-4437-9047-eb0a6c1b8735,4000,INR,completed,,2026-04-12T16:48:16.146Z,2026-04-12T16:48:16.146Z
6309dc6f-97ac-4409-93d1-6f70bd2d6b07,tx-d1769c45-2165-4777-a9ad-272c4adb9191,cc817b0a-5cde-4437-9047-eb0a6c1b8735,99326bcd-2ed0-4319-b6a7-a9d1ac39f1b2,421,INR,completed,,2026-04-12T16:48:16.146Z,2026-04-12T16:48:16.146Z
dffb8c7a-49a4-4eb8-b9ae-1a24742c78fb,tx-9ae53e23-4cb8-483b-b321-226e121e52b5,4c9659e2-39a0-491a-9392-94dfda2a7ad5,a56c78df-bd12-4093-8857-edaaef0c6ac6,8000,INR,completed,,2026-04-12T16:48:16.146Z,2026-04-12T16:48:16.146Z
d1fc0ffc-db4d-4048-8a84-c36732115048,tx-c6c755fc-bcd6-4883-8f5a-12bcfc178845,4c9659e2-39a0-491a-9392-94dfda2a7ad5,8c25909a-227f-4d95-86a1-9033ec6e34a4,415,INR,completed,,2026-04-12T16:48:16.146Z,2026-04-12T16:48:16.146Z
ab3ca22b-af27-44bf-b6b7-497cdebece10,tx-f98deb5c-e2f7-4b91-bd7d-a0dccffdd7df,2e25c793-17ff-4230-b58d-17dfcc222464,77f216ae-66bd-4d6b-9dcf-ac7ac8c779cc,859,INR,completed,,2026-04-13T16:48:16.146Z,2026-04-13T16:48:16.146Z
4e7fe36d-92a1-4f0b-86e3-9569669e5b51,tx-8caca64e-1ee8-42c3-b140-00040edd10a3,d53314e5-d645-464a-99cf-45ed1a35e9fd,8c25909a-227f-4d95-86a1-9033ec6e34a4,1245,INR,completed,,2026-04-13T16:48:16.146Z,2026-04-13T16:48:16.146Z
c9ad3f12-43db-4866-840f-c7978635d803,dep-d0013ad3-617a-4f3b-8cf5-f04b7936bd21,,4c9659e2-39a0-491a-9392-94dfda2a7ad5,27985,INR,completed,,2026-04-13T16:48:16.146Z,2026-04-13T16:48:16.146Z
13de1b9b-6025-4739-8600-fe91567af3d0,tx-49d64c8f-29ae-46d7-bbf1-4efa6379a53c,4c9659e2-39a0-491a-9392-94dfda2a7ad5,77f216ae-66bd-4d6b-9dcf-ac7ac8c779cc,132,INR,completed,,2026-04-13T16:48:16.146Z,2026-04-13T16:48:16.146Z
46b22938-663d-41b0-a4bf-4b69b0f9172f,dep-fe9ad3c1-2bb7-4056-969d-61fe1c0a50eb,,2e25c793-17ff-4230-b58d-17dfcc222464,7816,INR,completed,,2026-04-14T16:48:16.146Z,2026-04-14T16:48:16.146Z
e8d7fb1e-db00-4879-bc36-b809580df857,dep-7a4c95c2-bf9c-4f05-9653-b7560d7e101f,,2e25c793-17ff-4230-b58d-17dfcc222464,12639,INR,completed,,2026-04-14T16:48:16.146Z,2026-04-14T16:48:16.146Z
86f183c7-7659-4ff7-afbd-508edba89396,tx-6d233342-a3f5-4270-a4b1-2a17a2fbfbbc,2e25c793-17ff-4230-b58d-17dfcc222464,8c25909a-227f-4d95-86a1-9033ec6e34a4,297,INR,completed,,2026-04-14T16:48:16.146Z,2026-04-14T16:48:16.146Z
788ff35d-abae-432b-8b6c-12493e1bce8d,tx-d3687af6-2c1c-40c4-a9dd-336266514da8,cc817b0a-5cde-4437-9047-eb0a6c1b8735,99326bcd-2ed0-4319-b6a7-a9d1ac39f1b2,423,INR,completed,,2026-04-14T16:48:16.146Z,2026-04-14T16:48:16.146Z
ae7de396-3a02-44f6-99c4-febf56c117b6,dep-a49fe44b-14cb-400f-b700-24cf86f7e780,,2e25c793-17ff-4230-b58d-17dfcc222464,16596,INR,completed,,2026-04-15T16:48:16.146Z,2026-04-15T16:48:16.146Z
2312c392-e52c-444b-860e-fb09046e6ccf,tx-127b8b69-19f4-4b59-89d6-7e022510b36f,2e25c793-17ff-4230-b58d-17dfcc222464,78d754c3-7421-45c6-af19-62af10c7d7a7,29817,INR,completed,,2026-04-15T16:48:16.146Z,2026-04-15T16:48:16.146Z
2a0dfa8a-ae43-46bb-ac03-37969b86b0e5,tx-2bbf5387-020d-4285-828f-b06900b182ba,2e25c793-17ff-4230-b58d-17dfcc222464,8c25909a-227f-4d95-86a1-9033ec6e34a4,407,INR,completed,,2026-04-15T16:48:16.146Z,2026-04-15T16:48:16.146Z
6b1e5493-5099-4135-866d-eda6f4f3f264,tx-3d3ebdc1-de32-4939-b209-32ac121db93d,d53314e5-d645-464a-99cf-45ed1a35e9fd,99326bcd-2ed0-4319-b6a7-a9d1ac39f1b2,581,INR,completed,,2026-04-15T16:48:16.146Z,2026-04-15T16:48:16.146Z
2bc66a57-0655-4864-88f8-7c49657a392a,tx-5093934d-9dde-4352-9e3b-364d3e498173,dfffab37-7984-45e6-bfd9-bcb0617b8a82,99326bcd-2ed0-4319-b6a7-a9d1ac39f1b2,274,INR,completed,,2026-04-15T16:48:16.146Z,2026-04-15T16:48:16.146Z
a91a948d-9882-47b8-bf44-b9ced010f0df,tx-3e21c6ab-c8d1-410e-93b2-de13b2a004a2,cc817b0a-5cde-4437-9047-eb0a6c1b8735,99326bcd-2ed0-4319-b6a7-a9d1ac39f1b2,269,INR,completed,,2026-04-15T16:48:16.146Z,2026-04-15T16:48:16.146Z
3bf997bc-9dd3-4667-8ece-1db3b7687319,tx-9334914d-2803-41d3-b4dc-a8ac3ed974e1,4c9659e2-39a0-491a-9392-94dfda2a7ad5,68e8cdc4-a89c-4489-9d80-d6345ef95f59,2675,INR,completed,,2026-04-15T16:48:16.146Z,2026-04-15T16:48:16.146Z
9e8d6bde-d636-449f-b723-14e36fe56007,tx-4d77c0b6-e65c-4727-b201-1df5de6e7273,4c9659e2-39a0-491a-9392-94dfda2a7ad5,99326bcd-2ed0-4319-b6a7-a9d1ac39f1b2,314,INR,completed,,2026-04-15T16:48:16.146Z,2026-04-15T16:48:16.146Z
c4f0f92b-ced8-448d-a0d5-ad59c20b4278,dep-ab04453b-52a3-4ac7-a769-a9eff2c88047,,2e25c793-17ff-4230-b58d-17dfcc222464,15675,INR,completed,,2026-04-16T16:48:16.146Z,2026-04-16T16:48:16.146Z
d62c7075-08f1-44a5-bf28-2de5a7fa3f2e,tx-86a4bdca-e06a-4c8d-a909-e22d09ce21d5,2e25c793-17ff-4230-b58d-17dfcc222464,68e8cdc4-a89c-4489-9d80-d6345ef95f59,3442,INR,completed,,2026-04-16T16:48:16.146Z,2026-04-16T16:48:16.146Z
2e055ba1-0c81-44c5-b1ae-6165c769e6af,tx-15cb9456-d71a-47a0-a4a9-7cf2215fe08d,d53314e5-d645-464a-99cf-45ed1a35e9fd,68e8cdc4-a89c-4489-9d80-d6345ef95f59,1123,INR,completed,,2026-04-16T16:48:16.146Z,2026-04-16T16:48:16.146Z
c0efec70-e8b8-493e-8e73-b74a04e4da19,tx-b5222dfa-cb18-4c05-95de-667f5e17cd9b,4c9659e2-39a0-491a-9392-94dfda2a7ad5,8fecc2ac-282e-4044-a1dd-0ef257c60926,1683,INR,completed,,2026-04-16T16:48:16.146Z,2026-04-16T16:48:16.146Z
5bf63798-568c-4dfc-bcde-5e6ad2dc1c6b,tx-dd371057-3e94-4585-abdc-660e539b2b8f,4f64b206-7b74-44ce-b39f-89049ebd4e3f,99326bcd-2ed0-4319-b6a7-a9d1ac39f1b2,354,INR,completed,,2026-04-17T16:48:16.146Z,2026-04-17T16:48:16.146Z
02f47f0e-474e-4505-9ad1-0e28b8d0984e,dep-6425b637-7f02-49ec-89f9-388a82078cf2,,2e25c793-17ff-4230-b58d-17dfcc222464,11889,INR,completed,,2026-04-17T16:48:16.146Z,2026-04-17T16:48:16.146Z
8805d199-6208-430a-9f33-46a7b5971350,dep-a003fb25-e95f-4195-b44b-f633a7406afb,,2e25c793-17ff-4230-b58d-17dfcc222464,5381,INR,completed,,2026-04-17T16:48:16.146Z,2026-04-17T16:48:16.146Z
e9b71fcc-5f09-4908-b420-f5db9432d62b,dep-5db35877-4b38-457a-9f37-d0f85a2322f4,,2e25c793-17ff-4230-b58d-17dfcc222464,16652,INR,completed,,2026-04-17T16:48:16.146Z,2026-04-17T16:48:16.146Z
92b7348d-557b-4b96-b185-2cf93b3e8e46,tx-ed848b2d-569f-4977-bce9-9c346696c5dd,2e25c793-17ff-4230-b58d-17dfcc222464,77f216ae-66bd-4d6b-9dcf-ac7ac8c779cc,479,INR,completed,,2026-04-17T16:48:16.146Z,2026-04-17T16:48:16.146Z
f59d6ae8-57f4-49bc-8118-68851bfd2298,tx-1a70f68d-08e4-4fab-9a05-ac2cd88f970f,dfffab37-7984-45e6-bfd9-bcb0617b8a82,68e8cdc4-a89c-4489-9d80-d6345ef95f59,1011,INR,completed,,2026-04-17T16:48:16.146Z,2026-04-17T16:48:16.146Z
79fa271e-0564-43d2-b8b6-d676c3fc7c4c,tx-b633ead4-b13f-4910-b007-9850c8c6c9aa,4f64b206-7b74-44ce-b39f-89049ebd4e3f,8fecc2ac-282e-4044-a1dd-0ef257c60926,1886,INR,completed,,2026-04-18T16:48:16.146Z,2026-04-18T16:48:16.146Z
8df4bc6a-9782-4b06-93a1-dbc52183b5f2,tx-45fa63c0-c624-49ee-b1f3-ba1393abd698,4f64b206-7b74-44ce-b39f-89049ebd4e3f,68e8cdc4-a89c-4489-9d80-d6345ef95f59,1197,INR,completed,,2026-04-18T16:48:16.146Z,2026-04-18T16:48:16.146Z
1e241b99-a0c2-4f5f-bd7f-6c38f8fa64e9,tx-063c5fe4-4421-46cc-b649-6ff554844c20,2e25c793-17ff-4230-b58d-17dfcc222464,8c25909a-227f-4d95-86a1-9033ec6e34a4,312,INR,completed,,2026-04-18T16:48:16.146Z,2026-04-18T16:48:16.146Z
fd741272-dded-49f8-b6c8-96c46d773287,tx-e45958b5-d675-45cb-995d-7c6ea9a68430,cc817b0a-5cde-4437-9047-eb0a6c1b8735,99326bcd-2ed0-4319-b6a7-a9d1ac39f1b2,435,INR,completed,,2026-04-18T16:48:16.146Z,2026-04-18T16:48:16.146Z
a93bbadb-c060-4d95-8b90-671f9f1c11be,dep-08d90172-22e8-42d5-8827-971f43644bf5,,dfffab37-7984-45e6-bfd9-bcb0617b8a82,5000,INR,completed,,2026-04-19T16:48:16.146Z,2026-04-19T16:48:16.146Z
5248cb28-7eed-4d8f-b926-421d61a75184,dep-1f7e3a8d-7be2-4f87-94b2-364767260b77,,cc817b0a-5cde-4437-9047-eb0a6c1b8735,4000,INR,completed,,2026-04-19T16:48:16.146Z,2026-04-19T16:48:16.146Z
74c7c70d-0df4-4c20-8308-53f53c5b7bce,tx-876b8018-8f48-4670-9193-dc8f3651e628,4c9659e2-39a0-491a-9392-94dfda2a7ad5,8c25909a-227f-4d95-86a1-9033ec6e34a4,321,INR,completed,,2026-04-19T16:48:16.146Z,2026-04-19T16:48:16.146Z
0b08820b-077c-4a93-81cf-afd7bb389cf1,dep-1a8eda07-51c2-4a14-ab79-2cc507537c32,,2e25c793-17ff-4230-b58d-17dfcc222464,10021,INR,completed,,2026-04-20T16:48:16.146Z,2026-04-20T16:48:16.146Z
2de7d0a9-4e25-4d23-aeba-fc65641b94f4,tx-89eb2e29-65a2-4150-8eda-13211d0c169f,cc817b0a-5cde-4437-9047-eb0a6c1b8735,dfffab37-7984-45e6-bfd9-bcb0617b8a82,208,INR,completed,,2026-04-20T16:48:16.146Z,2026-04-20T16:48:16.146Z
ca94fb15-d0d9-4926-8b80-81648a3df9c2,dep-529515a3-15af-4cc2-a63e-9cf460d0a4d2,,2e25c793-17ff-4230-b58d-17dfcc222464,16112,INR,completed,,2026-04-21T16:48:16.146Z,2026-04-21T16:48:16.146Z
0061ed23-5638-4e20-8063-ffa0234f4699,dep-4edeea64-85aa-47ab-9f82-2a30188510df,,2e25c793-17ff-4230-b58d-17dfcc222464,9486,INR,completed,,2026-04-21T16:48:16.146Z,2026-04-21T16:48:16.146Z
4025699a-3666-41c9-b608-282ae2e4b49b,tx-ec1df8c6-3671-4363-a05a-c24294560e8b,2e25c793-17ff-4230-b58d-17dfcc222464,77f216ae-66bd-4d6b-9dcf-ac7ac8c779cc,665,INR,completed,,2026-04-21T16:48:16.146Z,2026-04-21T16:48:16.146Z
6ed33928-6e12-48cd-9f7b-de3585506655,tx-ae589a62-586c-4f5b-81a2-bfa0fd8d26af,4c9659e2-39a0-491a-9392-94dfda2a7ad5,99326bcd-2ed0-4319-b6a7-a9d1ac39f1b2,372,INR,completed,,2026-04-21T16:48:16.146Z,2026-04-21T16:48:16.146Z
986c6b1c-701a-4537-83aa-feda47106da4,dep-e7da58e2-1183-46dc-b27f-05eb14be7fa0,,2e25c793-17ff-4230-b58d-17dfcc222464,9136,INR,completed,,2026-04-22T16:48:16.146Z,2026-04-22T16:48:16.146Z
eab48b2f-9958-4c99-8a89-5116816422af,tx-b57b8ed0-7dc7-4544-917f-9edc5144ef05,2e25c793-17ff-4230-b58d-17dfcc222464,77f216ae-66bd-4d6b-9dcf-ac7ac8c779cc,516,INR,completed,,2026-04-22T16:48:16.146Z,2026-04-22T16:48:16.146Z
3c6a6afc-b2a1-42af-b486-7a3c4f4e27dd,dep-25b48b42-9034-4408-bb93-b1fa06bdc701,,2e25c793-17ff-4230-b58d-17dfcc222464,25.8,INR,completed,,2026-04-22T16:48:16.146Z,2026-04-22T16:48:16.146Z
823fb465-a365-4a73-99ac-306519d45845,tx-425fcb24-9b1a-4f3d-977d-db7ed15bb0cb,d53314e5-d645-464a-99cf-45ed1a35e9fd,77f216ae-66bd-4d6b-9dcf-ac7ac8c779cc,391,INR,completed,,2026-04-22T16:48:16.146Z,2026-04-22T16:48:16.146Z
e785a7e3-d707-411e-a155-6824f7bcffb3,dep-0bc2f893-d19a-49cd-ace4-9ada53ed6756,,4c9659e2-39a0-491a-9392-94dfda2a7ad5,29127,INR,completed,,2026-04-22T16:48:16.146Z,2026-04-22T16:48:16.146Z
e2432d8c-7713-4117-878a-a5610c666d70,tx-9aefacc7-1f1b-4651-b783-9d64254c6605,4c9659e2-39a0-491a-9392-94dfda2a7ad5,8fecc2ac-282e-4044-a1dd-0ef257c60926,861,INR,completed,,2026-04-22T16:48:16.146Z,2026-04-22T16:48:16.146Z
7d928ca1-6ab3-43f9-a494-b7006c3fdea9,tx-a2470253-aa87-43e7-bf79-563f62234288,4f64b206-7b74-44ce-b39f-89049ebd4e3f,99326bcd-2ed0-4319-b6a7-a9d1ac39f1b2,574,INR,completed,,2026-04-23T16:48:16.146Z,2026-04-23T16:48:16.146Z
b2ab3bad-52bb-4b49-a93b-8f95a195ae7e,dep-b895a84e-ad0a-4815-9c3f-3fa2034a714f,,2e25c793-17ff-4230-b58d-17dfcc222464,5497,INR,completed,,2026-04-23T16:48:16.146Z,2026-04-23T16:48:16.146Z
f9e40f82-338b-44cc-b7cf-6697f7e6713a,dep-b262781d-90cd-4da7-983a-20dc08dde528,,2e25c793-17ff-4230-b58d-17dfcc222464,16657,INR,completed,,2026-04-23T16:48:16.146Z,2026-04-23T16:48:16.146Z
35a84268-93af-4937-a3e2-da1b15d98c50,dep-e9dedbc6-455b-4274-9e4e-7381465366f9,,4c9659e2-39a0-491a-9392-94dfda2a7ad5,21380,INR,completed,,2026-04-23T16:48:16.146Z,2026-04-23T16:48:16.146Z
2c03dbcc-a188-47b7-9330-5e505f4361fe,dep-5abdcf22-b36e-445c-becd-9b512acc05ef,,2e25c793-17ff-4230-b58d-17dfcc222464,9297,INR,completed,,2026-04-24T16:48:16.146Z,2026-04-24T16:48:16.146Z
3cef559a-22b7-43a3-b37e-9759ca795ef8,dep-60baba31-1cd5-4ea4-9415-d0ed4d80d8ca,,2e25c793-17ff-4230-b58d-17dfcc222464,4729,INR,completed,,2026-04-24T16:48:16.146Z,2026-04-24T16:48:16.146Z
9d1399d6-68f4-4c6d-83b5-5948104d66a9,tx-53b37ab7-af71-489d-88d9-c42a57eb0614,2e25c793-17ff-4230-b58d-17dfcc222464,68e8cdc4-a89c-4489-9d80-d6345ef95f59,4342,INR,completed,,2026-04-24T16:48:16.146Z,2026-04-24T16:48:16.146Z
4b827c7b-5d59-4d55-9a34-84c9ea7ba319,tx-f582888f-a415-4c93-a064-4be1afa8944c,dfffab37-7984-45e6-bfd9-bcb0617b8a82,68e8cdc4-a89c-4489-9d80-d6345ef95f59,430,INR,completed,,2026-04-24T16:48:16.146Z,2026-04-24T16:48:16.146Z
547a23f2-c9c3-4110-9c1e-510a014adfb2,tx-dc4c6d08-14fa-48c2-a29c-75392117e85e,cc817b0a-5cde-4437-9047-eb0a6c1b8735,dfffab37-7984-45e6-bfd9-bcb0617b8a82,53,INR,completed,,2026-04-24T16:48:16.146Z,2026-04-24T16:48:16.146Z
b68469e6-737e-4cbc-a31d-76f10f30e350,tx-d7d21eff-62d7-49e4-81f6-9fcd46a33a8c,4c9659e2-39a0-491a-9392-94dfda2a7ad5,77f216ae-66bd-4d6b-9dcf-ac7ac8c779cc,339,INR,completed,,2026-04-24T16:48:16.146Z,2026-04-24T16:48:16.146Z
9fdd92d1-335a-4791-bc75-44dcc5ae00a2,tx-a71a99ea-b570-478b-84d4-fb294297969c,4f64b206-7b74-44ce-b39f-89049ebd4e3f,8fecc2ac-282e-4044-a1dd-0ef257c60926,2225,INR,completed,,2026-04-25T16:48:16.146Z,2026-04-25T16:48:16.146Z
f20650e2-dc66-4309-8826-dfdf52ad1de2,tx-db455aff-9270-4568-b53f-389fce4b5231,4f64b206-7b74-44ce-b39f-89049ebd4e3f,77f216ae-66bd-4d6b-9dcf-ac7ac8c779cc,547,INR,completed,,2026-04-25T16:48:16.146Z,2026-04-25T16:48:16.146Z
748c96f9-4673-4eae-a3e9-675de2f7b283,dep-fd72f97a-e9df-487a-b4f4-80f054050fb2,,2e25c793-17ff-4230-b58d-17dfcc222464,4752,INR,completed,,2026-04-25T16:48:16.146Z,2026-04-25T16:48:16.146Z
b1d42fe8-8640-41df-a575-5565e1bffa27,tx-458b2dc3-bff1-4fc2-875f-61ee3acfc7c1,2e25c793-17ff-4230-b58d-17dfcc222464,78d754c3-7421-45c6-af19-62af10c7d7a7,55419,INR,completed,,2026-04-25T16:48:16.146Z,2026-04-25T16:48:16.146Z
7e674f5e-c519-4fe1-bd1d-63e6513b3645,tx-19c82cd2-4488-4002-9e93-f65386811dc1,dfffab37-7984-45e6-bfd9-bcb0617b8a82,99326bcd-2ed0-4319-b6a7-a9d1ac39f1b2,168,INR,completed,,2026-04-25T16:48:16.146Z,2026-04-25T16:48:16.146Z
e9a06d9d-9026-4cca-a321-9810172eadf2,dep-e4e26452-5845-4d65-b4e4-7e76685ebc39,,4c9659e2-39a0-491a-9392-94dfda2a7ad5,24409,INR,completed,,2026-04-25T16:48:16.146Z,2026-04-25T16:48:16.146Z
1868ed35-1eaf-4363-b024-6eb70a3d704a,tx-53cfa5bb-cfa7-4aef-9099-ffbcb1c87196,4c9659e2-39a0-491a-9392-94dfda2a7ad5,99326bcd-2ed0-4319-b6a7-a9d1ac39f1b2,473,INR,completed,,2026-04-25T16:48:16.146Z,2026-04-25T16:48:16.146Z
50173732-095e-4020-ba3a-97173c4cc52d,dep-7a0da6c1-9de4-4719-bcf7-0781bfbe7386,,2e25c793-17ff-4230-b58d-17dfcc222464,6087,INR,completed,,2026-04-26T16:48:16.146Z,2026-04-26T16:48:16.146Z
7e5aa9fb-7d82-4187-aed7-f491fb548ae7,dep-0b8f3d96-56a8-4cab-aa1b-7c7d00578f98,,2e25c793-17ff-4230-b58d-17dfcc222464,5102,INR,completed,,2026-04-26T16:48:16.146Z,2026-04-26T16:48:16.146Z
bc7d6bf1-5eb1-4487-b4a3-ec2835c07c19,dep-07cc6200-4362-479b-b258-5bb2c932ad81,,dfffab37-7984-45e6-bfd9-bcb0617b8a82,5000,INR,completed,,2026-04-26T16:48:16.146Z,2026-04-26T16:48:16.146Z
1722c5ca-1407-4ea6-8f8c-da2d334bffd1,dep-38a32a69-545b-4d3c-bb1e-9ff0bee5ecde,,cc817b0a-5cde-4437-9047-eb0a6c1b8735,4000,INR,completed,,2026-04-26T16:48:16.146Z,2026-04-26T16:48:16.146Z
f0ac505b-24af-4b1f-bef6-a8cf48f02bd3,tx-5c1fc4d3-f544-4b4f-8cb0-5137e45edbd2,4c9659e2-39a0-491a-9392-94dfda2a7ad5,77f216ae-66bd-4d6b-9dcf-ac7ac8c779cc,216,INR,completed,,2026-04-26T16:48:16.146Z,2026-04-26T16:48:16.146Z
a5bb6ce8-596c-42dd-8893-f08e42644352,dep-133793fe-c7a8-477c-bde5-7079cb915baa,,4c9659e2-39a0-491a-9392-94dfda2a7ad5,10.8,INR,completed,,2026-04-26T16:48:16.146Z,2026-04-26T16:48:16.146Z
d8070ad1-1b10-44ee-b311-abdbdd608dd4,tx-9a03a121-faa2-4e03-be5b-80732049d7ee,4f64b206-7b74-44ce-b39f-89049ebd4e3f,99326bcd-2ed0-4319-b6a7-a9d1ac39f1b2,649,INR,completed,,2026-04-27T16:48:16.146Z,2026-04-27T16:48:16.146Z
a1a477e8-0b12-4e43-a170-849ee5449482,dep-6bac8e12-002b-4626-88dd-94f79f9bc2f5,,2e25c793-17ff-4230-b58d-17dfcc222464,4804,INR,completed,,2026-04-27T16:48:16.146Z,2026-04-27T16:48:16.146Z
fa05f4a9-4f6c-4c5a-9851-ec6617238e2f,dep-0d7177ff-5508-4f93-baf0-94c573aa8c92,,2e25c793-17ff-4230-b58d-17dfcc222464,16116,INR,completed,,2026-04-27T16:48:16.146Z,2026-04-27T16:48:16.146Z
c0f6822a-1f14-4bac-ba78-5341c1a0e9f9,tx-c7465de8-5a66-46e2-a90e-0d5210f68108,dfffab37-7984-45e6-bfd9-bcb0617b8a82,68e8cdc4-a89c-4489-9d80-d6345ef95f59,868,INR,completed,,2026-04-27T16:48:16.146Z,2026-04-27T16:48:16.146Z
f553f08d-4113-4ac4-b3bc-05ddf0db514d,tx-b9eb8bd3-7eef-4c2b-a752-0abb7998eb6d,cc817b0a-5cde-4437-9047-eb0a6c1b8735,dfffab37-7984-45e6-bfd9-bcb0617b8a82,221,INR,completed,,2026-04-27T16:48:16.146Z,2026-04-27T16:48:16.146Z
03d67366-26e0-4533-a068-9758726c5114,tx-2d1582e1-9643-466e-8ce6-8fd882051b8d,4c9659e2-39a0-491a-9392-94dfda2a7ad5,8c25909a-227f-4d95-86a1-9033ec6e34a4,251,INR,completed,,2026-04-27T16:48:16.146Z,2026-04-27T16:48:16.146Z
a20009d4-f025-4c79-80b7-d1a71adc9be9,dep-cb7da51c-06a9-4a7b-ad3a-e6fab40fb5f6,,2e25c793-17ff-4230-b58d-17dfcc222464,7713,INR,completed,,2026-04-28T16:48:16.146Z,2026-04-28T16:48:16.146Z
9866dbfa-8399-4d53-9a3d-d55148eadce9,dep-cde3dc3b-93a0-4188-9e05-a386507f21b1,,2e25c793-17ff-4230-b58d-17dfcc222464,13755,INR,completed,,2026-04-28T16:48:16.146Z,2026-04-28T16:48:16.146Z
1d069852-d757-4e5b-895a-6017b814f461,tx-422aa22e-f163-4548-8150-9236aef7f1c3,2e25c793-17ff-4230-b58d-17dfcc222464,77f216ae-66bd-4d6b-9dcf-ac7ac8c779cc,825,INR,completed,,2026-04-28T16:48:16.146Z,2026-04-28T16:48:16.146Z
397d6d9e-7c9c-4a26-ae61-c73e21964871,tx-2f54b501-7426-43eb-b46c-38a348153279,d53314e5-d645-464a-99cf-45ed1a35e9fd,68e8cdc4-a89c-4489-9d80-d6345ef95f59,2481,INR,completed,,2026-04-28T16:48:16.146Z,2026-04-28T16:48:16.146Z
bcb5fd4d-6e9f-4318-9d9b-5517c349e1ef,tx-12b0d798-07ef-4618-8425-fcda8c6804d6,dfffab37-7984-45e6-bfd9-bcb0617b8a82,77f216ae-66bd-4d6b-9dcf-ac7ac8c779cc,132,INR,completed,,2026-04-28T16:48:16.146Z,2026-04-28T16:48:16.146Z
f8af947d-b4c5-4893-be28-82d054da88b1,dep-44ba107d-311f-4679-83ae-1235df0966ee,,2e25c793-17ff-4230-b58d-17dfcc222464,7028,INR,completed,,2026-04-29T16:48:16.146Z,2026-04-29T16:48:16.146Z
81564410-a585-4e86-ba80-7991e8cd78f7,dep-5ab3a759-e397-44f6-b4a6-db3cc4c14af1,,2e25c793-17ff-4230-b58d-17dfcc222464,4905,INR,completed,,2026-04-29T16:48:16.146Z,2026-04-29T16:48:16.146Z
bd4184af-1d33-4a85-ba68-bf1c8c233b91,dep-645bd561-8a68-4853-9019-a8a30198f8e5,,2e25c793-17ff-4230-b58d-17dfcc222464,6579,INR,completed,,2026-04-29T16:48:16.146Z,2026-04-29T16:48:16.146Z
38412742-ccc6-4d93-92d3-88a46db34198,tx-fbb8a4ef-fcc6-4a91-af64-c50144715584,cc817b0a-5cde-4437-9047-eb0a6c1b8735,99326bcd-2ed0-4319-b6a7-a9d1ac39f1b2,413,INR,completed,,2026-04-29T16:48:16.146Z,2026-04-29T16:48:16.146Z
c6fbed46-163b-414e-a164-870f87d02a68,tx-b8eb8af0-253a-43f4-82dd-14bb57bc495f,4c9659e2-39a0-491a-9392-94dfda2a7ad5,8c25909a-227f-4d95-86a1-9033ec6e34a4,205,INR,completed,,2026-04-29T16:48:16.146Z,2026-04-29T16:48:16.146Z
422a02bf-3eda-4af3-a833-750dddb6be24,tx-1fd6063d-f5db-4c94-936b-f31b4c0f72d0,2e25c793-17ff-4230-b58d-17dfcc222464,68e8cdc4-a89c-4489-9d80-d6345ef95f59,7238,INR,completed,,2026-04-30T16:48:16.146Z,2026-04-30T16:48:16.146Z
449c32f2-7294-40e5-8272-fb7e031d18a1,tx-a606e5b2-ec77-4376-a843-6d6fce897751,4c9659e2-39a0-491a-9392-94dfda2a7ad5,8fecc2ac-282e-4044-a1dd-0ef257c60926,955,INR,completed,,2026-04-30T16:48:16.146Z,2026-04-30T16:48:16.146Z
236964ad-b560-4cb8-aaa5-b5710a5e696b,dep-f021a218-1fe0-46f5-92f5-f63aa78541ee,,4f64b206-7b74-44ce-b39f-89049ebd4e3f,85000,INR,completed,,2026-05-01T16:48:16.146Z,2026-05-01T16:48:16.146Z
9b6281f8-08cf-4a22-b783-24b0d84fe811,tx-4cc4d0db-7ecb-4692-b5da-75f0dd3f77eb,4f64b206-7b74-44ce-b39f-89049ebd4e3f,99326bcd-2ed0-4319-b6a7-a9d1ac39f1b2,510,INR,completed,,2026-05-01T16:48:16.146Z,2026-05-01T16:48:16.146Z
b7a92dc1-1bf7-4343-90de-686c30303cb7,dep-93c863b4-328e-4ea6-8fa2-48953d3bc6cc,,2e25c793-17ff-4230-b58d-17dfcc222464,17426,INR,completed,,2026-05-01T16:48:16.146Z,2026-05-01T16:48:16.146Z
eb6fbc24-69fa-4364-aab3-6947e6a29160,dep-77a5d042-26e8-4acb-95de-d35e013fecfc,,d53314e5-d645-464a-99cf-45ed1a35e9fd,120000,INR,completed,,2026-05-01T16:48:16.146Z,2026-05-01T16:48:16.146Z
c1b436be-7154-4315-afea-709da68e0bf6,tx-31f0bddc-ce2f-4558-b2cd-a3adf2b98cc8,d53314e5-d645-464a-99cf-45ed1a35e9fd,99326bcd-2ed0-4319-b6a7-a9d1ac39f1b2,631,INR,completed,,2026-05-01T16:48:16.146Z,2026-05-01T16:48:16.146Z
9a7b40d6-6bfd-4f50-841e-a7b22698ee89,tx-4da8d9ab-71ac-4d9c-97d7-57ad5dbf62fb,4c9659e2-39a0-491a-9392-94dfda2a7ad5,8c25909a-227f-4d95-86a1-9033ec6e34a4,433,INR,completed,,2026-05-01T16:48:16.146Z,2026-05-01T16:48:16.146Z
0f3a94fd-0391-46a1-98c2-e76781bab01b,tx-622405ae-0ec1-4b2f-9e6b-95aed579dd6c,4f64b206-7b74-44ce-b39f-89049ebd4e3f,8fecc2ac-282e-4044-a1dd-0ef257c60926,1977,INR,completed,,2026-05-02T16:48:16.146Z,2026-05-02T16:48:16.146Z
fe86ef3b-2b5a-4664-a08d-6c2904e2ae1d,dep-551ffad3-dd6b-4825-b604-bd465aae6ee9,,2e25c793-17ff-4230-b58d-17dfcc222464,12308,INR,completed,,2026-05-02T16:48:16.146Z,2026-05-02T16:48:16.146Z
d906e643-97c9-49e8-8e86-d9925dcebad4,tx-39342da3-1ec8-4cb0-9141-cf5f6f94d4de,2e25c793-17ff-4230-b58d-17dfcc222464,396aaa88-f522-47e1-a4dd-f2107cc69e7a,35000,INR,completed,,2026-05-02T16:48:16.146Z,2026-05-02T16:48:16.146Z
a5369cc6-6bd8-426a-a7fc-1d1a676b0b25,tx-eaf03f85-b67d-4956-9504-4b5ef4c114de,4f64b206-7b74-44ce-b39f-89049ebd4e3f,396aaa88-f522-47e1-a4dd-f2107cc69e7a,25000,INR,completed,,2026-05-03T16:48:16.146Z,2026-05-03T16:48:16.146Z
f261718a-c62b-4d31-a087-4c2099c8bb32,dep-84f9aca6-23cd-4ac4-aa72-7825fa31bd16,,dfffab37-7984-45e6-bfd9-bcb0617b8a82,5000,INR,completed,,2026-05-03T16:48:16.146Z,2026-05-03T16:48:16.146Z
d4866833-d1c6-4c11-b4b9-4b6623f6ebdf,dep-88e68bc6-86df-4fcd-886f-cb0135a7e2f3,,cc817b0a-5cde-4437-9047-eb0a6c1b8735,4000,INR,completed,,2026-05-03T16:48:16.146Z,2026-05-03T16:48:16.146Z
7c9390dd-ab5d-4174-a0ed-a7d72019fadc,tx-23e16b9e-9e36-4bdd-918f-6bb09e57fdf0,4c9659e2-39a0-491a-9392-94dfda2a7ad5,99326bcd-2ed0-4319-b6a7-a9d1ac39f1b2,379,INR,completed,,2026-05-03T16:48:16.146Z,2026-05-03T16:48:16.146Z
98ec8c52-dcff-4f97-bda1-d959c2775129,tx-ed1d2e48-027e-41a4-9834-7eed76254b09,4f64b206-7b74-44ce-b39f-89049ebd4e3f,99326bcd-2ed0-4319-b6a7-a9d1ac39f1b2,379,INR,completed,,2026-05-04T16:48:16.146Z,2026-05-04T16:48:16.146Z
24b7e4a1-ec1c-475e-9780-a3e365f23a56,dep-252834b6-cc9c-4e25-bcd9-19f55be35d89,,2e25c793-17ff-4230-b58d-17dfcc222464,14675,INR,completed,,2026-05-04T16:48:16.146Z,2026-05-04T16:48:16.146Z
6d72e0c3-18b7-4f4e-af8b-821e11ebca07,tx-6cd761ff-dcc2-4415-8d36-aa5af16aa84a,cc817b0a-5cde-4437-9047-eb0a6c1b8735,68e8cdc4-a89c-4489-9d80-d6345ef95f59,317,INR,completed,,2026-05-04T16:48:16.146Z,2026-05-04T16:48:16.146Z
4aa53a53-0865-423f-b0c7-9ab4986d1ad0,tx-02b41638-864b-47d3-b06f-b48ab88598b4,4c9659e2-39a0-491a-9392-94dfda2a7ad5,8fecc2ac-282e-4044-a1dd-0ef257c60926,1676,INR,completed,,2026-05-04T16:48:16.146Z,2026-05-04T16:48:16.146Z
0799c720-29dd-4bd3-8e45-fcc2febd624b,tx-5bc0524d-7807-4a92-937f-aa66e00371a0,4f64b206-7b74-44ce-b39f-89049ebd4e3f,0e5d4bb0-d613-443b-beef-163eb4214b67,4601,INR,completed,,2026-05-05T16:48:16.146Z,2026-05-05T16:48:16.146Z
1f16c7fb-7292-4e74-8f89-7c90fa597901,dep-fbfd1984-15aa-4e56-b15b-2d8dc6b9f668,,2e25c793-17ff-4230-b58d-17dfcc222464,6118,INR,completed,,2026-05-05T16:48:16.146Z,2026-05-05T16:48:16.146Z
fe8a2e49-43d9-4c21-9ed5-b5e046fcd180,tx-2e5d746c-6e7f-4de7-9762-03e61201e476,2e25c793-17ff-4230-b58d-17dfcc222464,78d754c3-7421-45c6-af19-62af10c7d7a7,41563,INR,completed,,2026-05-05T16:48:16.146Z,2026-05-05T16:48:16.146Z
c0dd2d93-0e53-4b92-b2b2-c2a7df989725,tx-9401864b-6a05-4dd9-89e8-ce56593cf92c,2e25c793-17ff-4230-b58d-17dfcc222464,68e8cdc4-a89c-4489-9d80-d6345ef95f59,6354,INR,completed,,2026-05-05T16:48:16.146Z,2026-05-05T16:48:16.146Z
8da76f69-35d3-478a-aa4d-8460f31ada82,tx-83bcf194-5bd7-4f48-b378-a8c43ef10b40,cc817b0a-5cde-4437-9047-eb0a6c1b8735,99326bcd-2ed0-4319-b6a7-a9d1ac39f1b2,282,INR,completed,,2026-05-05T16:48:16.146Z,2026-05-05T16:48:16.146Z
dd4e90a6-8a80-43d0-8be6-48bb0fb57fd8,tx-1f60b5d3-ee54-4423-9160-1416a63a10f4,4c9659e2-39a0-491a-9392-94dfda2a7ad5,8fecc2ac-282e-4044-a1dd-0ef257c60926,1190,INR,completed,,2026-05-05T16:48:16.146Z,2026-05-05T16:48:16.146Z
9a0df933-0b08-4f31-8f36-47340168d235,tx-07185c1e-7a78-4f21-88f4-c641b88f1a40,dfffab37-7984-45e6-bfd9-bcb0617b8a82,77f216ae-66bd-4d6b-9dcf-ac7ac8c779cc,127,INR,completed,,2026-05-06T16:48:16.146Z,2026-05-06T16:48:16.146Z
18b30146-3828-4510-b40c-f303c10bf81a,tx-e678111d-d051-43cf-ad49-70b0cfac2b6a,4f64b206-7b74-44ce-b39f-89049ebd4e3f,68e8cdc4-a89c-4489-9d80-d6345ef95f59,1067,INR,completed,,2026-05-07T16:48:16.146Z,2026-05-07T16:48:16.146Z
9368d3dc-85f4-4e8d-a849-7bd9e5fdfd4a,dep-416c08ab-b575-48f8-aa54-c80966691b0f,,2e25c793-17ff-4230-b58d-17dfcc222464,14160,INR,completed,,2026-05-07T16:48:16.146Z,2026-05-07T16:48:16.146Z
1c74f6f1-bc8b-40f0-8e1e-12ab9a82952f,dep-ab0ba2aa-ae70-4e7a-ab3f-4a00612a4bc8,,2e25c793-17ff-4230-b58d-17dfcc222464,7357,INR,completed,,2026-05-07T16:48:16.146Z,2026-05-07T16:48:16.146Z
0207c7d2-92bc-4897-aa2c-fa50e5f16a67,tx-ef2a3924-3684-455a-ba0d-a4575e2dfea6,2e25c793-17ff-4230-b58d-17dfcc222464,655846c2-aeb1-41c7-b562-4937ad6f5c8b,18000,INR,completed,,2026-05-07T16:48:16.146Z,2026-05-07T16:48:16.146Z
c97c2809-a83d-4a25-803b-4de2a6cec7bd,tx-f3bb6371-4048-467a-a898-b5951377b590,cc817b0a-5cde-4437-9047-eb0a6c1b8735,99326bcd-2ed0-4319-b6a7-a9d1ac39f1b2,380,INR,completed,,2026-05-07T16:48:16.146Z,2026-05-07T16:48:16.146Z
84bac48c-f895-46f1-a8da-5d4fb01f4f18,dep-1bf85c9d-69e5-4ae7-af31-674873096d5b,,2e25c793-17ff-4230-b58d-17dfcc222464,16265,INR,completed,,2026-05-08T16:48:16.146Z,2026-05-08T16:48:16.146Z
f3cad743-b270-4d99-999b-3f96f434f376,dep-767f5d64-9da3-4aea-b979-9b0ca7ccfe82,,2e25c793-17ff-4230-b58d-17dfcc222464,4773,INR,completed,,2026-05-08T16:48:16.146Z,2026-05-08T16:48:16.146Z
d120d6a3-3ef2-4c53-b3b6-71b6fd3dba76,dep-16199166-22b1-4705-8ff0-182606ab0ab6,,2e25c793-17ff-4230-b58d-17dfcc222464,11762,INR,completed,,2026-05-08T16:48:16.146Z,2026-05-08T16:48:16.146Z
223275f5-0164-4539-8b48-613a555f45fb,tx-b76e61aa-6ac8-4780-925e-cf50c9f4715a,2e25c793-17ff-4230-b58d-17dfcc222464,77f216ae-66bd-4d6b-9dcf-ac7ac8c779cc,451,INR,completed,,2026-05-08T16:48:16.146Z,2026-05-08T16:48:16.146Z
fa401add-34e8-47d7-b730-c780e79d37f0,dep-a751d8b3-e80e-4655-8757-23bc248134b1,,4c9659e2-39a0-491a-9392-94dfda2a7ad5,21150,INR,completed,,2026-05-08T16:48:16.146Z,2026-05-08T16:48:16.146Z
95c405bc-5e1d-48cd-b644-4636133117ba,tx-7c1b5d46-ac70-4797-a6ee-7f8b6f6d8fd4,4c9659e2-39a0-491a-9392-94dfda2a7ad5,8fecc2ac-282e-4044-a1dd-0ef257c60926,1170,INR,completed,,2026-05-08T16:48:16.146Z,2026-05-08T16:48:16.146Z
6b4ce5af-ead8-4336-9174-84816545f4ac,tx-7fc1c6fd-4600-4e01-af8c-c93abc8ab36b,4f64b206-7b74-44ce-b39f-89049ebd4e3f,8fecc2ac-282e-4044-a1dd-0ef257c60926,2767,INR,completed,,2026-05-09T16:48:16.146Z,2026-05-09T16:48:16.146Z
cd3681f7-c862-4eaa-a8fa-2c25acfc880b,tx-ab7ba64d-eea6-4a66-9d25-5952700a7fc8,4f64b206-7b74-44ce-b39f-89049ebd4e3f,99326bcd-2ed0-4319-b6a7-a9d1ac39f1b2,720,INR,completed,,2026-05-09T16:48:16.146Z,2026-05-09T16:48:16.146Z
29744fc2-431a-4fbf-9752-22e2e1c87f45,dep-8565a50c-2ee0-49aa-aaed-254b36e9b974,,2e25c793-17ff-4230-b58d-17dfcc222464,12573,INR,completed,,2026-05-09T16:48:16.146Z,2026-05-09T16:48:16.146Z
fe28226e-3933-40ff-ba3b-aaf4c494464c,tx-fad900b1-5fbc-4fbf-a4e0-2d74f3bc1b48,d53314e5-d645-464a-99cf-45ed1a35e9fd,4778cfd7-bd59-44d1-88ad-ffa43d403800,10755,INR,completed,,2026-05-09T16:48:16.146Z,2026-05-09T16:48:16.146Z
c1030200-0ba1-4b8c-8019-bc47d8c144e1,tx-349e03a5-4376-48fe-959b-4f4a4cc4eb98,dfffab37-7984-45e6-bfd9-bcb0617b8a82,77f216ae-66bd-4d6b-9dcf-ac7ac8c779cc,114,INR,completed,,2026-05-09T16:48:16.146Z,2026-05-09T16:48:16.146Z
7dddb3c1-0b1a-4cad-9113-ef2023aeee00,tx-25d3e0c6-0f7d-4198-b56a-cbbed8c914ff,cc817b0a-5cde-4437-9047-eb0a6c1b8735,77f216ae-66bd-4d6b-9dcf-ac7ac8c779cc,295,INR,completed,,2026-05-09T16:48:16.146Z,2026-05-09T16:48:16.146Z
4db56590-9d1d-48fa-a8ee-86e57707dff4,tx-7492263a-3325-4dbd-9cc6-e0b00045e324,4c9659e2-39a0-491a-9392-94dfda2a7ad5,8c25909a-227f-4d95-86a1-9033ec6e34a4,255,INR,completed,,2026-05-09T16:48:16.146Z,2026-05-09T16:48:16.146Z
c9ff36ae-8ba5-4734-a3ae-ada92391dbbc,tx-f58c8884-7b28-4e17-ac9c-9d16df97deee,4f64b206-7b74-44ce-b39f-89049ebd4e3f,bcf7c323-ee7b-4313-95c0-68f74cfeb2bb,199,INR,completed,,2026-05-10T16:48:16.146Z,2026-05-10T16:48:16.146Z
65e83bfb-15dd-4f81-9150-317c270bdc59,tx-c7556aaf-3ca7-444a-a1bc-7092cafbb427,4f64b206-7b74-44ce-b39f-89049ebd4e3f,8f5bd58f-2868-4aff-b5da-41454b5bb662,699,INR,completed,,2026-05-10T16:48:16.146Z,2026-05-10T16:48:16.146Z
798a7a0f-4a7f-489b-893d-89609db9e624,dep-2e898f24-7011-4c0f-be6a-8ab5049267cf,,2e25c793-17ff-4230-b58d-17dfcc222464,16078,INR,completed,,2026-05-10T16:48:16.146Z,2026-05-10T16:48:16.146Z
c8896cf5-1476-4e3b-a77e-13a0c4e0b4bf,dep-82c60b36-2a2c-4f16-b204-6566d29d48c6,,2e25c793-17ff-4230-b58d-17dfcc222464,9255,INR,completed,,2026-05-10T16:48:16.146Z,2026-05-10T16:48:16.146Z
f3fa9f1a-2815-45b9-b5f4-f76fa209ed12,tx-2a5ece4d-701e-449e-994e-1739825350ea,d53314e5-d645-464a-99cf-45ed1a35e9fd,8c25909a-227f-4d95-86a1-9033ec6e34a4,1415,INR,completed,,2026-05-10T16:48:16.146Z,2026-05-10T16:48:16.146Z
6c59a973-0920-4da6-a4fb-728d8ffd1c73,dep-b0d53b89-4e35-4c74-9783-aa548e77d660,,dfffab37-7984-45e6-bfd9-bcb0617b8a82,5000,INR,completed,,2026-05-10T16:48:16.146Z,2026-05-10T16:48:16.146Z
75764e4c-0121-44cd-abd5-4f8e935b732c,tx-4c159dcd-8fa6-4e42-8548-5ec9b0e8a3bf,dfffab37-7984-45e6-bfd9-bcb0617b8a82,77f216ae-66bd-4d6b-9dcf-ac7ac8c779cc,283,INR,completed,,2026-05-10T16:48:16.146Z,2026-05-10T16:48:16.146Z
f1cc8ea6-a9b5-4440-b9df-726a0844b8be,dep-7e7d6013-adb4-46cb-b9d6-c55e54644d7d,,cc817b0a-5cde-4437-9047-eb0a6c1b8735,4000,INR,completed,,2026-05-10T16:48:16.146Z,2026-05-10T16:48:16.146Z
6471075d-b3ae-4960-9132-243236e2d82e,tx-a2f7eb55-fc11-4018-8dac-14a310fad9c3,cc817b0a-5cde-4437-9047-eb0a6c1b8735,99326bcd-2ed0-4319-b6a7-a9d1ac39f1b2,301,INR,completed,,2026-05-10T16:48:16.146Z,2026-05-10T16:48:16.146Z
6bd1044c-ac57-455f-9bee-25bc8c0fe27e,tx-990c7a95-a465-4b95-beb9-f95290b09220,4c9659e2-39a0-491a-9392-94dfda2a7ad5,99326bcd-2ed0-4319-b6a7-a9d1ac39f1b2,431,INR,completed,,2026-05-10T16:48:16.146Z,2026-05-10T16:48:16.146Z
1ef7d4ff-df41-40d5-a276-c8af5573110c,tx-7a765e82-ac29-4910-bcb9-5aceb89692e0,4f64b206-7b74-44ce-b39f-89049ebd4e3f,99326bcd-2ed0-4319-b6a7-a9d1ac39f1b2,669,INR,completed,,2026-05-11T16:48:16.146Z,2026-05-11T16:48:16.146Z
768fffec-2e6c-4ce2-a81e-ad7819722cd0,dep-95b039ed-555d-4179-a453-7c00cf1b387b,,2e25c793-17ff-4230-b58d-17dfcc222464,8160,INR,completed,,2026-05-11T16:48:16.146Z,2026-05-11T16:48:16.146Z
5c251890-00d1-4056-ba3d-fa2472f490ab,tx-079b1212-f8ab-4065-bf85-45ee4c4a772d,cc817b0a-5cde-4437-9047-eb0a6c1b8735,99326bcd-2ed0-4319-b6a7-a9d1ac39f1b2,274,INR,completed,,2026-05-11T16:48:16.146Z,2026-05-11T16:48:16.146Z
4628b2b6-ae54-44c1-94b8-11ca5e01348c,dep-b43f5686-f157-4a2c-8600-2ac29ff20923,,4c9659e2-39a0-491a-9392-94dfda2a7ad5,20217,INR,completed,,2026-05-11T16:48:16.146Z,2026-05-11T16:48:16.146Z
c50f05e9-5bb2-40ab-9c13-22c48c36377a,dep-d41f88fb-34e2-445c-b347-addd1a45eeac,,2e25c793-17ff-4230-b58d-17dfcc222464,11394,INR,completed,,2026-05-12T16:48:16.146Z,2026-05-12T16:48:16.146Z
2f5f97d0-8fa6-4aa0-a4e8-ee1597a214b6,tx-28a27790-8a4e-40cd-985d-e79a2836c228,d53314e5-d645-464a-99cf-45ed1a35e9fd,77f216ae-66bd-4d6b-9dcf-ac7ac8c779cc,1196,INR,completed,,2026-05-12T16:48:16.146Z,2026-05-12T16:48:16.146Z
30062a3c-1e7a-44e9-80df-f32717e31b79,tx-527e9555-a153-411f-8818-561333698ceb,4c9659e2-39a0-491a-9392-94dfda2a7ad5,a56c78df-bd12-4093-8857-edaaef0c6ac6,8000,INR,completed,,2026-05-12T16:48:16.146Z,2026-05-12T16:48:16.146Z
40b5d3b7-85f4-4377-8ab0-154584ddcb6f,tx-3ada8f06-c005-4507-addd-edbaa731bdbd,4f64b206-7b74-44ce-b39f-89049ebd4e3f,77f216ae-66bd-4d6b-9dcf-ac7ac8c779cc,201,INR,completed,,2026-05-13T16:48:16.146Z,2026-05-13T16:48:16.146Z
c2694492-188a-4182-854c-08693453711a,dep-6e43722b-7a38-4e92-a386-bb0d6baa0640,,2e25c793-17ff-4230-b58d-17dfcc222464,12081,INR,completed,,2026-05-13T16:48:16.146Z,2026-05-13T16:48:16.146Z
0a92ca6f-c168-4a4f-906b-01b967a3d327,dep-69e072ce-ea3d-4359-a4db-d883c4143de2,,2e25c793-17ff-4230-b58d-17dfcc222464,4667,INR,completed,,2026-05-13T16:48:16.146Z,2026-05-13T16:48:16.146Z
19bf3fa6-ee18-4580-9288-2f74353f7f8b,tx-f34770b8-f026-4536-a207-3b3d8659651f,d53314e5-d645-464a-99cf-45ed1a35e9fd,8c25909a-227f-4d95-86a1-9033ec6e34a4,1010,INR,completed,,2026-05-13T16:48:16.146Z,2026-05-13T16:48:16.146Z
ec61b0e8-37db-4a98-b4d8-d37e74ff3932,tx-d9cb822b-cee5-468d-bba2-a7a5c38c7f85,dfffab37-7984-45e6-bfd9-bcb0617b8a82,cc817b0a-5cde-4437-9047-eb0a6c1b8735,229,INR,completed,,2026-05-13T16:48:16.146Z,2026-05-13T16:48:16.146Z
c821cdf5-ee3a-4fc6-a5b4-2614c7680fa5,tx-af4ff3c9-904a-41bd-9baa-e4ad2e9d59c7,cc817b0a-5cde-4437-9047-eb0a6c1b8735,77f216ae-66bd-4d6b-9dcf-ac7ac8c779cc,156,INR,completed,,2026-05-13T16:48:16.146Z,2026-05-13T16:48:16.146Z
347f59d1-bea9-487e-b81a-42a815cf036e,tx-b4a114a7-f0de-4c77-9008-deaf59c77c07,4f64b206-7b74-44ce-b39f-89049ebd4e3f,77f216ae-66bd-4d6b-9dcf-ac7ac8c779cc,545,INR,completed,,2026-05-14T16:48:16.146Z,2026-05-14T16:48:16.146Z
298358d7-37f8-47ef-b6aa-4a0147f8e67e,tx-a545e981-d75f-4e20-9203-f4cfe05d483c,d53314e5-d645-464a-99cf-45ed1a35e9fd,8c25909a-227f-4d95-86a1-9033ec6e34a4,419,INR,completed,,2026-05-14T16:48:16.146Z,2026-05-14T16:48:16.146Z
3e294be4-2d7f-40db-8120-d13d33b7a4c3,tx-aa5bb806-e1c2-436a-9f81-7702be6c637e,dfffab37-7984-45e6-bfd9-bcb0617b8a82,cc817b0a-5cde-4437-9047-eb0a6c1b8735,86,INR,completed,,2026-05-14T16:48:16.146Z,2026-05-14T16:48:16.146Z
ff0f184d-4bf7-4849-a8fd-da33c4841b9e,tx-31de82a6-33bb-4c15-877c-0c50ec3b41b7,cc817b0a-5cde-4437-9047-eb0a6c1b8735,99326bcd-2ed0-4319-b6a7-a9d1ac39f1b2,151,INR,completed,,2026-05-14T16:48:16.146Z,2026-05-14T16:48:16.146Z
d7c7bb5b-3c1c-4735-a077-c81c28381cc6,dep-d796c7e6-0f7f-4dcf-963e-f0f9cbe5ad56,,2e25c793-17ff-4230-b58d-17dfcc222464,5426,INR,completed,,2026-05-15T16:48:16.146Z,2026-05-15T16:48:16.146Z
187fbd2c-ef24-40aa-acc6-3dac11427459,dep-881313c0-46d6-433d-8325-af39f1e5c521,,2e25c793-17ff-4230-b58d-17dfcc222464,7383,INR,completed,,2026-05-15T16:48:16.146Z,2026-05-15T16:48:16.146Z
8c102db6-014c-4c0b-8e4f-5058bae0ea5d,tx-cbb10791-0d8d-4cae-b7ba-55661f243dfa,2e25c793-17ff-4230-b58d-17dfcc222464,78d754c3-7421-45c6-af19-62af10c7d7a7,46966,INR,completed,,2026-05-15T16:48:16.146Z,2026-05-15T16:48:16.146Z
71329c19-fc16-4a5f-ad20-05f7bdfa24bf,tx-648f693c-50b1-47e3-8f08-e64acdf17804,2e25c793-17ff-4230-b58d-17dfcc222464,8c25909a-227f-4d95-86a1-9033ec6e34a4,254,INR,completed,,2026-05-15T16:48:16.146Z,2026-05-15T16:48:16.146Z
a317304b-1490-4fda-9f67-a18cba682218,tx-e09ccee0-4b9c-4fc3-abc0-735df22459dc,d53314e5-d645-464a-99cf-45ed1a35e9fd,8c25909a-227f-4d95-86a1-9033ec6e34a4,1312,INR,completed,,2026-05-15T16:48:16.146Z,2026-05-15T16:48:16.146Z
a332921b-63c9-4988-896e-d39af7d073af,tx-e441a202-a2d2-41ea-ac15-40866e0df9be,4c9659e2-39a0-491a-9392-94dfda2a7ad5,68e8cdc4-a89c-4489-9d80-d6345ef95f59,2343,INR,completed,,2026-05-15T16:48:16.146Z,2026-05-15T16:48:16.146Z
8a2f79a4-3b98-4d3c-9ea3-417d894e7d9c,tx-029c090f-0fa8-47a1-b788-0866812cf815,4c9659e2-39a0-491a-9392-94dfda2a7ad5,77f216ae-66bd-4d6b-9dcf-ac7ac8c779cc,249,INR,completed,,2026-05-15T16:48:16.146Z,2026-05-15T16:48:16.146Z
98cbb019-f04d-41bc-8e4b-e4e0ecebf755,tx-8ac4f1e0-5fb4-4c24-baa0-5065e5480236,4f64b206-7b74-44ce-b39f-89049ebd4e3f,8fecc2ac-282e-4044-a1dd-0ef257c60926,3279,INR,completed,,2026-05-16T16:48:16.146Z,2026-05-16T16:48:16.146Z
d48c145d-c1b4-4a01-9aa7-405bfa280b7b,tx-eb8995b2-b718-4d15-9b7c-130c5e74f978,4f64b206-7b74-44ce-b39f-89049ebd4e3f,99326bcd-2ed0-4319-b6a7-a9d1ac39f1b2,442,INR,completed,,2026-05-16T16:48:16.146Z,2026-05-16T16:48:16.146Z
0ba10b90-129d-451b-84e8-297488c53f94,tx-8fb6c789-b9b7-4507-b2c6-74d1958d6b93,cc817b0a-5cde-4437-9047-eb0a6c1b8735,dfffab37-7984-45e6-bfd9-bcb0617b8a82,228,INR,completed,,2026-05-16T16:48:16.146Z,2026-05-16T16:48:16.146Z
5acaaefc-6cda-4cd8-9992-8f8214f583c7,dep-d9eeb1e7-4b65-484b-8423-d1542385df7f,,2e25c793-17ff-4230-b58d-17dfcc222464,12100,INR,completed,,2026-05-17T16:48:16.146Z,2026-05-17T16:48:16.146Z
cc5f8381-b2cf-4ead-9766-00df92ec9601,tx-55114e89-9705-46d9-b3f8-e39bab717e1c,2e25c793-17ff-4230-b58d-17dfcc222464,8c25909a-227f-4d95-86a1-9033ec6e34a4,477,INR,completed,,2026-05-17T16:48:16.146Z,2026-05-17T16:48:16.146Z
35894f1d-8e76-4670-a1ab-070a5844877f,dep-0c27a867-7746-4bbf-be8a-7844b5fd2d82,,dfffab37-7984-45e6-bfd9-bcb0617b8a82,5000,INR,completed,,2026-05-17T16:48:16.146Z,2026-05-17T16:48:16.146Z
58ae76b7-bbe3-404d-8960-731cc1255fae,tx-4203c207-2f82-4b41-83ee-8f80d1f4185a,dfffab37-7984-45e6-bfd9-bcb0617b8a82,99326bcd-2ed0-4319-b6a7-a9d1ac39f1b2,315,INR,completed,,2026-05-17T16:48:16.146Z,2026-05-17T16:48:16.146Z
96a54887-6f0a-4b3c-82d4-cd5af153c4eb,dep-71205dcf-38d7-46c1-a5aa-2b31a7c5560a,,cc817b0a-5cde-4437-9047-eb0a6c1b8735,4000,INR,completed,,2026-05-17T16:48:16.146Z,2026-05-17T16:48:16.146Z
642583e0-4adf-483e-a1b7-a9c9dd4409f3,tx-e76fe8b1-d806-4b81-97fd-1818739936d5,4c9659e2-39a0-491a-9392-94dfda2a7ad5,8c25909a-227f-4d95-86a1-9033ec6e34a4,422,INR,completed,,2026-05-17T16:48:16.146Z,2026-05-17T16:48:16.146Z
35bd5ed9-11d0-4628-80bf-54b22704f326,tx-6de5b0aa-2aff-451a-9213-eaf1fddc2467,4f64b206-7b74-44ce-b39f-89049ebd4e3f,77f216ae-66bd-4d6b-9dcf-ac7ac8c779cc,307,INR,completed,,2026-05-18T16:48:16.146Z,2026-05-18T16:48:16.146Z
dc93a4e0-5700-4d26-8b6c-f38981edc1cc,dep-f263bcb4-72b7-4e7f-9e69-cae8d93de068,,2e25c793-17ff-4230-b58d-17dfcc222464,14356,INR,completed,,2026-05-18T16:48:16.146Z,2026-05-18T16:48:16.146Z
8fe17af1-ed95-44c1-8b0c-f4f1403655cf,dep-6fd54783-fa56-489b-95d6-49d937b424f6,,2e25c793-17ff-4230-b58d-17dfcc222464,11728,INR,completed,,2026-05-18T16:48:16.146Z,2026-05-18T16:48:16.146Z
e57f00bf-9dd8-4831-b93b-ad68f1a3d2c4,dep-0eb737cd-0d62-492c-8073-ae13dda3bf4d,,2e25c793-17ff-4230-b58d-17dfcc222464,15781,INR,completed,,2026-05-18T16:48:16.146Z,2026-05-18T16:48:16.146Z
a3d00f7a-c01a-4fa1-a96b-32def7751881,tx-8627f8a4-9831-481b-b0b7-3f2ea7b89278,2e25c793-17ff-4230-b58d-17dfcc222464,68e8cdc4-a89c-4489-9d80-d6345ef95f59,4496,INR,completed,,2026-05-18T16:48:16.146Z,2026-05-18T16:48:16.146Z
ea139f64-67a3-4b5a-84d2-2d221a0b50a6,tx-cdae87eb-f5aa-44ca-b11f-4daf19367dee,d53314e5-d645-464a-99cf-45ed1a35e9fd,99326bcd-2ed0-4319-b6a7-a9d1ac39f1b2,572,INR,completed,,2026-05-18T16:48:16.146Z,2026-05-18T16:48:16.146Z
aa05fd4c-da73-4998-99b3-bd694d6dfc2a,tx-c2c9ba37-c2f2-4573-bafe-05041939fb1f,dfffab37-7984-45e6-bfd9-bcb0617b8a82,cc817b0a-5cde-4437-9047-eb0a6c1b8735,203,INR,completed,,2026-05-18T16:48:16.146Z,2026-05-18T16:48:16.146Z
d71179f9-7182-4921-bc25-7bee0b7262f7,tx-43e15f70-bedd-43d3-b78f-f98127e34ed9,cc817b0a-5cde-4437-9047-eb0a6c1b8735,dfffab37-7984-45e6-bfd9-bcb0617b8a82,97,INR,completed,,2026-05-18T16:48:16.146Z,2026-05-18T16:48:16.146Z
f747c437-7400-4507-9047-60679de440f1,tx-d315ee1b-19da-4b16-bbfa-d371c7e09cc1,4f64b206-7b74-44ce-b39f-89049ebd4e3f,99326bcd-2ed0-4319-b6a7-a9d1ac39f1b2,308,INR,completed,,2026-05-19T16:48:16.146Z,2026-05-19T16:48:16.146Z
56c43ff8-e76a-496b-bac6-10ab4bb8a5de,dep-25c0ff3b-3cc5-4b32-ad51-ebceb9ab5e5b,,2e25c793-17ff-4230-b58d-17dfcc222464,13413,INR,completed,,2026-05-19T16:48:16.146Z,2026-05-19T16:48:16.146Z
c93cabc5-8340-4148-a1ae-3159a68c2ce2,dep-97ae60d4-68bf-4ac6-b6a2-87b20f79595d,,2e25c793-17ff-4230-b58d-17dfcc222464,14819,INR,completed,,2026-05-19T16:48:16.146Z,2026-05-19T16:48:16.146Z
c187f0c3-1817-4ddd-9312-b14c32a569df,dep-4fc535e5-f544-463c-9749-dc9a5ebdd85e,,2e25c793-17ff-4230-b58d-17dfcc222464,10691,INR,completed,,2026-05-19T16:48:16.146Z,2026-05-19T16:48:16.146Z
8a782b78-e767-4eb7-a411-9a6afde10c42,tx-0cad34bf-1b0f-4b68-9c2c-2f52fe6d47f6,dfffab37-7984-45e6-bfd9-bcb0617b8a82,77f216ae-66bd-4d6b-9dcf-ac7ac8c779cc,186,INR,completed,,2026-05-19T16:48:16.146Z,2026-05-19T16:48:16.146Z
51333e6e-90c9-4cac-8f1a-cf61e0fee2e9,dep-eaaf51a0-d5d8-4dca-8e6d-2c8eed4dbb40,,2e25c793-17ff-4230-b58d-17dfcc222464,14683,INR,completed,,2026-05-20T16:48:16.146Z,2026-05-20T16:48:16.146Z
099305c3-44a6-4fb8-b1c7-0f3f0f7746f4,tx-2e7082ee-7ca2-4e41-adde-a466953b22c2,2e25c793-17ff-4230-b58d-17dfcc222464,8c25909a-227f-4d95-86a1-9033ec6e34a4,434,INR,completed,,2026-05-20T16:48:16.146Z,2026-05-20T16:48:16.146Z
ea7055f6-6431-4f6e-92fa-0b0d927ff1c0,tx-adc73876-92d6-449c-adcd-76d95c21ee1d,cc817b0a-5cde-4437-9047-eb0a6c1b8735,dfffab37-7984-45e6-bfd9-bcb0617b8a82,187,INR,completed,,2026-05-20T16:48:16.146Z,2026-05-20T16:48:16.146Z
8ad51125-483e-411c-8dfa-4a629753184d,tx-9390e125-415d-4d32-b8a5-3d4b780be3d0,4c9659e2-39a0-491a-9392-94dfda2a7ad5,8c25909a-227f-4d95-86a1-9033ec6e34a4,290,INR,completed,,2026-05-20T16:48:16.146Z,2026-05-20T16:48:16.146Z
7f2b525e-51d1-4636-a19f-155d78a86dc5,dep-1db1d266-ae6c-4f0a-97e5-1cabdfb268df,,2e25c793-17ff-4230-b58d-17dfcc222464,16698,INR,completed,,2026-05-21T16:48:16.146Z,2026-05-21T16:48:16.146Z
db758d50-d041-46e0-aa09-d33562f41550,tx-c6c88b41-0a40-4725-a406-6f40d5e94cdf,2e25c793-17ff-4230-b58d-17dfcc222464,8c25909a-227f-4d95-86a1-9033ec6e34a4,621,INR,completed,,2026-05-21T16:48:16.146Z,2026-05-21T16:48:16.146Z
7bcd0ead-8e93-4a55-b3a5-11b9d4eea58d,tx-ba53c815-8a56-4633-a055-70e275169204,d53314e5-d645-464a-99cf-45ed1a35e9fd,77f216ae-66bd-4d6b-9dcf-ac7ac8c779cc,445,INR,completed,,2026-05-21T16:48:16.146Z,2026-05-21T16:48:16.146Z
ac3741dd-c620-443f-9bdc-a2d8570a3b7b,tx-ee4b921f-40b5-4d0c-b460-6f9630811a62,4c9659e2-39a0-491a-9392-94dfda2a7ad5,8fecc2ac-282e-4044-a1dd-0ef257c60926,1637,INR,completed,,2026-05-21T16:48:16.146Z,2026-05-21T16:48:16.146Z
bc756188-d257-4cc7-bf64-2c54bbc85536,dep-14d916cc-321b-4481-8c40-3f0116282535,,2e25c793-17ff-4230-b58d-17dfcc222464,16615,INR,completed,,2026-05-22T16:48:16.146Z,2026-05-22T16:48:16.146Z
7132b487-db39-436f-abe8-7a52ee90ee4f,dep-2bb3dfea-c7cc-4865-8086-b59dc2f6e5e7,,4c9659e2-39a0-491a-9392-94dfda2a7ad5,16012,INR,completed,,2026-05-22T16:48:16.146Z,2026-05-22T16:48:16.146Z
c16a3d6e-a965-4935-b98c-858c5136ce2d,tx-f9460b85-99a7-49f7-b860-562d50f6017c,4f64b206-7b74-44ce-b39f-89049ebd4e3f,8fecc2ac-282e-4044-a1dd-0ef257c60926,2933,INR,completed,,2026-05-23T16:48:16.146Z,2026-05-23T16:48:16.146Z
72e987c2-f6a1-4f9f-9590-836f45a26596,dep-373eed74-d06a-49c2-aa8f-404eb112b3ff,,2e25c793-17ff-4230-b58d-17dfcc222464,12353,INR,completed,,2026-05-23T16:48:16.146Z,2026-05-23T16:48:16.146Z
02869911-d4bb-4f84-9fca-1d7f4ecbf4b5,tx-b7c0a939-d0a5-4857-8b63-f377b457ef2a,dfffab37-7984-45e6-bfd9-bcb0617b8a82,77f216ae-66bd-4d6b-9dcf-ac7ac8c779cc,162,INR,completed,,2026-05-23T16:48:16.146Z,2026-05-23T16:48:16.146Z
cbc435fd-5c09-452b-9616-9499e0ece31b,tx-0cab66ba-f4b7-4f5e-a89d-8374bad53d67,4c9659e2-39a0-491a-9392-94dfda2a7ad5,8fecc2ac-282e-4044-a1dd-0ef257c60926,1771,INR,completed,,2026-05-23T16:48:16.146Z,2026-05-23T16:48:16.146Z
ea4593ca-1312-4517-8033-791c1f2d3477,dep-ec9b2187-4675-49d1-8d4b-f24259ec3b2f,,2e25c793-17ff-4230-b58d-17dfcc222464,14749,INR,completed,,2026-05-24T16:48:16.146Z,2026-05-24T16:48:16.146Z
489c8fc7-6f79-48b6-b497-35ce3e6c1eaf,dep-6b9bf961-8678-4592-9699-ee8766d59756,,2e25c793-17ff-4230-b58d-17dfcc222464,12421,INR,completed,,2026-05-24T16:48:16.146Z,2026-05-24T16:48:16.146Z
9520eb73-d13a-4d30-9235-2c5849690a02,dep-5cfa319a-6262-436f-a30d-d6478c531f8f,,2e25c793-17ff-4230-b58d-17dfcc222464,8757,INR,completed,,2026-05-24T16:48:16.146Z,2026-05-24T16:48:16.146Z
73fbd16f-8d59-4628-b9cb-f70840777e02,dep-2b0f2b9c-d67c-469b-9af0-3eb51318be22,,dfffab37-7984-45e6-bfd9-bcb0617b8a82,5000,INR,completed,,2026-05-24T16:48:16.146Z,2026-05-24T16:48:16.146Z
b9f7fdc3-61a4-4cf3-b14b-d838bf114d8a,tx-9b5c2e57-f20c-4458-ada2-4a190fbf2a60,dfffab37-7984-45e6-bfd9-bcb0617b8a82,99326bcd-2ed0-4319-b6a7-a9d1ac39f1b2,442,INR,completed,,2026-05-24T16:48:16.146Z,2026-05-24T16:48:16.146Z
583ee07a-bd97-4833-b4d6-d291ed662a2e,dep-51d9ca19-0dd2-4e6e-9ab4-5877cc9565be,,cc817b0a-5cde-4437-9047-eb0a6c1b8735,4000,INR,completed,,2026-05-24T16:48:16.146Z,2026-05-24T16:48:16.146Z
e70e04d5-b8d3-4c68-b900-203cde395714,tx-8bf8fac2-4d23-411a-a040-0a7148031e41,cc817b0a-5cde-4437-9047-eb0a6c1b8735,68e8cdc4-a89c-4489-9d80-d6345ef95f59,628,INR,completed,,2026-05-24T16:48:16.146Z,2026-05-24T16:48:16.146Z
ffba7b99-65d3-468d-8129-757d84d587cc,tx-bfd88448-d3d6-4f23-bc9f-367cf0c9b45d,4c9659e2-39a0-491a-9392-94dfda2a7ad5,8fecc2ac-282e-4044-a1dd-0ef257c60926,1257,INR,completed,,2026-05-24T16:48:16.146Z,2026-05-24T16:48:16.146Z
63e12d95-d251-4ea6-a975-810ce75d5581,dep-6e8b7659-5f2a-47a0-baf0-55415206d07e,,2e25c793-17ff-4230-b58d-17dfcc222464,7873,INR,completed,,2026-05-25T16:48:16.146Z,2026-05-25T16:48:16.146Z
6c9895c8-0e84-4430-991e-b6d5070f38c4,dep-09a28292-ea1f-4c69-8701-ddf1bb59487e,,2e25c793-17ff-4230-b58d-17dfcc222464,5925,INR,completed,,2026-05-25T16:48:16.146Z,2026-05-25T16:48:16.146Z
ff2e0b29-7d8c-495d-a17f-68bcc76a6b4a,tx-7f91aff9-a568-465b-b747-765cd62ad4ef,2e25c793-17ff-4230-b58d-17dfcc222464,78d754c3-7421-45c6-af19-62af10c7d7a7,26550,INR,completed,,2026-05-25T16:48:16.146Z,2026-05-25T16:48:16.146Z
763c640e-7dec-4ad0-aa46-847c0f9ba19f,tx-40e7de68-6c7f-4b78-984d-ac5c54511f3d,2e25c793-17ff-4230-b58d-17dfcc222464,68e8cdc4-a89c-4489-9d80-d6345ef95f59,4290,INR,completed,,2026-05-25T16:48:16.146Z,2026-05-25T16:48:16.146Z
b104e051-56e2-4e16-9e5e-41d20e8d159a,tx-5c41a892-eab1-4d29-bfdf-0ec65fe82a07,d53314e5-d645-464a-99cf-45ed1a35e9fd,4778cfd7-bd59-44d1-88ad-ffa43d403800,7388,INR,completed,,2026-05-25T16:48:16.146Z,2026-05-25T16:48:16.146Z
7ef15dab-c50d-4752-9c73-3d2d45c4ca67,tx-8d4d1498-7baa-4a86-bd41-d26c7ebb98d0,dfffab37-7984-45e6-bfd9-bcb0617b8a82,77f216ae-66bd-4d6b-9dcf-ac7ac8c779cc,143,INR,completed,,2026-05-25T16:48:16.146Z,2026-05-25T16:48:16.146Z
bf4798d1-3e93-4d74-930e-dba4396a82d4,tx-5775950d-4749-4b9b-8cb0-d0fff042fafc,cc817b0a-5cde-4437-9047-eb0a6c1b8735,99326bcd-2ed0-4319-b6a7-a9d1ac39f1b2,354,INR,completed,,2026-05-25T16:48:16.146Z,2026-05-25T16:48:16.146Z
0abc5a62-1643-48e1-83ef-c48edb1ce8ae,dep-63de071d-6f84-4b2a-b837-ad16a897a1e0,,2e25c793-17ff-4230-b58d-17dfcc222464,11090,INR,completed,,2026-05-26T16:48:16.146Z,2026-05-26T16:48:16.146Z
b455853f-8673-49d9-8b9e-1a04e7a6656d,tx-cabe472a-2572-4f40-82bd-706bfb95ca89,d53314e5-d645-464a-99cf-45ed1a35e9fd,77f216ae-66bd-4d6b-9dcf-ac7ac8c779cc,701,INR,completed,,2026-05-26T16:48:16.146Z,2026-05-26T16:48:16.146Z
ceeb7d76-3480-485f-b99c-b2ff1936dc76,dep-f96c3804-0ced-4589-a1b0-9442b77c3058,,d53314e5-d645-464a-99cf-45ed1a35e9fd,35.05,INR,completed,,2026-05-26T16:48:16.146Z,2026-05-26T16:48:16.146Z
fa6dc466-7ca1-43ba-bae5-5c734740999d,tx-10aac8cb-1b22-4695-a304-07e223e25f0f,cc817b0a-5cde-4437-9047-eb0a6c1b8735,77f216ae-66bd-4d6b-9dcf-ac7ac8c779cc,297,INR,completed,,2026-05-26T16:48:16.146Z,2026-05-26T16:48:16.146Z
8f552027-0ecb-4340-84c2-4ce5bc988637,tx-2bcf2c35-a78c-4364-8dfd-a115aa252926,4f64b206-7b74-44ce-b39f-89049ebd4e3f,68e8cdc4-a89c-4489-9d80-d6345ef95f59,3446,INR,completed,,2026-05-27T16:48:16.146Z,2026-05-27T16:48:16.146Z
d1a00b6a-3c38-4e7f-8d10-1f0c8417885c,dep-e5769fc8-0a30-4fe9-b1b8-d0775e2a6f79,,2e25c793-17ff-4230-b58d-17dfcc222464,12467,INR,completed,,2026-05-27T16:48:16.146Z,2026-05-27T16:48:16.146Z
a5519af3-e0db-45c7-ba59-2318a464cee5,tx-42e147f7-6e1b-4bff-bd2b-e78353645bca,2e25c793-17ff-4230-b58d-17dfcc222464,8c25909a-227f-4d95-86a1-9033ec6e34a4,618,INR,completed,,2026-05-27T16:48:16.146Z,2026-05-27T16:48:16.146Z
9b52b995-8fe0-49d6-be4a-5ed065e0fc26,tx-95718465-c04c-4cc4-a4c0-4066978d1b68,d53314e5-d645-464a-99cf-45ed1a35e9fd,77f216ae-66bd-4d6b-9dcf-ac7ac8c779cc,344,INR,completed,,2026-05-27T16:48:16.146Z,2026-05-27T16:48:16.146Z
6ce9bc68-ab8b-48d5-8031-7d5d7877775b,tx-13146b11-a287-4d5b-86d2-6eac503aeb8a,dfffab37-7984-45e6-bfd9-bcb0617b8a82,68e8cdc4-a89c-4489-9d80-d6345ef95f59,391,INR,completed,,2026-05-27T16:48:16.146Z,2026-05-27T16:48:16.146Z
c62522f3-ecdd-4d49-931a-e6fc3123bc83,tx-f903762d-0901-4754-a0e0-14f4df97a7ce,4c9659e2-39a0-491a-9392-94dfda2a7ad5,8c25909a-227f-4d95-86a1-9033ec6e34a4,233,INR,completed,,2026-05-27T16:48:16.146Z,2026-05-27T16:48:16.146Z
273b3342-e6ce-4f5e-b37b-a031637e6f5c,tx-ee10afed-8ae3-4241-aee0-8d936ecc1c2d,4f64b206-7b74-44ce-b39f-89049ebd4e3f,77f216ae-66bd-4d6b-9dcf-ac7ac8c779cc,344,INR,completed,,2026-05-28T16:48:16.146Z,2026-05-28T16:48:16.146Z
b23287a3-e368-4235-96bf-86d918e856be,dep-27f65213-32f5-4005-8e05-316f38520df6,,2e25c793-17ff-4230-b58d-17dfcc222464,11248,INR,completed,,2026-05-28T16:48:16.146Z,2026-05-28T16:48:16.146Z
3a937144-a635-45cc-9f7e-23267ef65c27,dep-5305e238-1989-40de-8588-c8eb90715be4,,2e25c793-17ff-4230-b58d-17dfcc222464,4868,INR,completed,,2026-05-28T16:48:16.146Z,2026-05-28T16:48:16.146Z
c5d763de-c525-4edf-b900-e45cbde93e16,tx-82d76043-d592-4d17-96e3-0e47cb8a6b5f,dfffab37-7984-45e6-bfd9-bcb0617b8a82,99326bcd-2ed0-4319-b6a7-a9d1ac39f1b2,372,INR,completed,,2026-05-28T16:48:16.146Z,2026-05-28T16:48:16.146Z
090d1b70-a9f3-47a4-b152-7980d527f709,tx-9b06e678-a456-4eed-8bd8-b71580b0def1,4c9659e2-39a0-491a-9392-94dfda2a7ad5,8c25909a-227f-4d95-86a1-9033ec6e34a4,320,INR,completed,,2026-05-28T16:48:16.146Z,2026-05-28T16:48:16.146Z
5f7cf079-9d77-4aa7-85dc-56a1acafd5a9,tx-5a8ec662-9561-4227-89a7-fafb16c75e46,4f64b206-7b74-44ce-b39f-89049ebd4e3f,68e8cdc4-a89c-4489-9d80-d6345ef95f59,1901,INR,completed,,2026-05-29T16:48:16.146Z,2026-05-29T16:48:16.146Z
415089a3-c81b-44b0-987a-41fceb262306,dep-734febb5-0443-4fb1-afb6-8c7d5b92cca4,,2e25c793-17ff-4230-b58d-17dfcc222464,9813,INR,completed,,2026-05-29T16:48:16.146Z,2026-05-29T16:48:16.146Z
97f59554-0e9e-43e4-a9f9-9a9036d7146f,dep-4d791344-742c-40fa-a3cc-a760bc545db3,,2e25c793-17ff-4230-b58d-17dfcc222464,9170,INR,completed,,2026-05-29T16:48:16.146Z,2026-05-29T16:48:16.146Z
4ddb7e23-0d82-4a38-8c81-4dd0736ed2e6,tx-818ebedb-3de1-4c0d-b961-c4c71d11b35a,d53314e5-d645-464a-99cf-45ed1a35e9fd,8c25909a-227f-4d95-86a1-9033ec6e34a4,1117,INR,completed,,2026-05-29T16:48:16.146Z,2026-05-29T16:48:16.146Z
60c93ccf-bd19-4129-aa79-095261a309a2,tx-4be74257-7354-4fa1-9666-b7bc6f487552,4f64b206-7b74-44ce-b39f-89049ebd4e3f,8fecc2ac-282e-4044-a1dd-0ef257c60926,2029,INR,completed,,2026-05-30T16:48:16.146Z,2026-05-30T16:48:16.146Z
46beb6fb-a9ba-4b0e-8710-d1bdae11d9ad,tx-933dbef9-1762-412b-a393-f508ac106c01,4f64b206-7b74-44ce-b39f-89049ebd4e3f,99326bcd-2ed0-4319-b6a7-a9d1ac39f1b2,357,INR,completed,,2026-05-30T16:48:16.146Z,2026-05-30T16:48:16.146Z
dd376885-f09b-44be-bf65-1932f2c8b670,dep-8dbf6522-7d2b-4609-b69e-9057e24a6bf1,,2e25c793-17ff-4230-b58d-17dfcc222464,13608,INR,completed,,2026-05-30T16:48:16.146Z,2026-05-30T16:48:16.146Z
302f3e65-7360-4730-960a-82ef7cfe0ac8,tx-cd31b0ab-7362-493e-b382-66dba66157b0,4c9659e2-39a0-491a-9392-94dfda2a7ad5,8fecc2ac-282e-4044-a1dd-0ef257c60926,925,INR,completed,,2026-05-30T16:48:16.146Z,2026-05-30T16:48:16.146Z
c9606617-0725-4db7-a6a9-35fb4d42689e,dep-4965acd5-1dec-4ed0-ab82-378b33a46218,,2e25c793-17ff-4230-b58d-17dfcc222464,7086,INR,completed,,2026-05-31T16:48:16.146Z,2026-05-31T16:48:16.146Z
6edd60f6-5886-4df9-8a0e-6474dc44e249,dep-8946fe13-97cb-44a3-8c4e-6de3aed87e6c,,2e25c793-17ff-4230-b58d-17dfcc222464,10939,INR,completed,,2026-05-31T16:48:16.146Z,2026-05-31T16:48:16.146Z
9354ab87-652a-463c-aef8-449303068f78,tx-121ddd4a-0224-4bf7-a1bc-b9f70938a344,2e25c793-17ff-4230-b58d-17dfcc222464,77f216ae-66bd-4d6b-9dcf-ac7ac8c779cc,828,INR,completed,,2026-05-31T16:48:16.146Z,2026-05-31T16:48:16.146Z
458603a9-638a-4a54-a747-d71e9e42d8f6,dep-e82c51f3-d0be-4a40-aeef-2fb91574faa6,,dfffab37-7984-45e6-bfd9-bcb0617b8a82,5000,INR,completed,,2026-05-31T16:48:16.146Z,2026-05-31T16:48:16.146Z
6838839f-a376-41ea-a622-ebadc7fdc38d,dep-1cd5af69-21ea-40a0-a051-8a20a68a7092,,cc817b0a-5cde-4437-9047-eb0a6c1b8735,4000,INR,completed,,2026-05-31T16:48:16.146Z,2026-05-31T16:48:16.146Z
db858f16-e463-492e-b972-a2b0291c9c72,tx-108bb9db-e8d8-484b-ae05-f461d6f80d57,4c9659e2-39a0-491a-9392-94dfda2a7ad5,77f216ae-66bd-4d6b-9dcf-ac7ac8c779cc,341,INR,completed,,2026-05-31T16:48:16.146Z,2026-05-31T16:48:16.146Z
cddc2abb-293e-4c19-a6db-a67c4d01e297,dep-c870fcbf-8658-4c36-98cb-f1c70f190157,,4f64b206-7b74-44ce-b39f-89049ebd4e3f,85000,INR,completed,,2026-06-01T16:48:16.146Z,2026-06-01T16:48:16.146Z
e3c7f91e-f650-448f-9ab3-78d8666ef165,tx-757c5169-6985-488d-bdf8-3f5949aedd9b,4f64b206-7b74-44ce-b39f-89049ebd4e3f,77f216ae-66bd-4d6b-9dcf-ac7ac8c779cc,498,INR,completed,,2026-06-01T16:48:16.146Z,2026-06-01T16:48:16.146Z
293d341d-957d-4767-9d34-8171bae022c3,dep-3e462832-5466-4a49-984b-be88d7678fd6,,2e25c793-17ff-4230-b58d-17dfcc222464,11726,INR,completed,,2026-06-01T16:48:16.146Z,2026-06-01T16:48:16.146Z
c4605389-7d79-49a5-96e3-bdd162beb0a7,tx-8286bbbc-1946-4b72-80da-7e61896a1b62,2e25c793-17ff-4230-b58d-17dfcc222464,77f216ae-66bd-4d6b-9dcf-ac7ac8c779cc,528,INR,completed,,2026-06-01T16:48:16.146Z,2026-06-01T16:48:16.146Z
9a9c4c78-a6e7-4d06-b5ad-10fdc054b263,dep-0b867e59-167f-4f44-9376-ce46d3bdfd15,,d53314e5-d645-464a-99cf-45ed1a35e9fd,120000,INR,completed,,2026-06-01T16:48:16.146Z,2026-06-01T16:48:16.146Z
8553fada-b8c6-4ccc-8c48-da96d8746419,tx-a5de2215-8d1c-479f-baaa-28abab9d267d,dfffab37-7984-45e6-bfd9-bcb0617b8a82,77f216ae-66bd-4d6b-9dcf-ac7ac8c779cc,198,INR,completed,,2026-06-01T16:48:16.146Z,2026-06-01T16:48:16.146Z
e2014f12-e326-4032-80f3-3df34c905d07,tx-722567d5-2fcb-4afa-a950-7e0a85eb713e,4c9659e2-39a0-491a-9392-94dfda2a7ad5,8c25909a-227f-4d95-86a1-9033ec6e34a4,187,INR,completed,,2026-06-01T16:48:16.146Z,2026-06-01T16:48:16.146Z
0ee2910b-fa3b-4823-a0fa-0f8e3346c5ff,dep-01f34562-21e3-45e5-8098-5a02054cafbb,,4c9659e2-39a0-491a-9392-94dfda2a7ad5,9.35,INR,completed,,2026-06-01T16:48:16.146Z,2026-06-01T16:48:16.146Z
15b15ad2-f586-4fe4-b47f-321dfae6f8ab,dep-bcbe53af-a021-4c5a-94d5-f9385f01c6a9,,2e25c793-17ff-4230-b58d-17dfcc222464,7070,INR,completed,,2026-06-02T16:48:16.146Z,2026-06-02T16:48:16.146Z
7aefdd5d-81fb-483b-b9cb-f7490bd97343,tx-900c32f3-711c-4f5a-9151-fbf1ad8e35d3,2e25c793-17ff-4230-b58d-17dfcc222464,396aaa88-f522-47e1-a4dd-f2107cc69e7a,35000,INR,completed,,2026-06-02T16:48:16.146Z,2026-06-02T16:48:16.146Z
c0e06305-3901-4527-a070-77e96ef809ef,tx-1cd908bc-b539-4881-a23c-71a83730dd40,4c9659e2-39a0-491a-9392-94dfda2a7ad5,8fecc2ac-282e-4044-a1dd-0ef257c60926,1690,INR,completed,,2026-06-02T16:48:16.146Z,2026-06-02T16:48:16.146Z
0025ce8f-cf63-4590-b98b-cabd0ebdf043,tx-88eabe48-40d0-436a-9de2-8d725d8c6460,4f64b206-7b74-44ce-b39f-89049ebd4e3f,396aaa88-f522-47e1-a4dd-f2107cc69e7a,25000,INR,completed,,2026-06-03T16:48:16.146Z,2026-06-03T16:48:16.146Z
1559e8a0-6dde-49d3-9d3f-57bb5b668fd3,dep-1fcab392-ece7-4189-ba0d-c084eaa47cb9,,2e25c793-17ff-4230-b58d-17dfcc222464,6276,INR,completed,,2026-06-03T16:48:16.146Z,2026-06-03T16:48:16.146Z
0dd0c588-efa1-4105-ab9d-6f0551d341e0,dep-5a2e2c5f-5e72-4049-8133-06397f00f2db,,2e25c793-17ff-4230-b58d-17dfcc222464,15392,INR,completed,,2026-06-03T16:48:16.146Z,2026-06-03T16:48:16.146Z
70296c40-1ba6-410e-95ca-c4045a6e34c7,tx-9113b497-d870-4618-bf47-e7c287f69afa,dfffab37-7984-45e6-bfd9-bcb0617b8a82,99326bcd-2ed0-4319-b6a7-a9d1ac39f1b2,424,INR,completed,,2026-06-03T16:48:16.146Z,2026-06-03T16:48:16.146Z
b99dab01-4741-46d5-98b1-86d1618cb222,tx-5ee7e475-d570-499a-b560-dd03af590e9e,cc817b0a-5cde-4437-9047-eb0a6c1b8735,dfffab37-7984-45e6-bfd9-bcb0617b8a82,131,INR,completed,,2026-06-03T16:48:16.146Z,2026-06-03T16:48:16.146Z
fc0760b9-cb2f-4c21-9f16-9b4267f67acf,tx-716edccb-94d8-497d-8a2a-bdce39523b9a,4c9659e2-39a0-491a-9392-94dfda2a7ad5,99326bcd-2ed0-4319-b6a7-a9d1ac39f1b2,397,INR,completed,,2026-06-03T16:48:16.146Z,2026-06-03T16:48:16.146Z
802d01a7-e5c2-4f5f-972c-9667953bb82b,tx-54fbf3ab-d0a5-48b0-bcf4-9bac13b3748c,4f64b206-7b74-44ce-b39f-89049ebd4e3f,77f216ae-66bd-4d6b-9dcf-ac7ac8c779cc,319,INR,completed,,2026-06-04T16:48:16.146Z,2026-06-04T16:48:16.146Z
8fea0ebf-5a2e-4d51-ad88-01de9c3dbe56,dep-158cf549-59e1-46d8-ac7a-b4a24f0d468c,,2e25c793-17ff-4230-b58d-17dfcc222464,13882,INR,completed,,2026-06-04T16:48:16.146Z,2026-06-04T16:48:16.146Z
e6803b65-7c61-4da7-847d-c83695195106,tx-bd8e7d2b-0e96-4c09-be5a-2ca5fff7140f,dfffab37-7984-45e6-bfd9-bcb0617b8a82,77f216ae-66bd-4d6b-9dcf-ac7ac8c779cc,237,INR,completed,,2026-06-04T16:48:16.146Z,2026-06-04T16:48:16.146Z
501b7e1a-4558-4d3c-a68f-c933366cea47,tx-7ac742ad-64a9-4926-abb0-b99a51ce3e67,cc817b0a-5cde-4437-9047-eb0a6c1b8735,68e8cdc4-a89c-4489-9d80-d6345ef95f59,765,INR,completed,,2026-06-04T16:48:16.146Z,2026-06-04T16:48:16.146Z
3e5183b8-c94d-4215-b89b-3d92f62be337,dep-ccac3b40-7349-4ce5-ac7c-a75e95d9de3f,,cc817b0a-5cde-4437-9047-eb0a6c1b8735,38.25,INR,completed,,2026-06-04T16:48:16.146Z,2026-06-04T16:48:16.146Z
ecc13a14-a9bc-4b5c-9933-9eaded5139a8,tx-bfb4b2e8-b34c-46fe-8524-d7334f722b45,4c9659e2-39a0-491a-9392-94dfda2a7ad5,8c25909a-227f-4d95-86a1-9033ec6e34a4,413,INR,completed,,2026-06-04T16:48:16.146Z,2026-06-04T16:48:16.146Z
0cedf772-63ed-4ea1-a64e-fe70e36a6de4,tx-87d34a58-8c94-44de-9c09-6e4c060ba09c,4f64b206-7b74-44ce-b39f-89049ebd4e3f,0e5d4bb0-d613-443b-beef-163eb4214b67,4329,INR,completed,,2026-06-05T16:48:16.146Z,2026-06-05T16:48:16.146Z
67ddc97d-58d3-48c1-9c5d-9e32c6637338,tx-f5688c2f-147b-4804-9c7a-3aa9a2953849,4f64b206-7b74-44ce-b39f-89049ebd4e3f,77f216ae-66bd-4d6b-9dcf-ac7ac8c779cc,239,INR,completed,,2026-06-05T16:48:16.146Z,2026-06-05T16:48:16.146Z
9e4e8a02-17d1-465a-b74e-ae93319b2f70,dep-8a7be3b7-99b5-4db3-8693-fadcccccc449,,2e25c793-17ff-4230-b58d-17dfcc222464,6394,INR,completed,,2026-06-05T16:48:16.146Z,2026-06-05T16:48:16.146Z
445cfb8f-9d61-4c35-81bc-f00a68c41038,dep-4f6ed713-b79e-4896-9d50-f4e6f298a83e,,2e25c793-17ff-4230-b58d-17dfcc222464,14621,INR,completed,,2026-06-05T16:48:16.146Z,2026-06-05T16:48:16.146Z
fadb6585-65a3-4ef7-adac-4275bd974270,tx-dce4a2b4-2169-488e-8c70-2a5a830c272c,2e25c793-17ff-4230-b58d-17dfcc222464,78d754c3-7421-45c6-af19-62af10c7d7a7,52760,INR,completed,,2026-06-05T16:48:16.146Z,2026-06-05T16:48:16.146Z
d68310c6-d04f-4a4a-9de5-2aae92438156,tx-da0f37f4-c171-439b-9acf-a2d4ee4b2571,2e25c793-17ff-4230-b58d-17dfcc222464,8c25909a-227f-4d95-86a1-9033ec6e34a4,291,INR,completed,,2026-06-05T16:48:16.146Z,2026-06-05T16:48:16.146Z
a207e1ed-7809-4f90-8d0f-f2debd9b8e82,tx-f230f123-7aa0-4463-b4f4-953615770d27,d53314e5-d645-464a-99cf-45ed1a35e9fd,4778cfd7-bd59-44d1-88ad-ffa43d403800,10348,INR,completed,,2026-06-05T16:48:16.146Z,2026-06-05T16:48:16.146Z
5454d9b1-c2d4-45f5-b155-3e3e668d5844,tx-da34aed7-5b9e-437b-baa7-44cf880897a3,cc817b0a-5cde-4437-9047-eb0a6c1b8735,99326bcd-2ed0-4319-b6a7-a9d1ac39f1b2,214,INR,completed,,2026-06-05T16:48:16.146Z,2026-06-05T16:48:16.146Z
6d2066cd-32ad-4c4e-a61e-4107ccc4ab01,tx-1cc53892-efe9-4c64-85a1-7a762582d1e9,4f64b206-7b74-44ce-b39f-89049ebd4e3f,8fecc2ac-282e-4044-a1dd-0ef257c60926,2606,INR,completed,,2026-06-06T16:48:16.146Z,2026-06-06T16:48:16.146Z
ceb7cfc3-5ce8-4262-8074-6763bc1c9335,tx-9b8f38b3-c506-450c-9c4b-10761ccfcd54,4f64b206-7b74-44ce-b39f-89049ebd4e3f,77f216ae-66bd-4d6b-9dcf-ac7ac8c779cc,317,INR,completed,,2026-06-06T16:48:16.146Z,2026-06-06T16:48:16.146Z
de3182eb-7cde-4708-9ecf-c32c3113b095,dep-aa3325bc-b0cc-4bed-98da-d5495a156503,,2e25c793-17ff-4230-b58d-17dfcc222464,9697,INR,completed,,2026-06-06T16:48:16.146Z,2026-06-06T16:48:16.146Z
b1df5b46-42d1-42d7-99b7-48e731861909,dep-9bae9089-43fe-425a-a708-5e55083b1aae,,2e25c793-17ff-4230-b58d-17dfcc222464,16561,INR,completed,,2026-06-07T16:48:16.146Z,2026-06-07T16:48:16.146Z
398bcf37-d709-4bb3-91d4-1cf88bd85916,dep-471b0b9a-d77e-4c3d-b465-9ffc8f4e9fe7,,2e25c793-17ff-4230-b58d-17dfcc222464,11689,INR,completed,,2026-06-07T16:48:16.146Z,2026-06-07T16:48:16.146Z
bbd1c890-04ee-41c4-a58d-6ba6ef7e0113,tx-6db11e8f-1133-4094-9a5a-9b72632b6efc,2e25c793-17ff-4230-b58d-17dfcc222464,655846c2-aeb1-41c7-b562-4937ad6f5c8b,18000,INR,completed,,2026-06-07T16:48:16.146Z,2026-06-07T16:48:16.146Z
ee8d71f9-2209-482b-a422-f6dbaf1284af,tx-9442d759-62b0-4dbd-a284-e27c992365ef,d53314e5-d645-464a-99cf-45ed1a35e9fd,8c25909a-227f-4d95-86a1-9033ec6e34a4,1003,INR,completed,,2026-06-07T16:48:16.146Z,2026-06-07T16:48:16.146Z
2efb94a4-29ea-4781-9268-12ed62b5c0ca,dep-4e3aed96-93aa-464d-8fe0-b76c95386928,,dfffab37-7984-45e6-bfd9-bcb0617b8a82,5000,INR,completed,,2026-06-07T16:48:16.146Z,2026-06-07T16:48:16.146Z
5b401db7-e4af-4890-b0f8-2048081e8d83,dep-4d1f902e-5cea-424f-8330-d82200c55b94,,cc817b0a-5cde-4437-9047-eb0a6c1b8735,4000,INR,completed,,2026-06-07T16:48:16.146Z,2026-06-07T16:48:16.146Z
cb9ddf14-081e-40e2-9628-c78873f41be1,dep-6fb78cbe-27ff-48fe-ba43-e530df069ee3,,2e25c793-17ff-4230-b58d-17dfcc222464,12111,INR,completed,,2026-06-08T16:48:16.146Z,2026-06-08T16:48:16.146Z
15d52b40-7ad7-4802-ae49-361a2c364af9,tx-46edecc6-3d2f-447c-8f4a-b500294c9475,d53314e5-d645-464a-99cf-45ed1a35e9fd,77f216ae-66bd-4d6b-9dcf-ac7ac8c779cc,1107,INR,completed,,2026-06-08T16:48:16.146Z,2026-06-08T16:48:16.146Z
d87bbe07-a787-4366-a4af-69c37bfed02d,tx-8ed3f6dd-6e93-4a0e-8003-74065f877f5f,dfffab37-7984-45e6-bfd9-bcb0617b8a82,99326bcd-2ed0-4319-b6a7-a9d1ac39f1b2,358,INR,completed,,2026-06-08T16:48:16.146Z,2026-06-08T16:48:16.146Z
13bdf186-e461-44e4-aec7-9651f407aa0a,tx-05c31451-7b10-4eff-b6a8-22b325aabc73,2e25c793-17ff-4230-b58d-17dfcc222464,77f216ae-66bd-4d6b-9dcf-ac7ac8c779cc,690,INR,completed,,2026-06-09T16:48:16.146Z,2026-06-09T16:48:16.146Z
ea218f85-f706-4662-942c-2e7f68cfa89b,tx-eef3f73c-53dd-4b48-8baa-bf4b110a6b7f,d53314e5-d645-464a-99cf-45ed1a35e9fd,8c25909a-227f-4d95-86a1-9033ec6e34a4,1295,INR,completed,,2026-06-09T16:48:16.146Z,2026-06-09T16:48:16.146Z
9a595218-21df-4777-a92c-0c58f6ec8cc5,dep-795c03e6-effa-4d58-95f2-9a6b862c98fa,,4c9659e2-39a0-491a-9392-94dfda2a7ad5,36654,INR,completed,,2026-06-09T16:48:16.146Z,2026-06-09T16:48:16.146Z
e916c047-42c7-41b5-acba-2f48472c0fe3,tx-3aa53789-aa47-45b5-8fe7-fd54fc14ca00,4c9659e2-39a0-491a-9392-94dfda2a7ad5,99326bcd-2ed0-4319-b6a7-a9d1ac39f1b2,416,INR,completed,,2026-06-09T16:48:16.146Z,2026-06-09T16:48:16.146Z
afdfd598-1c6f-4d7c-8150-0711c9085426,tx-a6a84902-821a-42e7-84fa-e9f6f2b32ee6,4f64b206-7b74-44ce-b39f-89049ebd4e3f,bcf7c323-ee7b-4313-95c0-68f74cfeb2bb,199,INR,completed,,2026-06-10T16:48:16.146Z,2026-06-10T16:48:16.146Z
b592669c-cd83-44d4-a9c5-8740a345959c,tx-4c8db5f7-956b-4c7c-85c7-44fd4619cb65,4f64b206-7b74-44ce-b39f-89049ebd4e3f,8f5bd58f-2868-4aff-b5da-41454b5bb662,699,INR,completed,,2026-06-10T16:48:16.146Z,2026-06-10T16:48:16.146Z
805d48f2-208b-4540-b840-c29f41bfee6b,dep-7d7b8bcb-9569-4f61-a860-34e44a29dfe8,,2e25c793-17ff-4230-b58d-17dfcc222464,17359,INR,completed,,2026-06-10T16:48:16.146Z,2026-06-10T16:48:16.146Z
8cd7437f-ef22-4b14-854b-d67c25ad434f,dep-2311866f-7dfd-414a-b550-c57bd014d4c0,,2e25c793-17ff-4230-b58d-17dfcc222464,17592,INR,completed,,2026-06-10T16:48:16.146Z,2026-06-10T16:48:16.146Z
3648f47c-ce2b-41a2-a75b-08a5c1b0fb91,tx-007d7f7f-d1e4-42d1-b767-a5806c7ff223,2e25c793-17ff-4230-b58d-17dfcc222464,8c25909a-227f-4d95-86a1-9033ec6e34a4,283,INR,completed,,2026-06-10T16:48:16.146Z,2026-06-10T16:48:16.146Z
80379f05-8226-4ae3-a410-b5e3c9dfc96c,tx-fa9584ec-84d5-4bda-a1d5-baa2ac8ec27c,d53314e5-d645-464a-99cf-45ed1a35e9fd,8c25909a-227f-4d95-86a1-9033ec6e34a4,1618,INR,completed,,2026-06-10T16:48:16.146Z,2026-06-10T16:48:16.146Z
a2d0f92c-4fff-46f1-ae1e-740d5b214833,tx-480b3822-7a32-4e33-a749-c257ef23b6ca,dfffab37-7984-45e6-bfd9-bcb0617b8a82,77f216ae-66bd-4d6b-9dcf-ac7ac8c779cc,119,INR,completed,,2026-06-10T16:48:16.146Z,2026-06-10T16:48:16.146Z
db990521-fa44-4dca-b4e2-a14f51a5a77b,dep-7164b651-3619-4852-91bb-baaf8db2e98a,,2e25c793-17ff-4230-b58d-17dfcc222464,15816,INR,completed,,2026-06-11T16:48:16.146Z,2026-06-11T16:48:16.146Z
d6cfe15d-ea77-454c-9d70-6b8bee0c12ee,dep-439c097b-d84d-4551-b1bc-4070699e8a8e,,2e25c793-17ff-4230-b58d-17dfcc222464,16185,INR,completed,,2026-06-11T16:48:16.146Z,2026-06-11T16:48:16.146Z
1fe16828-0263-4a4b-8377-e2b4c2ef05fd,dep-aa00c71f-7763-4dc3-a6ff-7598c2e1d399,,2e25c793-17ff-4230-b58d-17dfcc222464,4530,INR,completed,,2026-06-11T16:48:16.146Z,2026-06-11T16:48:16.146Z
9fd30163-e488-4a44-86d4-2897235ef4bd,tx-19825836-5429-4d30-8c63-a468cf590001,d53314e5-d645-464a-99cf-45ed1a35e9fd,77f216ae-66bd-4d6b-9dcf-ac7ac8c779cc,765,INR,completed,,2026-06-11T16:48:16.146Z,2026-06-11T16:48:16.146Z
22800c8c-8138-43ae-bb69-313802d4f1a4,tx-77d21fcf-b02a-4454-b3e1-3b500c183c4e,cc817b0a-5cde-4437-9047-eb0a6c1b8735,dfffab37-7984-45e6-bfd9-bcb0617b8a82,233,INR,completed,,2026-06-11T16:48:16.146Z,2026-06-11T16:48:16.146Z
e1507fca-58a2-4589-a87b-b9998da42b23,tx-f823a7ed-2677-4bc8-8e48-b28b66006c7d,4c9659e2-39a0-491a-9392-94dfda2a7ad5,8fecc2ac-282e-4044-a1dd-0ef257c60926,1027,INR,completed,,2026-06-11T16:48:16.146Z,2026-06-11T16:48:16.146Z
8147bd15-6df5-460e-b282-843d3b166223,tx-bf6a4fd1-43e4-44cf-9fb3-34a45850016f,2e25c793-17ff-4230-b58d-17dfcc222464,8c25909a-227f-4d95-86a1-9033ec6e34a4,592,INR,completed,,2026-06-12T16:48:16.146Z,2026-06-12T16:48:16.146Z
0683ef73-53b6-4101-bc7d-41d72b5cc245,tx-3ad40749-e73b-4cfe-acf9-279f95477f70,d53314e5-d645-464a-99cf-45ed1a35e9fd,5a5c422f-2b4f-4e26-bd2e-db36096ce28f,5227,INR,completed,,2026-06-12T16:48:16.146Z,2026-06-12T16:48:16.146Z
64e75101-6d07-4c32-9957-0c9b373f2c78,tx-93a17ddf-7616-4858-87fb-8f87e2138e29,cc817b0a-5cde-4437-9047-eb0a6c1b8735,68e8cdc4-a89c-4489-9d80-d6345ef95f59,691,INR,completed,,2026-06-12T16:48:16.146Z,2026-06-12T16:48:16.146Z
9a0d015f-daad-40a1-a3bd-a13943524ccf,tx-4088857c-b576-4a62-b892-5d725c526f6d,4c9659e2-39a0-491a-9392-94dfda2a7ad5,a56c78df-bd12-4093-8857-edaaef0c6ac6,8000,INR,completed,,2026-06-12T16:48:16.146Z,2026-06-12T16:48:16.146Z
2759a92b-04e9-451e-b94b-968926fb1724,tx-c4d28081-3e28-4741-8899-1c6e4952fd4b,4f64b206-7b74-44ce-b39f-89049ebd4e3f,8fecc2ac-282e-4044-a1dd-0ef257c60926,2571,INR,completed,,2026-06-13T16:48:16.146Z,2026-06-13T16:48:16.146Z
6c03b1a8-ea00-4462-802e-67ac073500f3,dep-f96a41eb-4707-48a1-bf07-b148e8b52da3,,2e25c793-17ff-4230-b58d-17dfcc222464,11903,INR,completed,,2026-06-13T16:48:16.146Z,2026-06-13T16:48:16.146Z
07530dc2-f738-43c9-85ab-5bb3edffec52,tx-f6d5c691-3765-40b2-8cf0-bcc5f12f2a82,2e25c793-17ff-4230-b58d-17dfcc222464,8c25909a-227f-4d95-86a1-9033ec6e34a4,362,INR,completed,,2026-06-13T16:48:16.146Z,2026-06-13T16:48:16.146Z
eafc1e38-1be0-45c2-8f53-08e5ee7c3eb0,tx-284c955f-1bd8-4549-89c9-40bba2fa1658,d53314e5-d645-464a-99cf-45ed1a35e9fd,8c25909a-227f-4d95-86a1-9033ec6e34a4,1446,INR,completed,,2026-06-13T16:48:16.146Z,2026-06-13T16:48:16.146Z
17d880b1-d01e-4a54-9993-19236b091ba1,tx-124dd161-e052-4b70-854d-39d24b197348,cc817b0a-5cde-4437-9047-eb0a6c1b8735,99326bcd-2ed0-4319-b6a7-a9d1ac39f1b2,403,INR,completed,,2026-06-13T16:48:16.146Z,2026-06-13T16:48:16.146Z
43dd9d97-cf15-4737-9e68-3333dbf341b2,dep-1ec133c8-d1e4-4ad2-b593-8c85e0973d89,,2e25c793-17ff-4230-b58d-17dfcc222464,17631,INR,completed,,2026-06-14T16:48:16.146Z,2026-06-14T16:48:16.146Z
ed31f498-8f3b-42da-b097-3a422c0acc52,tx-5ec6da30-8fb3-4460-b35e-79ad849c898e,2e25c793-17ff-4230-b58d-17dfcc222464,77f216ae-66bd-4d6b-9dcf-ac7ac8c779cc,481,INR,completed,,2026-06-14T16:48:16.146Z,2026-06-14T16:48:16.146Z
65efee77-ed48-4563-8a84-7aafc827c7c3,tx-7361d371-ca48-4693-9209-6b1d2a971c60,d53314e5-d645-464a-99cf-45ed1a35e9fd,77f216ae-66bd-4d6b-9dcf-ac7ac8c779cc,661,INR,completed,,2026-06-14T16:48:16.146Z,2026-06-14T16:48:16.146Z
5956e540-8b23-4520-97da-432283c17f9e,dep-f3f7198e-4301-47b8-a100-6d50919339ce,,dfffab37-7984-45e6-bfd9-bcb0617b8a82,5000,INR,completed,,2026-06-14T16:48:16.146Z,2026-06-14T16:48:16.146Z
66dd5b5e-3f12-42aa-a433-597f037ac853,dep-5ce91455-aaac-4f16-b4ab-e3ce99554304,,cc817b0a-5cde-4437-9047-eb0a6c1b8735,4000,INR,completed,,2026-06-14T16:48:16.146Z,2026-06-14T16:48:16.146Z
568da35c-c33d-4490-a899-1336e0e662b5,tx-711893fb-5571-498b-9626-4eb6c0946b66,cc817b0a-5cde-4437-9047-eb0a6c1b8735,99326bcd-2ed0-4319-b6a7-a9d1ac39f1b2,337,INR,completed,,2026-06-14T16:48:16.146Z,2026-06-14T16:48:16.146Z
8e68ec52-4e9b-45b5-aa2c-96f8d5534c64,tx-8fce0f07-4dd3-4d9c-bde6-c2a910a4b691,4f64b206-7b74-44ce-b39f-89049ebd4e3f,68e8cdc4-a89c-4489-9d80-d6345ef95f59,1635,INR,completed,,2026-06-15T16:48:16.146Z,2026-06-15T16:48:16.146Z
bdbe36d4-72c3-4b70-9e7e-041849ee925a,tx-3995d419-88c9-4222-adfe-ed40a17aaf1f,2e25c793-17ff-4230-b58d-17dfcc222464,78d754c3-7421-45c6-af19-62af10c7d7a7,58237,INR,completed,,2026-06-15T16:48:16.146Z,2026-06-15T16:48:16.146Z
a9e1a4c1-7453-4b27-b1a6-21105b7bef1c,tx-37d07fe3-2203-421d-abe5-fec7a1245bf8,dfffab37-7984-45e6-bfd9-bcb0617b8a82,68e8cdc4-a89c-4489-9d80-d6345ef95f59,1073,INR,completed,,2026-06-15T16:48:16.146Z,2026-06-15T16:48:16.146Z
f7142ac6-1ba7-4523-9476-a141753475f5,dep-75691b12-e054-4618-a2ce-23764c07797c,,dfffab37-7984-45e6-bfd9-bcb0617b8a82,53.65,INR,completed,,2026-06-15T16:48:16.146Z,2026-06-15T16:48:16.146Z
d988ca85-5ae4-4e6c-b6cb-27e95f4826c7,tx-74f2f3a5-d2a0-4ac7-9af1-0df591911402,cc817b0a-5cde-4437-9047-eb0a6c1b8735,68e8cdc4-a89c-4489-9d80-d6345ef95f59,327,INR,completed,,2026-06-15T16:48:16.146Z,2026-06-15T16:48:16.146Z
fcc1db50-7580-4031-bb8e-1c57b2127f9b,tx-146659cd-0cab-4bda-92aa-9d332a9130bd,4c9659e2-39a0-491a-9392-94dfda2a7ad5,68e8cdc4-a89c-4489-9d80-d6345ef95f59,2769,INR,completed,,2026-06-15T16:48:16.146Z,2026-06-15T16:48:16.146Z
04eec976-9c7c-4341-b1df-8c7453d18869,tx-910f3085-cb46-4e61-aca3-ffac96ed4593,4f64b206-7b74-44ce-b39f-89049ebd4e3f,68e8cdc4-a89c-4489-9d80-d6345ef95f59,3461,INR,completed,,2026-06-16T16:48:16.146Z,2026-06-16T16:48:16.146Z
3c0eefd9-b23d-414f-ad2b-418d4070299d,dep-f95d4cdd-ad29-456e-bb2a-0a41b207336e,,2e25c793-17ff-4230-b58d-17dfcc222464,14009,INR,completed,,2026-06-16T16:48:16.146Z,2026-06-16T16:48:16.146Z
ee3b7c98-0bbd-48a2-b513-85a4134e56ab,tx-266d2d84-cfbf-49ac-94ce-263f7d4537d8,dfffab37-7984-45e6-bfd9-bcb0617b8a82,68e8cdc4-a89c-4489-9d80-d6345ef95f59,294,INR,completed,,2026-06-16T16:48:16.146Z,2026-06-16T16:48:16.146Z
86241349-5fdc-4612-b3b1-e35903ad0481,tx-97bfbc1b-f9d7-48cc-8c6b-a7f1b0c3f3c0,4c9659e2-39a0-491a-9392-94dfda2a7ad5,99326bcd-2ed0-4319-b6a7-a9d1ac39f1b2,579,INR,completed,,2026-06-16T16:48:16.146Z,2026-06-16T16:48:16.146Z
cb720bd8-01b2-4f12-b1df-f8e486e0051a,dep-87cbd395-83b4-465e-afad-6911a117c48c,,2e25c793-17ff-4230-b58d-17dfcc222464,11599,INR,completed,,2026-06-17T16:48:16.146Z,2026-06-17T16:48:16.146Z
7528204f-3a32-48d0-b084-10e22ed59b77,dep-81d93539-b4e0-435f-900a-3f931ef8a7e7,,2e25c793-17ff-4230-b58d-17dfcc222464,14708,INR,completed,,2026-06-17T16:48:16.146Z,2026-06-17T16:48:16.146Z
b8dbd393-1084-4f93-b7bf-a6695e2db96e,dep-87e6b881-0f64-4c4a-9308-953670ce5a13,,2e25c793-17ff-4230-b58d-17dfcc222464,6562,INR,completed,,2026-06-18T16:48:16.146Z,2026-06-18T16:48:16.146Z
dc866c6b-8c57-42a9-85f0-24c940b98bd1,dep-1877ec6e-a59c-4a1f-a031-be31350c14ba,,2e25c793-17ff-4230-b58d-17dfcc222464,7265,INR,completed,,2026-06-18T16:48:16.146Z,2026-06-18T16:48:16.146Z
7f167a06-e868-4fca-b1ea-f0c347621c43,dep-7f7502d7-7efc-4043-9be6-06ef628b701f,,2e25c793-17ff-4230-b58d-17dfcc222464,7330,INR,completed,,2026-06-18T16:48:16.146Z,2026-06-18T16:48:16.146Z
5b14a3d3-6585-45f2-b9ad-841547c1a897,tx-a77de6d5-19ad-4335-bb7e-540c10718552,2e25c793-17ff-4230-b58d-17dfcc222464,68e8cdc4-a89c-4489-9d80-d6345ef95f59,1491,INR,completed,,2026-06-18T16:48:16.146Z,2026-06-18T16:48:16.146Z
f0d68104-24d8-44ad-982e-ba16e54a2883,tx-a783193f-de72-446f-9f27-05654da4b931,dfffab37-7984-45e6-bfd9-bcb0617b8a82,cc817b0a-5cde-4437-9047-eb0a6c1b8735,82,INR,completed,,2026-06-18T16:48:16.146Z,2026-06-18T16:48:16.146Z
6638a0da-861d-499b-b34a-08d6a8f0c858,dep-4541dadc-a84e-48a6-bdb8-8a5eb5615f04,,2e25c793-17ff-4230-b58d-17dfcc222464,8882,INR,completed,,2026-06-19T16:48:16.146Z,2026-06-19T16:48:16.146Z
f3ff3772-40c0-4008-81d5-dc06ec2c3c30,dep-c3f2ebff-77c3-4c44-99cf-69c43e2049cd,,2e25c793-17ff-4230-b58d-17dfcc222464,13499,INR,completed,,2026-06-19T16:48:16.146Z,2026-06-19T16:48:16.146Z
71d1c99d-3fa3-4deb-85f5-246e6cf8f8a4,dep-41e3c43d-7254-49dd-b737-90823d1375ce,,2e25c793-17ff-4230-b58d-17dfcc222464,5577,INR,completed,,2026-06-19T16:48:16.146Z,2026-06-19T16:48:16.146Z
824d2de9-1f3a-4b84-a80b-db6a3f5043cf,tx-4296efdc-4c9e-42c1-9d16-f14d57707398,2e25c793-17ff-4230-b58d-17dfcc222464,77f216ae-66bd-4d6b-9dcf-ac7ac8c779cc,592,INR,completed,,2026-06-19T16:48:16.146Z,2026-06-19T16:48:16.146Z
57f66cc4-94b6-4211-bf50-75ff91e2e902,tx-7a6a319d-7e78-4eb5-a9ea-9a3ac705390f,d53314e5-d645-464a-99cf-45ed1a35e9fd,99326bcd-2ed0-4319-b6a7-a9d1ac39f1b2,631,INR,completed,,2026-06-19T16:48:16.146Z,2026-06-19T16:48:16.146Z
1af6e042-1066-4fe1-b290-ed2f97514748,tx-32d88b9a-0c45-4beb-be89-62362cd48a8c,dfffab37-7984-45e6-bfd9-bcb0617b8a82,68e8cdc4-a89c-4489-9d80-d6345ef95f59,993,INR,completed,,2026-06-19T16:48:16.146Z,2026-06-19T16:48:16.146Z
85e2fdb7-41ac-4baa-9412-110a0963a866,tx-79a1fd1b-04da-4d47-a8d4-5ff48b999107,cc817b0a-5cde-4437-9047-eb0a6c1b8735,99326bcd-2ed0-4319-b6a7-a9d1ac39f1b2,379,INR,completed,,2026-06-19T16:48:16.146Z,2026-06-19T16:48:16.146Z
e9725ff0-6e58-42b8-966b-171a77b5b628,tx-204632a2-e646-4889-82e1-477fec9f8b6b,4f64b206-7b74-44ce-b39f-89049ebd4e3f,8fecc2ac-282e-4044-a1dd-0ef257c60926,3163,INR,completed,,2026-06-20T16:48:16.146Z,2026-06-20T16:48:16.146Z
88b2c7a5-c2b9-42f1-86f7-1194733a7a74,dep-61966ff8-918f-44bb-b67f-ca7f5476bc07,,2e25c793-17ff-4230-b58d-17dfcc222464,10489,INR,completed,,2026-06-20T16:48:16.146Z,2026-06-20T16:48:16.146Z
35698686-f7be-4b14-abb2-62e46f4b29cd,dep-ee412c07-1fa7-4cd8-8ac9-008a8a729cfa,,2e25c793-17ff-4230-b58d-17dfcc222464,4703,INR,completed,,2026-06-20T16:48:16.146Z,2026-06-20T16:48:16.146Z
983465c8-224f-4cb1-a877-c6610dba4ff0,tx-24ffb186-11b7-4b3f-9731-6da602bc452f,d53314e5-d645-464a-99cf-45ed1a35e9fd,99326bcd-2ed0-4319-b6a7-a9d1ac39f1b2,369,INR,completed,,2026-06-20T16:48:16.146Z,2026-06-20T16:48:16.146Z
38920c21-e932-4ae0-b5b5-6977062ab65a,tx-758a9837-dff8-425a-94a8-683eccba73e5,dfffab37-7984-45e6-bfd9-bcb0617b8a82,68e8cdc4-a89c-4489-9d80-d6345ef95f59,497,INR,completed,,2026-06-20T16:48:16.146Z,2026-06-20T16:48:16.146Z
d03596a1-f825-46bc-a76a-cc55c9c0156b,tx-f7f62c2b-d981-4c8d-9b5e-cd4fffaae8a5,4c9659e2-39a0-491a-9392-94dfda2a7ad5,99326bcd-2ed0-4319-b6a7-a9d1ac39f1b2,568,INR,completed,,2026-06-20T16:48:16.146Z,2026-06-20T16:48:16.146Z
92022635-d8af-4be3-a457-7fbdba4c9f4b,tx-d0d7faeb-5c9e-44ec-b77c-bf7f343c0838,2e25c793-17ff-4230-b58d-17dfcc222464,68e8cdc4-a89c-4489-9d80-d6345ef95f59,8300,INR,completed,,2026-06-21T16:48:16.146Z,2026-06-21T16:48:16.146Z
9097fb40-eac3-4932-ba17-5808b4948ee8,dep-690d7de8-a8ee-4c38-a7d1-a27f48e3c430,,dfffab37-7984-45e6-bfd9-bcb0617b8a82,5000,INR,completed,,2026-06-21T16:48:16.146Z,2026-06-21T16:48:16.146Z
7403fd8a-748b-4937-90d9-a9aca5f10245,dep-5bfe10d7-e56a-4c06-83f9-f6496d851fc1,,cc817b0a-5cde-4437-9047-eb0a6c1b8735,4000,INR,completed,,2026-06-21T16:48:16.146Z,2026-06-21T16:48:16.146Z
a3547a31-5622-4c9c-8369-cad7ed35ea94,dep-1f1fa2ae-34d3-4505-b14b-0c0eb0644a71,,2e25c793-17ff-4230-b58d-17dfcc222464,4609,INR,completed,,2026-06-22T16:48:16.146Z,2026-06-22T16:48:16.146Z
2e196014-7e1f-416a-9dd1-2a2c420c1d21,tx-ffc688be-22a2-4db5-8849-b5c02bb5fce4,2e25c793-17ff-4230-b58d-17dfcc222464,8c25909a-227f-4d95-86a1-9033ec6e34a4,314,INR,completed,,2026-06-22T16:48:16.146Z,2026-06-22T16:48:16.146Z
87236850-d53c-4a46-b67a-faa636f434d4,tx-c8863e6d-e336-4a8c-a383-d37767c582f0,4c9659e2-39a0-491a-9392-94dfda2a7ad5,99326bcd-2ed0-4319-b6a7-a9d1ac39f1b2,363,INR,completed,,2026-06-22T16:48:16.146Z,2026-06-22T16:48:16.146Z
e914f59f-6f56-409f-b1b5-450b2043e55b,tx-cf18b501-6731-4f90-9b1a-d9f8d46b7223,4f64b206-7b74-44ce-b39f-89049ebd4e3f,77f216ae-66bd-4d6b-9dcf-ac7ac8c779cc,266,INR,completed,,2026-06-23T16:48:16.146Z,2026-06-23T16:48:16.146Z
ad9754c0-5447-469b-b351-2ead47183772,dep-272d65ad-87e8-4704-aff8-ce85ffc4d1cc,,2e25c793-17ff-4230-b58d-17dfcc222464,10982,INR,completed,,2026-06-23T16:48:16.146Z,2026-06-23T16:48:16.146Z
6c4aa274-e6c7-49eb-aad9-5e633f9534ad,dep-595e6487-00ba-425f-b6e0-7a890a2bf904,,2e25c793-17ff-4230-b58d-17dfcc222464,11221,INR,completed,,2026-06-23T16:48:16.146Z,2026-06-23T16:48:16.146Z
6366ac6e-0c23-469c-acb3-776dc0d84a7b,dep-f0910333-93f9-4920-857d-270a3dd02145,,2e25c793-17ff-4230-b58d-17dfcc222464,7944,INR,completed,,2026-06-23T16:48:16.146Z,2026-06-23T16:48:16.146Z
563b0b66-4a93-4044-ab4f-320b24a49429,tx-5f0c704e-2bd8-42de-9e69-594c83923adf,dfffab37-7984-45e6-bfd9-bcb0617b8a82,77f216ae-66bd-4d6b-9dcf-ac7ac8c779cc,310,INR,completed,,2026-06-23T16:48:16.146Z,2026-06-23T16:48:16.146Z
7129f6d5-a638-4906-8d1b-49cf65a4b41a,tx-bdfe83be-6ede-43f7-a99e-a26e57a12e70,4c9659e2-39a0-491a-9392-94dfda2a7ad5,99326bcd-2ed0-4319-b6a7-a9d1ac39f1b2,371,INR,completed,,2026-06-23T16:48:16.146Z,2026-06-23T16:48:16.146Z
56ab004e-bea5-4da9-89ca-4dc1b00ba7be,dep-7069cdbe-1262-4bee-aa9b-af5c1743767e,,2e25c793-17ff-4230-b58d-17dfcc222464,8294,INR,completed,,2026-06-24T16:48:16.146Z,2026-06-24T16:48:16.146Z
448b8f15-e4d2-4a20-a25a-228d55110c84,dep-4fe79389-75c0-42fd-b93a-77d01582e195,,2e25c793-17ff-4230-b58d-17dfcc222464,8852,INR,completed,,2026-06-24T16:48:16.146Z,2026-06-24T16:48:16.146Z
cbb4800d-b662-4eca-afe1-9562b9fafae7,tx-130c486b-62c6-40fe-91aa-1f586dd1f3e9,dfffab37-7984-45e6-bfd9-bcb0617b8a82,68e8cdc4-a89c-4489-9d80-d6345ef95f59,391,INR,completed,,2026-06-24T16:48:16.146Z,2026-06-24T16:48:16.146Z
6a25a2cd-7228-4ac9-a778-2dee801d7180,tx-a597fcde-85f1-4379-98dc-f4a05f1a475d,cc817b0a-5cde-4437-9047-eb0a6c1b8735,68e8cdc4-a89c-4489-9d80-d6345ef95f59,666,INR,completed,,2026-06-24T16:48:16.146Z,2026-06-24T16:48:16.146Z
f66eff76-8dd2-4ca0-a690-e86280f34b69,dep-c33902d5-0237-4a09-9a83-081e8db419fa,,2e25c793-17ff-4230-b58d-17dfcc222464,5794,INR,completed,,2026-06-25T16:48:16.146Z,2026-06-25T16:48:16.146Z
915edb5e-b9d1-447e-8f49-5a2a69ca8fd0,dep-03e5af9d-88a1-4d3d-9d04-982724bcfeda,,2e25c793-17ff-4230-b58d-17dfcc222464,16413,INR,completed,,2026-06-25T16:48:16.146Z,2026-06-25T16:48:16.146Z
410e81f0-8faa-49a5-8235-df468d8ddabd,tx-8c2f1a0c-1fb3-4834-a650-cfb69fa55b25,2e25c793-17ff-4230-b58d-17dfcc222464,78d754c3-7421-45c6-af19-62af10c7d7a7,32418,INR,completed,,2026-06-25T16:48:16.146Z,2026-06-25T16:48:16.146Z
98e56bc0-d2a0-42ed-8fac-204303c0d239,tx-ac34216a-5a2e-4559-853d-c3e5975de38e,2e25c793-17ff-4230-b58d-17dfcc222464,68e8cdc4-a89c-4489-9d80-d6345ef95f59,5230,INR,completed,,2026-06-26T16:48:16.146Z,2026-06-26T16:48:16.146Z
be0f946b-29d7-4518-8d10-6b1bb3be24f7,tx-1ad671a0-79e4-4a17-a878-930c9b348cac,cc817b0a-5cde-4437-9047-eb0a6c1b8735,99326bcd-2ed0-4319-b6a7-a9d1ac39f1b2,174,INR,completed,,2026-06-26T16:48:16.146Z,2026-06-26T16:48:16.146Z
dd697215-4371-4d64-a37e-f5ba9d6c8d36,tx-f1b213ab-f7bd-4135-bf03-c1444144eada,4c9659e2-39a0-491a-9392-94dfda2a7ad5,77f216ae-66bd-4d6b-9dcf-ac7ac8c779cc,439,INR,completed,,2026-06-26T16:48:16.146Z,2026-06-26T16:48:16.146Z
c93056d9-91d2-468e-b718-45c191f9dae9,tx-d3702a2f-c735-4280-b003-8c0356c19b59,4f64b206-7b74-44ce-b39f-89049ebd4e3f,8fecc2ac-282e-4044-a1dd-0ef257c60926,3066,INR,completed,,2026-06-27T16:48:16.146Z,2026-06-27T16:48:16.146Z
bb4d287d-ea52-453f-b87f-77fda7ce7f60,tx-0ca8e029-8dea-4eb0-867c-3a295af1e461,4f64b206-7b74-44ce-b39f-89049ebd4e3f,68e8cdc4-a89c-4489-9d80-d6345ef95f59,1824,INR,completed,,2026-06-27T16:48:16.146Z,2026-06-27T16:48:16.146Z
f909c331-0fd3-4106-973a-e34b2680695c,dep-ee9b07bc-0907-4843-9bb6-bd022af89910,,2e25c793-17ff-4230-b58d-17dfcc222464,16816,INR,completed,,2026-06-27T16:48:16.146Z,2026-06-27T16:48:16.146Z
7912bc93-7ce0-4390-92ac-bb9ed4c9771a,tx-df765f70-a2a9-4d4b-aa49-2de9d471a5be,d53314e5-d645-464a-99cf-45ed1a35e9fd,99326bcd-2ed0-4319-b6a7-a9d1ac39f1b2,568,INR,completed,,2026-06-27T16:48:16.146Z,2026-06-27T16:48:16.146Z
90725d72-4fba-4a58-ba4f-bb0dd9e7a87b,tx-50f29152-75e7-47cb-9369-9697a481df47,4c9659e2-39a0-491a-9392-94dfda2a7ad5,8fecc2ac-282e-4044-a1dd-0ef257c60926,821,INR,completed,,2026-06-27T16:48:16.146Z,2026-06-27T16:48:16.146Z
7a090d2b-51c2-4c40-a322-73a4a3528e52,dep-75606eb9-3bb7-4130-bd50-29512e067d64,,2e25c793-17ff-4230-b58d-17dfcc222464,4795,INR,completed,,2026-06-28T16:48:16.146Z,2026-06-28T16:48:16.146Z
89873675-b1c6-4f3f-bf20-a16b70e6cc70,dep-3234b566-98f2-488e-bad7-1a19e40368d2,,dfffab37-7984-45e6-bfd9-bcb0617b8a82,5000,INR,completed,,2026-06-28T16:48:16.146Z,2026-06-28T16:48:16.146Z
5403fa78-9cea-40a4-8cee-8f970f87a093,dep-490a96f0-f077-4f06-ad92-f5d60f32b6e5,,cc817b0a-5cde-4437-9047-eb0a6c1b8735,4000,INR,completed,,2026-06-28T16:48:16.146Z,2026-06-28T16:48:16.146Z
11873716-9419-45ce-b39f-70c157af6650,tx-91f70e27-416a-4c7b-b16e-c31137153916,cc817b0a-5cde-4437-9047-eb0a6c1b8735,77f216ae-66bd-4d6b-9dcf-ac7ac8c779cc,187,INR,completed,,2026-06-28T16:48:16.146Z,2026-06-28T16:48:16.146Z
311eef19-4adf-4fe6-a610-10f0e0847ad0,dep-d842f8fe-749c-4f60-b89a-587263ae2bc2,,2e25c793-17ff-4230-b58d-17dfcc222464,12434,INR,completed,,2026-06-29T16:48:16.146Z,2026-06-29T16:48:16.146Z
aebc2485-88cc-406a-b725-983517b32987,tx-2d27a667-c5dc-48f5-a958-b4bc21d48487,2e25c793-17ff-4230-b58d-17dfcc222464,77f216ae-66bd-4d6b-9dcf-ac7ac8c779cc,753,INR,completed,,2026-06-29T16:48:16.146Z,2026-06-29T16:48:16.146Z
10c769ac-4cfc-4301-8e8f-06b3b6d81f6e,tx-a439e6cb-533e-473b-ba58-60d218855087,d53314e5-d645-464a-99cf-45ed1a35e9fd,4778cfd7-bd59-44d1-88ad-ffa43d403800,4753,INR,completed,,2026-06-29T16:48:16.146Z,2026-06-29T16:48:16.146Z
7917afaf-1510-42f6-b030-3d44bc05cde6,tx-9d3a7520-f506-47a1-8bf9-9f4c5e5cbbfa,dfffab37-7984-45e6-bfd9-bcb0617b8a82,cc817b0a-5cde-4437-9047-eb0a6c1b8735,209,INR,completed,,2026-06-29T16:48:16.146Z,2026-06-29T16:48:16.146Z
dd997da2-82d0-4ff2-9569-526269fcc8ff,dep-23be33c0-2eee-48cf-8773-59db16a1b0bf,,4c9659e2-39a0-491a-9392-94dfda2a7ad5,37986,INR,completed,,2026-06-29T16:48:16.146Z,2026-06-29T16:48:16.146Z
5bec45a5-5095-4c40-9978-0484f3361708,tx-88ca305a-ee94-408e-9dbf-f20db143f310,4c9659e2-39a0-491a-9392-94dfda2a7ad5,8fecc2ac-282e-4044-a1dd-0ef257c60926,1397,INR,completed,,2026-06-29T16:48:16.146Z,2026-06-29T16:48:16.146Z
cf372bcc-37a0-4941-b127-8e294d09b84b,tx-884e62d4-f8e9-4b4a-b0d0-1b95421fd8ff,dfffab37-7984-45e6-bfd9-bcb0617b8a82,68e8cdc4-a89c-4489-9d80-d6345ef95f59,856,INR,completed,,2026-06-30T16:48:16.146Z,2026-06-30T16:48:16.146Z
e6a983dd-bb20-473a-878c-e598784d9b5e,tx-f42cf85b-de2b-4cdc-b5cb-65ca844a103a,4c9659e2-39a0-491a-9392-94dfda2a7ad5,8c25909a-227f-4d95-86a1-9033ec6e34a4,382,INR,completed,,2026-06-30T16:48:16.146Z,2026-06-30T16:48:16.146Z
64f074c4-7728-4b81-9eb6-24acd43fbf4c,dep-e139ea96-4ff4-4187-b983-c547484ee6fd,,4f64b206-7b74-44ce-b39f-89049ebd4e3f,85000,INR,completed,,2026-07-01T16:48:16.146Z,2026-07-01T16:48:16.146Z
0cb6b9ab-a53f-4ea8-8307-92feeacfb9ff,dep-8cc65b65-a6c8-43b7-934a-1da1c3e82def,,2e25c793-17ff-4230-b58d-17dfcc222464,17414,INR,completed,,2026-07-01T16:48:16.146Z,2026-07-01T16:48:16.146Z
ca9929fc-83c0-4158-96da-a947e5ec233f,dep-b4ca8520-b75e-4bc6-8209-e7d879a4b738,,2e25c793-17ff-4230-b58d-17dfcc222464,14155,INR,completed,,2026-07-01T16:48:16.146Z,2026-07-01T16:48:16.146Z
1ccc8c94-8515-4b58-97c2-9333208babe8,tx-2bc8f8a6-0d48-4968-80dc-a023b3ef3cbe,2e25c793-17ff-4230-b58d-17dfcc222464,68e8cdc4-a89c-4489-9d80-d6345ef95f59,4523,INR,completed,,2026-07-01T16:48:16.146Z,2026-07-01T16:48:16.146Z
906f4d14-09ec-4f9d-b1dd-85c7d392faea,dep-9783c42d-87a6-41b7-a0d8-f44ebfb0c041,,d53314e5-d645-464a-99cf-45ed1a35e9fd,120000,INR,completed,,2026-07-01T16:48:16.146Z,2026-07-01T16:48:16.146Z
905d16a8-a050-4516-8372-452d6d16507f,tx-d7d5fa46-3aee-45ff-a373-9f5af9181d0e,d53314e5-d645-464a-99cf-45ed1a35e9fd,8c25909a-227f-4d95-86a1-9033ec6e34a4,1560,INR,completed,,2026-07-01T16:48:16.146Z,2026-07-01T16:48:16.146Z
052880ce-f898-4d12-a70d-308f1f36d092,tx-9df38166-aead-42e3-b0ba-6b6dce5b5989,4f64b206-7b74-44ce-b39f-89049ebd4e3f,99326bcd-2ed0-4319-b6a7-a9d1ac39f1b2,306,INR,completed,,2026-07-02T16:48:16.146Z,2026-07-02T16:48:16.146Z
765b2864-df5f-4f98-a21e-96fd8f702a27,dep-f0bcbfef-2788-435f-b5a7-847fc7807555,,2e25c793-17ff-4230-b58d-17dfcc222464,7990,INR,completed,,2026-07-02T16:48:16.146Z,2026-07-02T16:48:16.146Z
ca31f280-9ab1-446e-aab8-3f11f9b10784,tx-4177dae1-2341-4844-9a56-8458c8dddcec,2e25c793-17ff-4230-b58d-17dfcc222464,396aaa88-f522-47e1-a4dd-f2107cc69e7a,35000,INR,completed,,2026-07-02T16:48:16.146Z,2026-07-02T16:48:16.146Z
11702520-2e44-4821-9feb-be875afa0f8e,tx-ca59c4ce-78ed-4705-8430-4925ac6902a0,dfffab37-7984-45e6-bfd9-bcb0617b8a82,cc817b0a-5cde-4437-9047-eb0a6c1b8735,103,INR,completed,,2026-07-02T16:48:16.146Z,2026-07-02T16:48:16.146Z
c7ad38b8-537e-4000-9757-83a5681deef4,tx-fc06c3ee-ea78-41b0-8173-fba5369cbd1f,4f64b206-7b74-44ce-b39f-89049ebd4e3f,396aaa88-f522-47e1-a4dd-f2107cc69e7a,25000,INR,completed,,2026-07-03T16:48:16.146Z,2026-07-03T16:48:16.146Z
388c4786-515e-43ed-a6cf-f689aef1ad0e,tx-0290de34-3923-4643-9201-777d0e94b33a,2e25c793-17ff-4230-b58d-17dfcc222464,68e8cdc4-a89c-4489-9d80-d6345ef95f59,5196,INR,completed,,2026-07-03T16:48:16.146Z,2026-07-03T16:48:16.146Z
ae7d4b75-ae4a-49e4-a10e-40e6ecccb23f,tx-b21c4e0e-a1b6-4d28-adb6-82c25ece9bcd,dfffab37-7984-45e6-bfd9-bcb0617b8a82,cc817b0a-5cde-4437-9047-eb0a6c1b8735,60,INR,completed,,2026-07-03T16:48:16.146Z,2026-07-03T16:48:16.146Z
4ba8cccc-1c91-4054-aebb-f7193d9f39a5,tx-736be44c-4612-4ac6-a311-438b1b10ba04,4c9659e2-39a0-491a-9392-94dfda2a7ad5,8c25909a-227f-4d95-86a1-9033ec6e34a4,226,INR,completed,,2026-07-03T16:48:16.146Z,2026-07-03T16:48:16.146Z
3fb0c81f-6442-42a4-8a5c-f9f67184c6a5,dep-342ee114-a1ed-42e8-b5bd-b8972de27fa0,,4c9659e2-39a0-491a-9392-94dfda2a7ad5,11.3,INR,completed,,2026-07-03T16:48:16.146Z,2026-07-03T16:48:16.146Z
56890cfd-44c9-48ad-b111-c1e393434b20,tx-f3c74b5d-a52f-4d34-a0cc-71b65323ab50,4f64b206-7b74-44ce-b39f-89049ebd4e3f,8fecc2ac-282e-4044-a1dd-0ef257c60926,2182,INR,completed,,2026-07-04T16:48:16.146Z,2026-07-04T16:48:16.146Z
d3d10687-962a-4cf6-9a46-50ef1759a7de,tx-38dc9dde-4abb-484e-a621-a19a73153562,4f64b206-7b74-44ce-b39f-89049ebd4e3f,68e8cdc4-a89c-4489-9d80-d6345ef95f59,1226,INR,completed,,2026-07-04T16:48:16.146Z,2026-07-04T16:48:16.146Z
4d7017bf-c038-4584-8e89-aaeaa1f9c462,dep-3de4ed80-11fe-4959-93a1-77a5b97cb807,,2e25c793-17ff-4230-b58d-17dfcc222464,11956,INR,completed,,2026-07-04T16:48:16.146Z,2026-07-04T16:48:16.146Z
68bd1d5f-421d-4fb2-8dad-3dcd3868f14d,dep-9fc65256-611e-4a9c-8b91-4c2ba883b941,,2e25c793-17ff-4230-b58d-17dfcc222464,13840,INR,completed,,2026-07-04T16:48:16.146Z,2026-07-04T16:48:16.146Z
e31d577f-41a0-4e74-986e-267404bfcde8,tx-75cca664-7275-4eb0-aa92-f2e609a3ee90,4c9659e2-39a0-491a-9392-94dfda2a7ad5,8c25909a-227f-4d95-86a1-9033ec6e34a4,460,INR,completed,,2026-07-04T16:48:16.146Z,2026-07-04T16:48:16.146Z
54f8f1f1-8bff-4886-b9b4-178cd8cc0baa,tx-15a37498-3bdd-495b-839e-2be2baa046d0,4f64b206-7b74-44ce-b39f-89049ebd4e3f,0e5d4bb0-d613-443b-beef-163eb4214b67,2988,INR,completed,,2026-07-05T16:48:16.146Z,2026-07-05T16:48:16.146Z
8dd25a99-891e-4fbf-a3a3-ba91dae425e3,dep-9d75d271-01a9-4073-8ab3-43dc2f745d33,,2e25c793-17ff-4230-b58d-17dfcc222464,11108,INR,completed,,2026-07-05T16:48:16.146Z,2026-07-05T16:48:16.146Z
36759586-de48-416a-a5b0-4b7f703d211c,dep-026b6cad-354c-4a1d-a027-ed89e3642ace,,2e25c793-17ff-4230-b58d-17dfcc222464,10420,INR,completed,,2026-07-05T16:48:16.146Z,2026-07-05T16:48:16.146Z
f9ed8250-db22-48d2-80ff-ca80ff324ae6,dep-a544e986-0279-42f7-bdc8-fc67fddbbe2b,,2e25c793-17ff-4230-b58d-17dfcc222464,8884,INR,completed,,2026-07-05T16:48:16.146Z,2026-07-05T16:48:16.146Z
e21e98c6-8140-40bb-82dd-14cb451304b2,tx-fdd293ff-ac26-418e-8f01-82e866f508bd,2e25c793-17ff-4230-b58d-17dfcc222464,78d754c3-7421-45c6-af19-62af10c7d7a7,49311,INR,completed,,2026-07-05T16:48:16.146Z,2026-07-05T16:48:16.146Z
767edd12-bd4a-416a-b8af-1447399da557,tx-1d71c089-9430-4570-8666-76b26f1f9add,2e25c793-17ff-4230-b58d-17dfcc222464,77f216ae-66bd-4d6b-9dcf-ac7ac8c779cc,353,INR,completed,,2026-07-05T16:48:16.146Z,2026-07-05T16:48:16.146Z
0028d1b3-daf6-4e54-9356-3bf2ae0832b8,tx-059be52e-30dc-4168-a275-6e3cb843d590,d53314e5-d645-464a-99cf-45ed1a35e9fd,77f216ae-66bd-4d6b-9dcf-ac7ac8c779cc,481,INR,completed,,2026-07-05T16:48:16.146Z,2026-07-05T16:48:16.146Z
78ab002e-f7c6-4aae-ad9c-516dcbbed98e,dep-838cc7a0-140f-4df0-8623-8a006de643a9,,dfffab37-7984-45e6-bfd9-bcb0617b8a82,5000,INR,completed,,2026-07-05T16:48:16.146Z,2026-07-05T16:48:16.146Z
1234cc6e-a60e-42c1-823e-d837b24bfdb7,tx-8ae71f9e-367a-487b-9e05-65cc540ce227,dfffab37-7984-45e6-bfd9-bcb0617b8a82,99326bcd-2ed0-4319-b6a7-a9d1ac39f1b2,187,INR,completed,,2026-07-05T16:48:16.146Z,2026-07-05T16:48:16.146Z
484922a3-192b-494f-87f1-6808d994bb31,dep-11a032d7-36be-49d2-ba6c-f9550492724b,,cc817b0a-5cde-4437-9047-eb0a6c1b8735,4000,INR,completed,,2026-07-05T16:48:16.146Z,2026-07-05T16:48:16.146Z
14c4f8b2-88b2-4b92-953f-e5df98b934c9,tx-5107f593-cc85-43c5-bcb2-1d61dca451f8,4c9659e2-39a0-491a-9392-94dfda2a7ad5,77f216ae-66bd-4d6b-9dcf-ac7ac8c779cc,245,INR,completed,,2026-07-05T16:48:16.146Z,2026-07-05T16:48:16.146Z
798fe3bf-054c-4e64-bac3-b28d1e76a994,tx-75741167-b625-4c47-b5a0-8fd919634bb0,4f64b206-7b74-44ce-b39f-89049ebd4e3f,68e8cdc4-a89c-4489-9d80-d6345ef95f59,1599,INR,completed,,2026-07-06T16:48:16.146Z,2026-07-06T16:48:16.146Z
76459d43-9df5-4d5b-b9f5-2e49be87c63c,dep-bc9e1b32-cd59-4ccf-bd90-aab0f731b53d,,2e25c793-17ff-4230-b58d-17dfcc222464,4973,INR,completed,,2026-07-06T16:48:16.146Z,2026-07-06T16:48:16.146Z
7facae9a-2288-4459-98f7-9f4fb2a8cd8d,tx-6f257035-01c6-46af-b896-251f5713de73,d53314e5-d645-464a-99cf-45ed1a35e9fd,8c25909a-227f-4d95-86a1-9033ec6e34a4,1625,INR,completed,,2026-07-06T16:48:16.146Z,2026-07-06T16:48:16.146Z
f181205e-b452-4abb-8a2b-e02f7a56ab9c,tx-fa98e973-a198-4799-9e2d-60c931d3df2c,dfffab37-7984-45e6-bfd9-bcb0617b8a82,68e8cdc4-a89c-4489-9d80-d6345ef95f59,254,INR,completed,,2026-07-06T16:48:16.146Z,2026-07-06T16:48:16.146Z
6bd1b8f5-e105-4b3d-a624-53f39b009734,tx-889289c8-632e-4633-8703-fad77754854a,4c9659e2-39a0-491a-9392-94dfda2a7ad5,8fecc2ac-282e-4044-a1dd-0ef257c60926,1535,INR,completed,,2026-07-06T16:48:16.146Z,2026-07-06T16:48:16.146Z
f3874096-f2d0-47b8-a4e7-a4b2c542f1a2,tx-079b4643-9a9b-475b-84ea-518d90bb06c1,2e25c793-17ff-4230-b58d-17dfcc222464,655846c2-aeb1-41c7-b562-4937ad6f5c8b,18000,INR,completed,,2026-07-07T16:48:16.146Z,2026-07-07T16:48:16.146Z
5171a234-d32d-4f6f-947c-641cdf8fe8b5,tx-6c8be6b3-0759-4d6d-ac42-1dce47095f0b,2e25c793-17ff-4230-b58d-17dfcc222464,8c25909a-227f-4d95-86a1-9033ec6e34a4,311,INR,completed,,2026-07-07T16:48:16.146Z,2026-07-07T16:48:16.146Z
51065f9d-3627-446f-9273-b850d7e50bd7,tx-d9cef179-5095-4d15-9e19-e0bb4d78470d,d53314e5-d645-464a-99cf-45ed1a35e9fd,8c25909a-227f-4d95-86a1-9033ec6e34a4,1711,INR,completed,,2026-07-07T16:48:16.146Z,2026-07-07T16:48:16.146Z
0132cff4-6adc-4291-9765-86db5a063160,dep-86d8ed72-0710-4420-920d-1ffa87e08711,,2e25c793-17ff-4230-b58d-17dfcc222464,5019,INR,completed,,2026-07-08T16:48:16.146Z,2026-07-08T16:48:16.146Z
dde45064-33e0-4fc5-86c4-6a42b8e876a4,dep-8a828bd7-56bc-4804-a5b2-00530defb66a,,2e25c793-17ff-4230-b58d-17dfcc222464,15844,INR,completed,,2026-07-08T16:48:16.146Z,2026-07-08T16:48:16.146Z
c0fe2399-e865-4f39-b697-52ec6d251ab8,dep-ed5b236b-b36d-4212-a163-3d3c6715b8f7,,2e25c793-17ff-4230-b58d-17dfcc222464,9684,INR,completed,,2026-07-08T16:48:16.146Z,2026-07-08T16:48:16.146Z
1142dbad-6077-40c1-83d3-a9dd0c7a4acd,tx-a379bc17-c42a-4067-a668-68757586e750,4c9659e2-39a0-491a-9392-94dfda2a7ad5,8c25909a-227f-4d95-86a1-9033ec6e34a4,363,INR,completed,,2026-07-08T16:48:16.146Z,2026-07-08T16:48:16.146Z
7871b4c2-7ede-4933-b4e9-263dc032fb80,tx-b9bd230b-4d4f-4e47-bc31-41496fbdb3c4,4f64b206-7b74-44ce-b39f-89049ebd4e3f,bcf7c323-ee7b-4313-95c0-68f74cfeb2bb,199,INR,completed,,2026-07-10T16:48:16.146Z,2026-07-10T16:48:16.146Z
ba3eb1cd-7b14-44d1-9b19-378b14af5b7f,tx-5e6c7ffd-f800-4fd5-b7b7-7257ff742cbd,4f64b206-7b74-44ce-b39f-89049ebd4e3f,8f5bd58f-2868-4aff-b5da-41454b5bb662,699,INR,completed,,2026-07-10T16:48:16.146Z,2026-07-10T16:48:16.146Z
6aa38d0a-f868-42e3-bb74-15cef7574e6e,dep-05de7c8e-8444-48ea-8eca-eb9d02576aff,,2e25c793-17ff-4230-b58d-17dfcc222464,15616,INR,completed,,2026-07-10T16:48:16.146Z,2026-07-10T16:48:16.146Z
4be2eb3d-022d-4e1c-9b11-e7d089c4078a,dep-473baf0a-bc62-4ccf-aed7-82e7f7e18ed1,,2e25c793-17ff-4230-b58d-17dfcc222464,4974,INR,completed,,2026-07-10T16:48:16.146Z,2026-07-10T16:48:16.146Z
1ac9bcf4-fcf4-49c7-a27d-be6fb26af65f,tx-30915ca8-fad6-4292-9e50-d29beec34f3b,4c9659e2-39a0-491a-9392-94dfda2a7ad5,77f216ae-66bd-4d6b-9dcf-ac7ac8c779cc,150,INR,completed,,2026-07-10T16:48:16.146Z,2026-07-10T16:48:16.146Z
b434b2b1-9271-4cc7-957c-c174f79d6ec5,tx-19e99dc8-cabc-4b4e-8847-cb2d48343b2b,4f64b206-7b74-44ce-b39f-89049ebd4e3f,8fecc2ac-282e-4044-a1dd-0ef257c60926,2521,INR,completed,,2026-07-11T16:48:16.146Z,2026-07-11T16:48:16.146Z
1443c0e3-6127-413f-84d3-3196e1b303a0,tx-575c4452-6021-4bc7-aabe-7af0dd95d03f,4f64b206-7b74-44ce-b39f-89049ebd4e3f,99326bcd-2ed0-4319-b6a7-a9d1ac39f1b2,734,INR,completed,,2026-07-11T16:48:16.146Z,2026-07-11T16:48:16.146Z
18263c2d-9375-4f3a-b6cd-552ce32d91c7,dep-f6c516bd-dc17-4166-a25c-e779f26edf1d,,2e25c793-17ff-4230-b58d-17dfcc222464,14336,INR,completed,,2026-07-11T16:48:16.146Z,2026-07-11T16:48:16.146Z
ab67879b-67d1-4f4e-8825-a44cdb8eaedd,dep-b017e17f-ae43-4f52-aa8b-25c87d143cee,,2e25c793-17ff-4230-b58d-17dfcc222464,11493,INR,completed,,2026-07-11T16:48:16.146Z,2026-07-11T16:48:16.146Z
de0aa1de-affc-45ad-af27-a8ea4c4600e6,tx-3ed227ac-4ceb-498b-84ca-991ab1a178a2,4c9659e2-39a0-491a-9392-94dfda2a7ad5,99326bcd-2ed0-4319-b6a7-a9d1ac39f1b2,522,INR,completed,,2026-07-11T16:48:16.146Z,2026-07-11T16:48:16.146Z
a60b736e-84ea-4caf-af23-259809f46ba0,dep-491f1dd7-7bd6-400f-96e0-3127646f8f37,,2e25c793-17ff-4230-b58d-17dfcc222464,6284,INR,completed,,2026-07-12T16:48:16.146Z,2026-07-12T16:48:16.146Z
8937d886-3015-45f6-b27d-cec54c65af68,dep-5bd3ed20-9801-462b-a481-d3e2120eb5ee,,2e25c793-17ff-4230-b58d-17dfcc222464,7115,INR,completed,,2026-07-12T16:48:16.146Z,2026-07-12T16:48:16.146Z
ecda3041-8e15-4610-9c6d-0cb6dfd40137,tx-f50ec024-6058-4506-b03c-de280c18cb11,2e25c793-17ff-4230-b58d-17dfcc222464,8c25909a-227f-4d95-86a1-9033ec6e34a4,633,INR,completed,,2026-07-12T16:48:16.146Z,2026-07-12T16:48:16.146Z
45154dca-bc66-427f-87da-bd22e049d220,dep-e29db698-d15a-47fb-a3b3-fc5ad2162fdb,,dfffab37-7984-45e6-bfd9-bcb0617b8a82,5000,INR,completed,,2026-07-12T16:48:16.146Z,2026-07-12T16:48:16.146Z
03a04d2c-09ee-4d43-90db-9b6e4e631abb,dep-b34d8930-7ec9-4977-a3ef-d756f236b7a3,,cc817b0a-5cde-4437-9047-eb0a6c1b8735,4000,INR,completed,,2026-07-12T16:48:16.146Z,2026-07-12T16:48:16.146Z
2e8821bd-0532-42a6-9c47-bfdcc07926ec,tx-55d8b3bd-c08f-4127-8a8f-f4c4618539bb,4c9659e2-39a0-491a-9392-94dfda2a7ad5,a56c78df-bd12-4093-8857-edaaef0c6ac6,8000,INR,completed,,2026-07-12T16:48:16.146Z,2026-07-12T16:48:16.146Z
11c5f084-64ec-4efa-9857-6fd873dd4e0f,tx-ca8c85e2-66d2-4562-b3c3-f5993ae2d005,4f64b206-7b74-44ce-b39f-89049ebd4e3f,68e8cdc4-a89c-4489-9d80-d6345ef95f59,3604,INR,completed,,2026-07-13T16:48:16.146Z,2026-07-13T16:48:16.146Z
4c205feb-e71c-4758-a1b0-f3ebefc0999c,dep-e3059101-17bc-4c61-8c7e-a75ba881d42c,,2e25c793-17ff-4230-b58d-17dfcc222464,13692,INR,completed,,2026-07-13T16:48:16.146Z,2026-07-13T16:48:16.146Z
661943e4-20d3-4602-98da-78c3a6b9cbef,tx-bbbc8f9d-8202-49c2-a682-bf99bee355a7,2e25c793-17ff-4230-b58d-17dfcc222464,68e8cdc4-a89c-4489-9d80-d6345ef95f59,2427,INR,completed,,2026-07-13T16:48:16.146Z,2026-07-13T16:48:16.146Z
f0d0b201-da38-4722-bf1d-9629c7e99029,tx-40ce4926-7d63-42b1-a98b-c18d48e66162,dfffab37-7984-45e6-bfd9-bcb0617b8a82,cc817b0a-5cde-4437-9047-eb0a6c1b8735,195,INR,completed,,2026-07-13T16:48:16.146Z,2026-07-13T16:48:16.146Z
e4f21411-05c1-4570-b999-b28d45f5eb25,tx-04520348-f26f-4671-b305-5ff346c9f2a3,4f64b206-7b74-44ce-b39f-89049ebd4e3f,99326bcd-2ed0-4319-b6a7-a9d1ac39f1b2,639,INR,completed,,2026-07-14T16:48:16.146Z,2026-07-14T16:48:16.146Z
43b7beb8-b108-426d-adc7-7b643ddad515,dep-ac144a81-b5c0-4ef7-8e2e-ba7107ab00eb,,2e25c793-17ff-4230-b58d-17dfcc222464,14830,INR,completed,,2026-07-14T16:48:16.146Z,2026-07-14T16:48:16.146Z
95b7588f-8c7e-4be4-a0dd-c0747e167b9c,dep-ee406e14-df39-4645-ad5f-7250de464e71,,2e25c793-17ff-4230-b58d-17dfcc222464,10691,INR,completed,,2026-07-14T16:48:16.146Z,2026-07-14T16:48:16.146Z
74dfe362-71b3-4c63-a68e-e8c75d7e8bf0,tx-9d67f198-6492-4257-9b6f-a8f620e7a224,d53314e5-d645-464a-99cf-45ed1a35e9fd,99326bcd-2ed0-4319-b6a7-a9d1ac39f1b2,605,INR,completed,,2026-07-14T16:48:16.146Z,2026-07-14T16:48:16.146Z
f2f44f5b-171f-4047-9dc3-0ac70762f685,tx-67fc590c-fc75-4815-8ee9-e88a657edc9c,4c9659e2-39a0-491a-9392-94dfda2a7ad5,99326bcd-2ed0-4319-b6a7-a9d1ac39f1b2,316,INR,completed,,2026-07-14T16:48:16.146Z,2026-07-14T16:48:16.146Z
f6fc01d8-8c5c-4617-bcdc-537554078022,tx-b936fa0a-8e27-4b82-945d-87e9603e8f2f,4f64b206-7b74-44ce-b39f-89049ebd4e3f,77f216ae-66bd-4d6b-9dcf-ac7ac8c779cc,265,INR,completed,,2026-07-15T16:48:16.146Z,2026-07-15T16:48:16.146Z
b096ad94-21c1-47d3-ad08-c7ca29e87702,dep-af1d7476-5549-4108-b87f-2bef3b346ac5,,2e25c793-17ff-4230-b58d-17dfcc222464,17085,INR,completed,,2026-07-15T16:48:16.146Z,2026-07-15T16:48:16.146Z
2d4eacc8-c3d8-489f-99eb-01a195277d4c,tx-15ad9ca6-72cf-4f38-98a2-7d58350f3cdb,2e25c793-17ff-4230-b58d-17dfcc222464,78d754c3-7421-45c6-af19-62af10c7d7a7,42818,INR,completed,,2026-07-15T16:48:16.146Z,2026-07-15T16:48:16.146Z
2174d321-948c-4cf5-b175-7c76c7c9374d,tx-036b98c8-dd59-4953-9b10-e74087d68620,2e25c793-17ff-4230-b58d-17dfcc222464,77f216ae-66bd-4d6b-9dcf-ac7ac8c779cc,905,INR,completed,,2026-07-15T16:48:16.146Z,2026-07-15T16:48:16.146Z
066b9cb9-7286-40e1-b9e3-57ff5acd9a12,tx-436a3c84-737c-41c5-860e-5a9d76617a5d,d53314e5-d645-464a-99cf-45ed1a35e9fd,77f216ae-66bd-4d6b-9dcf-ac7ac8c779cc,359,INR,completed,,2026-07-15T16:48:16.146Z,2026-07-15T16:48:16.146Z
0be5b866-a920-469c-8fe0-4057b7925b68,tx-98a7ecb7-5808-4da5-a57d-7a2a67f24889,dfffab37-7984-45e6-bfd9-bcb0617b8a82,99326bcd-2ed0-4319-b6a7-a9d1ac39f1b2,339,INR,completed,,2026-07-15T16:48:16.146Z,2026-07-15T16:48:16.146Z
52de2cfc-11ff-43d4-91e3-43820ead1db5,tx-c8119859-98fc-4a6a-97c3-ee7d8205ce78,4c9659e2-39a0-491a-9392-94dfda2a7ad5,68e8cdc4-a89c-4489-9d80-d6345ef95f59,2415,INR,completed,,2026-07-15T16:48:16.146Z,2026-07-15T16:48:16.146Z
fef0468a-a87d-47e3-90b8-5f80d307497e,tx-29a6a275-30d2-4439-874b-2f381915c6a9,dfffab37-7984-45e6-bfd9-bcb0617b8a82,77f216ae-66bd-4d6b-9dcf-ac7ac8c779cc,277,INR,completed,,2026-07-16T16:48:16.146Z,2026-07-16T16:48:16.146Z
63ad21e4-51ac-46a1-a489-c3fb13bf14e3,tx-9b8be13a-5ee5-4548-94dc-798c3b27ad8d,4c9659e2-39a0-491a-9392-94dfda2a7ad5,77f216ae-66bd-4d6b-9dcf-ac7ac8c779cc,279,INR,completed,,2026-07-16T16:48:16.146Z,2026-07-16T16:48:16.146Z
14b16139-7f29-461b-b218-5b01190b6dc5,dep-62e9d704-41d3-499a-817f-1d865aeb7597,,2e25c793-17ff-4230-b58d-17dfcc222464,11813,INR,completed,,2026-07-17T16:48:16.146Z,2026-07-17T16:48:16.146Z
730f2461-7507-4aa1-b18f-e875a5eaf28e,dep-4a1aa3b9-f236-4cf4-8f2e-bbc96cb4e8c5,,2e25c793-17ff-4230-b58d-17dfcc222464,5248,INR,completed,,2026-07-17T16:48:16.146Z,2026-07-17T16:48:16.146Z
6ac4734b-959b-40e0-888b-0a94dbad00e8,tx-9f6a0243-c532-4e52-b4a4-57c190fb3c20,4c9659e2-39a0-491a-9392-94dfda2a7ad5,99326bcd-2ed0-4319-b6a7-a9d1ac39f1b2,463,INR,completed,,2026-07-17T16:48:16.146Z,2026-07-17T16:48:16.146Z
16f60095-49ad-4e38-8384-7db049767e03,tx-99121af1-ab34-44d1-ae69-e5154ba662ca,4f64b206-7b74-44ce-b39f-89049ebd4e3f,8fecc2ac-282e-4044-a1dd-0ef257c60926,3036,INR,completed,,2026-07-18T16:48:16.146Z,2026-07-18T16:48:16.146Z
080cb4c1-6c05-4f0b-8b6d-c3c78c18fb43,tx-85f1a0fe-b624-46be-b389-061284d021ac,4f64b206-7b74-44ce-b39f-89049ebd4e3f,77f216ae-66bd-4d6b-9dcf-ac7ac8c779cc,185,INR,completed,,2026-07-18T16:48:16.146Z,2026-07-18T16:48:16.146Z
b4e70d0f-e276-42a3-9901-7666dad3c771,dep-e0c04c1d-2c1c-4639-971e-135696247eac,,2e25c793-17ff-4230-b58d-17dfcc222464,6165,INR,completed,,2026-07-18T16:48:16.146Z,2026-07-18T16:48:16.146Z
864e5bbd-6bf9-4416-9795-077b63f8f010,dep-5f401ab3-b5ce-447a-9944-d5aa40d443dd,,2e25c793-17ff-4230-b58d-17dfcc222464,10976,INR,completed,,2026-07-18T16:48:16.146Z,2026-07-18T16:48:16.146Z
2733b58f-9f10-448d-b81f-961050ece624,tx-87029d97-6dd8-4b82-a630-1556b60f84a3,4c9659e2-39a0-491a-9392-94dfda2a7ad5,8c25909a-227f-4d95-86a1-9033ec6e34a4,407,INR,completed,,2026-07-18T16:48:16.146Z,2026-07-18T16:48:16.146Z
31e1222c-72d7-4bcf-a573-4740fe742c2d,dep-f4366ce6-d55c-4243-9149-173edfc29faa,,2e25c793-17ff-4230-b58d-17dfcc222464,16233,INR,completed,,2026-07-19T16:48:16.146Z,2026-07-19T16:48:16.146Z
0f08e15d-0c8e-4366-903a-1f18bdfa5e80,tx-cd27eb56-c7fa-4df6-9010-5b97bd0056fd,2e25c793-17ff-4230-b58d-17dfcc222464,8c25909a-227f-4d95-86a1-9033ec6e34a4,234,INR,completed,,2026-07-19T16:48:16.146Z,2026-07-19T16:48:16.146Z
d038ee06-8311-403b-9e95-b8c7cf1338fb,dep-e793cab1-5e43-48b3-b8b0-1445fc4018ac,,dfffab37-7984-45e6-bfd9-bcb0617b8a82,5000,INR,completed,,2026-07-19T16:48:16.146Z,2026-07-19T16:48:16.146Z
45262c0c-5dfc-47ad-b076-a53cebc50623,tx-742ae035-fb5c-48e2-969c-17c93189bcb8,dfffab37-7984-45e6-bfd9-bcb0617b8a82,cc817b0a-5cde-4437-9047-eb0a6c1b8735,50,INR,completed,,2026-07-19T16:48:16.146Z,2026-07-19T16:48:16.146Z
6895b934-3e8d-4ce3-9b54-cadb6a7b761b,dep-3fd2bc3b-b2f8-4381-8918-e1eede380422,,cc817b0a-5cde-4437-9047-eb0a6c1b8735,4000,INR,completed,,2026-07-19T16:48:16.146Z,2026-07-19T16:48:16.146Z
fde0a973-13e1-4d61-9a50-5ccb08a0591d,dep-cc39e0ef-d7d0-41c7-bdcf-bc355a55815f,,2e25c793-17ff-4230-b58d-17dfcc222464,13300,INR,completed,,2026-07-20T16:48:16.146Z,2026-07-20T16:48:16.146Z
da73484f-bae4-4153-83e5-0ac1581c7263,tx-28493629-cbb7-47e3-9336-7f6ac3992e6a,4c9659e2-39a0-491a-9392-94dfda2a7ad5,99326bcd-2ed0-4319-b6a7-a9d1ac39f1b2,356,INR,completed,,2026-07-20T16:48:16.146Z,2026-07-20T16:48:16.146Z
8ef31b97-96f7-4535-a649-1b5de84627c2,tx-6fca0212-4360-4a7d-a056-0d006dbd64e3,4f64b206-7b74-44ce-b39f-89049ebd4e3f,99326bcd-2ed0-4319-b6a7-a9d1ac39f1b2,427,INR,completed,,2026-07-21T16:48:16.146Z,2026-07-21T16:48:16.146Z
8c6f9c20-d1e8-4628-9ea4-04f512b50e0d,dep-9d2cd24a-12b5-4f37-ae13-8dccda715051,,2e25c793-17ff-4230-b58d-17dfcc222464,17991,INR,completed,,2026-07-21T16:48:16.146Z,2026-07-21T16:48:16.146Z
ee0499b4-307e-4f3d-8432-c6533a988684,dep-8cb2e002-cdfe-4d87-8ee3-b636028f0ebf,,2e25c793-17ff-4230-b58d-17dfcc222464,16613,INR,completed,,2026-07-21T16:48:16.146Z,2026-07-21T16:48:16.146Z
36cbc924-f42b-43a9-8493-f3ee7aed319c,tx-3ad6dc84-e65d-4665-94f6-26aa133620ea,2e25c793-17ff-4230-b58d-17dfcc222464,68e8cdc4-a89c-4489-9d80-d6345ef95f59,1859,INR,completed,,2026-07-21T16:48:16.146Z,2026-07-21T16:48:16.146Z
d63a7028-4fb7-43a2-af4f-0293f72c6e71,tx-2026cff3-c193-419b-85a1-719fa943eca7,d53314e5-d645-464a-99cf-45ed1a35e9fd,77f216ae-66bd-4d6b-9dcf-ac7ac8c779cc,459,INR,completed,,2026-07-21T16:48:16.146Z,2026-07-21T16:48:16.146Z
e92eb0e1-4dc5-4000-b7da-277cc7c939c5,tx-e59c489e-b5a7-47a7-949c-e5a03cfaca57,dfffab37-7984-45e6-bfd9-bcb0617b8a82,68e8cdc4-a89c-4489-9d80-d6345ef95f59,622,INR,completed,,2026-07-21T16:48:16.146Z,2026-07-21T16:48:16.146Z
c075c7e4-3279-4c36-9243-af2760ab4e6d,tx-d5a51ce8-565b-43e5-9812-a0f7ec76bbdb,4f64b206-7b74-44ce-b39f-89049ebd4e3f,68e8cdc4-a89c-4489-9d80-d6345ef95f59,1515,INR,completed,,2026-07-22T16:48:16.146Z,2026-07-22T16:48:16.146Z
75eb51c7-d190-4864-bcec-600610e27b7d,tx-33fbb690-d37a-4dc3-945b-49c101d133d3,cc817b0a-5cde-4437-9047-eb0a6c1b8735,68e8cdc4-a89c-4489-9d80-d6345ef95f59,414,INR,completed,,2026-07-22T16:48:16.146Z,2026-07-22T16:48:16.146Z
a673411e-73e7-45e3-88f7-b3f8dcc7e450,tx-a097ee07-f418-4680-9f12-b82b1c615bb9,4c9659e2-39a0-491a-9392-94dfda2a7ad5,8c25909a-227f-4d95-86a1-9033ec6e34a4,345,INR,completed,,2026-07-22T16:48:16.146Z,2026-07-22T16:48:16.146Z
6f1b7e5a-98cc-41d0-b44b-5bf4f1b0c496,tx-4566ba41-dec7-4956-b393-927fb567ff72,4f64b206-7b74-44ce-b39f-89049ebd4e3f,77f216ae-66bd-4d6b-9dcf-ac7ac8c779cc,465,INR,completed,,2026-07-23T16:48:16.146Z,2026-07-23T16:48:16.146Z
e4e4911e-2d9b-4708-b237-d8b01042191d,dep-95f726d3-b9c9-4134-8b1a-ec9cb8ef50c1,,2e25c793-17ff-4230-b58d-17dfcc222464,12506,INR,completed,,2026-07-23T16:48:16.146Z,2026-07-23T16:48:16.146Z
76c0c53f-e64c-4c2c-9a42-2d766144d84a,dep-b9a2c4e0-1931-4884-a1c8-34e4ccf03cad,,2e25c793-17ff-4230-b58d-17dfcc222464,6263,INR,completed,,2026-07-23T16:48:16.146Z,2026-07-23T16:48:16.146Z
8b4e27bc-7650-4d51-a38d-31b05595832a,tx-18eabd7c-6586-47b3-b2a1-d978dffefc2e,d53314e5-d645-464a-99cf-45ed1a35e9fd,99326bcd-2ed0-4319-b6a7-a9d1ac39f1b2,656,INR,completed,,2026-07-23T16:48:16.146Z,2026-07-23T16:48:16.146Z
59ba0db1-6bab-462d-ab91-1394bd365f80,tx-5d81c2ba-1508-4e54-ab36-08c0966bfb23,dfffab37-7984-45e6-bfd9-bcb0617b8a82,99326bcd-2ed0-4319-b6a7-a9d1ac39f1b2,236,INR,completed,,2026-07-23T16:48:16.146Z,2026-07-23T16:48:16.146Z
f133b32b-4b9e-4a8c-b583-16a2364c9924,tx-46104873-901a-40e6-b550-cd0519a8c828,cc817b0a-5cde-4437-9047-eb0a6c1b8735,dfffab37-7984-45e6-bfd9-bcb0617b8a82,130,INR,completed,,2026-07-23T16:48:16.146Z,2026-07-23T16:48:16.146Z
944d3aea-2643-4330-95d8-43ab46b1fd1c,tx-5a75db02-6349-494f-99b5-469403ef5b5e,4c9659e2-39a0-491a-9392-94dfda2a7ad5,77f216ae-66bd-4d6b-9dcf-ac7ac8c779cc,137,INR,completed,,2026-07-23T16:48:16.146Z,2026-07-23T16:48:16.146Z
6cbfaaca-832c-4dea-8a99-061458a6579c,tx-92ee39cf-e08f-4794-8399-d04521afb83e,4f64b206-7b74-44ce-b39f-89049ebd4e3f,99326bcd-2ed0-4319-b6a7-a9d1ac39f1b2,449,INR,completed,,2026-07-24T16:48:16.146Z,2026-07-24T16:48:16.146Z
1782d3a9-dbf4-4c9b-b173-ae25985dc0da,dep-b6b83c56-281e-42d7-80b8-aa7fe7683b05,,2e25c793-17ff-4230-b58d-17dfcc222464,7217,INR,completed,,2026-07-24T16:48:16.146Z,2026-07-24T16:48:16.146Z
d4a766f3-6080-481a-8337-e9167762d92f,tx-b46596df-c5b6-415b-93ff-f699eb53c6a1,cc817b0a-5cde-4437-9047-eb0a6c1b8735,99326bcd-2ed0-4319-b6a7-a9d1ac39f1b2,182,INR,completed,,2026-07-24T16:48:16.146Z,2026-07-24T16:48:16.146Z
4b6e060b-c6ec-4c91-a6f3-1848beb18b4e,dep-e9518827-2cc3-41b3-bef9-84b3517865bc,,4c9659e2-39a0-491a-9392-94dfda2a7ad5,34579,INR,completed,,2026-07-24T16:48:16.146Z,2026-07-24T16:48:16.146Z
e45c2dc8-5a08-46bb-afa6-9d0ca354eeb6,tx-0541c915-6b99-405a-8e01-d3b0a43912fe,4f64b206-7b74-44ce-b39f-89049ebd4e3f,8fecc2ac-282e-4044-a1dd-0ef257c60926,2969,INR,completed,,2026-07-25T16:48:16.146Z,2026-07-25T16:48:16.146Z
0b7448f3-7c1c-46ef-9ada-333395ec1ac1,tx-46d3bbd7-69a2-4fe3-8419-c7de197ea3e6,2e25c793-17ff-4230-b58d-17dfcc222464,78d754c3-7421-45c6-af19-62af10c7d7a7,61614,INR,completed,,2026-07-25T16:48:16.146Z,2026-07-25T16:48:16.146Z
ca1fe02c-44f5-47ae-b698-4029aa5e000e,tx-1cece193-3ca6-4449-941c-f7ca0e3d2ef6,2e25c793-17ff-4230-b58d-17dfcc222464,77f216ae-66bd-4d6b-9dcf-ac7ac8c779cc,708,INR,completed,,2026-07-25T16:48:16.146Z,2026-07-25T16:48:16.146Z
f23bc518-7ea8-4011-9b4e-91d9916702bd,dep-db323830-0746-4cbc-8cd8-e568e4ded682,,2e25c793-17ff-4230-b58d-17dfcc222464,35.4,INR,completed,,2026-07-25T16:48:16.146Z,2026-07-25T16:48:16.146Z
108029d9-9bd7-4288-861d-825b0e07c4ab,tx-2e1022f0-0e8b-4412-a60b-0ef9a9ecc4df,dfffab37-7984-45e6-bfd9-bcb0617b8a82,99326bcd-2ed0-4319-b6a7-a9d1ac39f1b2,336,INR,completed,,2026-07-25T16:48:16.146Z,2026-07-25T16:48:16.146Z
f1cb560c-194f-41d3-ae98-842dc279a8a4,dep-81717ec0-aa83-406d-9c07-0d2dfbad493a,,4c9659e2-39a0-491a-9392-94dfda2a7ad5,12955,INR,completed,,2026-07-25T16:48:16.146Z,2026-07-25T16:48:16.146Z
8ffabe99-e75f-4b2d-953a-cbf212d8d0f9,tx-f4906a53-369d-487d-98d5-c5f2144e2064,4f64b206-7b74-44ce-b39f-89049ebd4e3f,99326bcd-2ed0-4319-b6a7-a9d1ac39f1b2,736,INR,completed,,2026-07-26T16:48:16.146Z,2026-07-26T16:48:16.146Z
a8ad85c2-a960-4428-9a3c-c12736d3db43,dep-8ab1eafc-a879-4531-8e0f-e5a01bd4382d,,2e25c793-17ff-4230-b58d-17dfcc222464,17817,INR,completed,,2026-07-26T16:48:16.146Z,2026-07-26T16:48:16.146Z
78700a37-da5e-4e7c-b1e1-647a3ee2a915,dep-35d6189c-02b8-45cb-88c2-6fa5daa907b2,,2e25c793-17ff-4230-b58d-17dfcc222464,11099,INR,completed,,2026-07-26T16:48:16.146Z,2026-07-26T16:48:16.146Z
3c55e25b-b787-4a51-a43c-dbb9d187f798,tx-884ed1ed-1660-474a-ba85-9b33fdaabebe,d53314e5-d645-464a-99cf-45ed1a35e9fd,77f216ae-66bd-4d6b-9dcf-ac7ac8c779cc,403,INR,completed,,2026-07-26T16:48:16.146Z,2026-07-26T16:48:16.146Z
07b08663-a747-49ff-a847-1f6942a12ce4,dep-b8ba71a9-7df5-42ae-9eb3-433b2e2d7b00,,dfffab37-7984-45e6-bfd9-bcb0617b8a82,5000,INR,completed,,2026-07-26T16:48:16.146Z,2026-07-26T16:48:16.146Z
6577ce3f-e804-424a-a4c0-ffb4238212ea,dep-7c4f8968-14db-43d1-b36e-c3bc6235f1cd,,cc817b0a-5cde-4437-9047-eb0a6c1b8735,4000,INR,completed,,2026-07-26T16:48:16.146Z,2026-07-26T16:48:16.146Z
cdd9adf6-fb39-4937-a854-0fe50929ac40,tx-24349ed8-21ab-43ae-83f6-b82d22a94ed6,4c9659e2-39a0-491a-9392-94dfda2a7ad5,8c25909a-227f-4d95-86a1-9033ec6e34a4,476,INR,completed,,2026-07-26T16:48:16.146Z,2026-07-26T16:48:16.146Z